poi_id,name,category,lat,lon,address
goong_1TMIrDhstIR_vVMIt2G3nHyEaV-0boL8SL1LJrR_sOpgrFs7qH6GevytV7K3fa95fDiovzhTvNhPlrcHrXGSrUzHSBCYUqTher5IU55uInvd7J1yEqAiOnnlbUyOeCeXe,Trường Học Bình Nam,school,10.513639689000122,106.42528156774057,"Trường Học Bình Nam, Bình Tâm, Tân An, Long An"
goong_nWXQlwyNjoZsrCcqp26FoGu_dg6_QMaNaayhA4x_jcRsI75JiBltyV2vejSInRikZMl2uzdG1EBcl7ekvECB1em2Xdky4fK_XaTRbrY19aeSNT0gbuxtojWq_QDCNGvbN,Công ty cổ phần sách và thiết bị trường học Long An,school,10.536933889000068,106.41188722200008,"Công ty cổ phần sách và thiết bị trường học Long An, 39 Hai Bà Trưng, Phường 1, Tân An, Long An"
goong_nyJcbwg4U-xhJr0p_n7YD2XbZcAiu5IObf4BkOaJv4ZpPhlYkqlKQmnWFaBm2VaH0Yrw5Upluspd6hStatamtnniGeAl7JofWU79JrXtdn_Z6hVqzqQmPn3gJUq2fCOTf,Trường Học Phú Long,school,10.3403507,106.1903108,"Trường Học Phú Long, Phú Phong, Châu Thành, Tiền Giang"
goong_z-aJh0KHRiBrkFIAGbqtiGmWaCJ9sY_Xb5ZgTRqJ9Y1mr0Y0Rrmp7V7JWj5_bzbvaMh4saalMPNlrqYAYL9CyWr3LoRNGj5yja4pZTX-5j69qlUoZGY-fa4-9QjIYufRo,Trường học tân phú Hậu Nghĩa,school,10.522065,106.390583,"Trường học tân phú Hậu Nghĩa, tân phú, Phường 4, Đức Hòa, Long An"
goong_kKpkFf86mmeEqixBhQycZduhZGO2LoNFjgZpscb0W-Wrho0o4hUqlZOOxe0SvY721xL10PGRei2nFok4MqWyLrYbHSh-zSmZn6qNVQYNzg2ZOmYMVtRWTRsOxTj6DFPhn,Trường học mần non Phú Mỹ,school,10.2338703,106.2574617,"Trường học mần non Phú Mỹ, Chợ Lách, Bến Tre"
goong_YXJHtTyHhYt7m0DFHmeFZW-NajC25J2mVEhfSIJmgfF9Vpqkug3er-VRBpwq1ErvyYMJqPLhIp-VlnGIZsxOV52Kddkeseq_NYaVTR5V1hexgn0ATsxOVs2K3SDiFEv6F,"Trường Học Tiểu Học Tân Thiềng B, điểm chính",school,10.176691,106.200106,"Trường Học Tiểu Học Tân Thiềng B, điểm chính, điểm chính, ấp thanh yên, Tân Thiềng, Chợ Lách, Bến Tre"
goong_t5CWqKOVPwxo0bggqFxu3nGm7i-nX1_hcbaFG5N2epJrcZWdv3ZIuaQwrM0PsdUi8ctByvhtqTLtEi40xpl9m0kWpjTqQWEPccbWVV6NlUPxwj4UDdZVYlXKn7igDAljV,Trường học cấp 2,school,10.0980291,106.4950312,"Trường học cấp 2, Hưng Nhượng, Giồng Trôm, Bến Tre"
goong_lEeCirB0zKNqpkc2ulu683maQAW6QPnCdLZXLb96sOJrukMvu0Gk9lyrJDWLR6yIbqtcTotqvNNjbm0lM3uL66LtcfaQqR4rDbqpcSIp6iuNvkE8cvByaim24RzeKHfHK,Trà sữa Trường Học,school,10.4472998,106.3437619,"Trà sữa Trường Học, 1 Ấp Cá TT.Tân Hiệp, TT. Tân Hiệp, Châu Thành, Tiền Giang"
goong_r7C8nSWwt2552Eckt38n2GCQU7ygfH7Wd1O_qHozVI5sdMGWYt31gznS-TzqCf5LZTod5AJtVnvh4rzQitAqymmOOVwigloEJer5IXJ7tnvd7hFsIqAiOnnmsUyOeCeXe,Cầu Trường Học,school,10.4188461,106.1724875,"Cầu Trường Học, Dây Thép, Tân Hội, Cai Lậy, Tiền Giang"
goong_TbeysKueYoRosEgsvEiSylGhRAO2qEyDUWEuAYCyjYlRnXokTEiO_mWfszNYTb_pZI92F4RlgYVNOEyerVe8g2ezJwAaYIHyZaFXQ4Fxgehkm0QXtxeRgWazTDyBFvDrB,Kho Sách Thiết Bị Trường Học,school,10.529767,106.409108,"Kho Sách Thiết Bị Trường Học, 89 Đường Huỳnh Văn Nhứt, Phường 3, Thành Phố Tân An, Tỉnh Long An"
goong_uVlJa_mSconJysTdZlVmc5HXUFEWWvL7Xd7k9RrmzYMBtkFJruQdw-UazKSmWqlvsRo4PXXRgjO66o1NGdJiATUGPU0aXlLWmdLBSVZJgkJB1igZdpgaAkHeiLV2QB-vQ,Công ty cổ phần sách và thiết bị trường học Tiền Giang,school,10.3572417,106.3662648,"Công ty cổ phần sách và thiết bị trường học Tiền Giang, Lê Văn Duyệt, Phường 1, Mỹ Tho, Tiền Giang"
goong_q2fEsmE3gbU9_jAFbqGGBL1PHdfCwFqQ3aJtbyry0kkBjxnLaX4WsOlOYX9iKZo5ic50kVUGoiiJVxEv8snCeFFOcU8KEYJpArmZU64JyghSimEeCtBSSP2WwT8KCFfk7,Lộ Kênh Trường Học Ấp 2,school,10.206331,106.3761476,"Lộ Kênh Trường Học Ấp 2, Phú Nhuận, Bến Tre"
goong_Q1Z8t9e2KHFutENUv2q790C0RTW_X43VfYpP0UacC6uoypkNXkwOd7Eh1d7mTuSzcOgxCrJNcX6N6jVgzzAKvq52mlBWmappFQ7VwV5VllfxQj3K8owMDlVincYWVAu7V,Công ty Cổ Phần Sách - Thiết Bị Trường Học Long An,school,10.5369248,106.4119955,"Công ty Cổ Phần Sách - Thiết Bị Trường Học Long An, 39 Hai Bà Trưng, Phường 1, Tân An, Long An"
goong_5EfuqSkdUkl15s7phowy-uW2hWXC5Ukaccol_b5g1nLm8d0UH0hbr-NWPdwWiVnDUpo94rm0RXHTYiE0GuVGqonSja2KWUr7vdLBGYJAGkPl1ilUGpi2AkHeiXQeQKevQ,368 Trường Học Bình Nam,school,10.5134338,106.4227436,"368 Trường Học Bình Nam, xã Bình Tâm, Châu Thành, Long An, Vietnam"
goong_vYigcJGWH2FHvWo_cbq30XOhdj5wbr_uKHVXQaBz4uiJEX4qrF3rkEGgbVdcW6_BeNWRuF9bV9Z7i0_urGGJ1HGPTXFOnmZ1idbFHU6_vkfh0i1QHpweBkXajXCyRBurR,376 ấp Trường Học Bình Nam,school,10.5132818,106.4235295,"376 ấp Trường Học Bình Nam, Hoà Phú, Châu Thành, Long An"
goong_lQem1Jc6XYBBsHILul1nkXXXSVN0BYjslrx_UnRdmIxxnnAGoUXj1XGxYz2nuQbJcSSlFrJeQjMh5LEUplnGY9nSgSlSWXOPudLBGUpBgkPl1ilUGpryAkHcGXS2QouvQ,Bệnh viện đa khoa trung tâm Tiền Giang,hospital,10.355091000000073,106.36458600000009,"Bệnh viện đa khoa trung tâm Tiền Giang, 2 Hùng Vương, Phường 1, Mỹ Tho, Tiền Giang"
goong_8oDZC80H0rIdhjlW2iHL7Q32pc4fIYLJk35hzAqkVgGBgmFZGhWL_F1CeWTyxcaLAZ8VwALZjjIJpo2cgsG85TX3F_pCsFQNdZLJWQqBwgOllmkUWthaQgGeyTT2AF_vA,Bệnh viện phụ sản Tiền Giang,hospital,10.35681100000005,106.36424100000005,"Bệnh viện phụ sản Tiền Giang, 4-4A Hùng Vương, Phường 1, Mỹ Tho, Tiền Giang"
goong_UnhcEY2m0aN1iFx1o12r7zbVbXS4cJrYdaJ2E3G7kclG1n4oWAajk3eOO1CUBTqe4b9V2KIlclLi9c1wgomHqyLHWYlS7B5HYdbFHU5Fhkfh0mVwHpweBi3aRVCyRBurR,Bệnh viện Đa khoa huyện Chợ Gạo,hospital,10.353400676000035,106.44931190000005,"Bệnh viện Đa khoa huyện Chợ Gạo, Quốc Lộ 50, Long Bình Điền, Chợ Gạo, Tiền Giang"
goong_FqNvmCdCYEZ-onuzAHKy92mzLodHcaLzfLF8qh5MtoNXjlWIwHCrgFChfLcmFYz_YaxJqRlg_4RpsE2zBk2u-la8Z_tdhoTIZKBWZGVwgOmAmkCW2PRaQgGeyTYA5qRfA,Bệnh viện Nguyễn Đình Chiểu,hospital,10.23867926400004,106.36772479600006,"Bệnh viện Nguyễn Đình Chiểu, 109 Đoàn Hoàng Minh, Phường 5, Bến Tre, Bến Tre"
goong_hIQamoR3vqJUm00brXSt4mA9f5u38ZrbZeUdZRbRItuRVmlEHr2S-wWWKTUm1dpj7ZqQFVbFInO15wklAghGMoVSoQkNga7Lmg6RSRoF0YKhh7UESshKUnmO2STmEE__E,Bệnh viện Đa khoa Long An,hospital,10.531694066000057,106.42630282400006,"Bệnh viện Đa khoa Long An, 211 Nguyễn Thông, Phường 3, Tân An, Long An"
goong_mQ1ZDLVluXx5u2wpsnmhnn2yNTuaaqjBcb1sPJwirZtKqXR7mD-sn3-Bb16wa4fke4FOIal8lJgP3WsUslKhf-zcZ1adV5hyf7tct5trm_KTTV6BrQ2LfpupViabDODNb,Bệnh viện Đa khoa Khu vực Cai Lậy,hospital,10.404941174000044,106.12952469000004,"Bệnh viện Đa khoa Khu vực Cai Lậy, Quốc Lộ 1A cũ, Khu phố 1, Phường 4, Cai Lậy, Tiền Giang"
goong_ryWumFt8sZB5lk2fWWrj0GWqa5-xKeBrHerRrgF4NmOp4gE6dfA_nmi2pf2UYDrrYf91orjh7lJpxu3-oG3eI5njdRapVZevBDbhaTg5omPF9gl20qg6ImH-uVZghD-PY,Bệnh viện Anh Đức,hospital,10.355830231000027,106.36609471600008,"Bệnh viện Anh Đức, 6 Thủ Khoa Huân, Phường 1, Mỹ Tho, Tiền Giang"
goong_R22kcqSLfSdEK7tRk4tE6HdyihyTYOGRb4pPmqdfih10jTzNo22e7nCwRzWlvo7udQdiEl-KmdtFnHY9aWKe-pSiQy2kc7PZdrJEUJJikvt3iFcEpASCknWgXy-SBeUnS,Bệnh viện Đa khoa Thành phố Mỹ Tho,hospital,10.36454761400006,106.36446333100008,"Bệnh viện Đa khoa Thành phố Mỹ Tho, 57 Hùng Vương, Phường 7, Mỹ Tho, Tiền Giang"
goong_a7_PXnhpXVF0uE03uEL6w3W5gCi5bJhnQajhDL5ZptJeqDFBpB-U7l9FoQbNVY30XwiIS4lFg4MxipFEWvmj7-m-rZxG7vrLVbKheSnqIiOFtkk0evh6YiG-6RTWIH_PI,Bệnh viện đa khoa huyện Châu Thành,hospital,10.446398283000065,106.34203156800004,"Bệnh viện đa khoa huyện Châu Thành, 175 Quốc Lộ 1A, Tân Hiệp, Châu Thành, Tiền Giang"
goong_oUR9aYvxvL9pvicbu36V-XG9UBa4Yo6OWstpKb8YlY5tI5MUpH2mbXGxYk-Ry_Z_b5d-PL5yt9RwynoCvUCKxDS-WGu7QI3KLa1QT41bjeRo1hUgbuxudl2qNQDCNGvbN,Bệnh viện lao phổi Bến Tre,hospital,10.268265764000034,106.39199137800006,"Bệnh viện lao phổi Bến Tre, Hữu Định, Châu Thành, Bến Tre"
goong_mgysrAWaqCd9u1MVsGW0n02ESzecaunzS6tqFKdRiZ9z32MJerQ64wH2qbVetDZrKZ4ABRyMPhuNzpmmqPHio0meqQz5-U6DeqrpMtn5qmvN_s1-SeqxYgH2KV5oMDeHa,Bệnh viện Sản Nhi Long An,hospital,10.520212851000053,106.42059045200006,"Bệnh viện Sản Nhi Long An, 136C Tỉnh Lộ 827A, Phường 7, Tân An, Long An"
goong_Qan-6Lv3pU5zU3gltXScd3O2n1KnkpdwR6RKVqZeuZNG0TgYvGXskHO2cDqSAJv_d75eoRddLu5quVGOklui1UeIOFK9Z-laRc7fcVZdnl0FyjVIBoQGHl3ClWiqXAOzX,Bệnh viện Đa khoa Cù Lao Minh,hospital,10.121814947000075,106.31385398700007,"Bệnh viện Đa khoa Cù Lao Minh, Quốc Lộ 57, Tân Hội, Mỏ Cày Nam, Bến Tre"
goong_bLdcbnp6e5aokEtdmX_l1mOsbV-ZfobBfLJtHLcLnux-hkhYmwnh6nuAW1qvb7zeedtuHqh9kpx3vXk-rnGO4KjbQ1NjJ-3HsqwdC36enve-hFIsISAiOnnmsUyOeCeXe,Bệnh viện Đa khoa Tân Phước,hospital,10.475537638000048,106.19206401600007,"Bệnh viện Đa khoa Tân Phước, Tỉnh Lộ 865, Mỹ Phước, Tân Phước, Tiền Giang"
goong_FrJ-aayAYKtSmSoggcaA6GlhXmSqYrLFTcRGabdKjOE5x0VNiHCuqTSsdzHfcqufYqNJBL1Lqch9mm8PgBahglCfewGpcvuEZKBWQoBwgOllmkUWthaQgGe2CTT2yF_vA,Bệnh viện Đa khoa Thủ Thừa,hospital,10.60511817400004,106.40618278100004,"Bệnh viện Đa khoa Thủ Thừa, Thủ Thừa, Thủ Thừa, Long An"
goong_FymYqYc3RXd8up0qprF7f0i5-F0hk5hBTqucfFlRtjeo3tC0s2rjSXpJ8LidD5RReIHhGK1Stl5lrnKhcqtrnVEid012yaOZOfLjxWphomF19gpgOkA6Irn-q2CVVD-NV,Bệnh viện Mắt Tiền Giang,hospital,10.362289782000062,106.36493473200005,"Bệnh viện Mắt Tiền Giang, 44 Phan Hiển Đạo, Phường 7, Mỹ Tho, Tiền Giang"
goong_ddsEUHWgBFhEikcQpAa87kOiRFegmrRZcLFLKqVfir5z-88rpUeovm5yOCCXo7eTdgRPJpJfnpZsnEBWoXKS23OuTyuXX42XdrJEUZK7YvukiFcEd5KCkqSgXy-USBenS,Bệnh viện Y học Cổ truyền Tiền Giang,hospital,10.356116846000077,106.36554209500008,"Bệnh viện Y học Cổ truyền Tiền Giang, 3 Thủ Khoa Huân, Phường 1, Mỹ Tho, Tiền Giang"
goong_vF3MRm9weaVOkmNMYaJHRmqFiBCi8fRaW5VWC7sch8tvukVNunqDiG7ynay-gXsDgaZV0SLUeh9Fsub1JcECLjHe5p06iQofPb7irSYt7i-JukTJOvR2bi2y5HTaLHPDL,Bệnh viện Đa khoa huyện Châu Thành,hospital,10.304329233000033,106.35968980900009,"Bệnh viện Đa khoa huyện Châu Thành, Quốc Lộ 60, Châu Thành, Châu Thành, Bến Tre"
goong_H4AXpFVF-7hvqUEHonehjV-WWSWOe4KbhWbl4BrVDm41hzb5McByliG_Nv2y5eojYJZJVdbgdlPFhtHsuNWq6wHW-USy4QbLMbKheSoh4iOFtkk0evh6YiG8xaLqIRfPI,Bệnh viện Đa khoa Vĩnh Kim,hospital,10.360069434000025,106.24617257600005,"Bệnh viện Đa khoa Vĩnh Kim, Tỉnh Lộ 876, Bình Trưng, Châu Thành, Tiền Giang"
goong_VM9EDGKkDaJCjVugsrtRvnb0aaiacFOhb4xPoI1eEfJDjF-ouWAfkGxyR7uXsI7tcE9DiqdeVvtv1Ha3lAdVl1--QrSVfVDwdrJEkpJiBPt3UiFeCpAQvknWgX-mSBSvS,Bệnh viện Đa khoa Minh Đức,hospital,10.23967680800007,106.36734499900007,"Bệnh viện Đa khoa Minh Đức, 333D Đoàn Hoàng Minh, Phường 5, Bến Tre, Bến Tre"
goong_7KlIP4VMeIJgwUxHsEiN96ymdDmvYm_np8MjBrVJncNspmVGgC-J7VWbWASudKONYsJcPLsTs4ZSi1wrlUi2-mSLWBmsEIZhhKVTR4V1hWFgn0ATsx9OVhWK3SDiFEv7F,Bệnh viện TWG Long An,hospital,10.519976727000028,106.42103546800007,"Bệnh viện TWG Long An, 136C Tỉnh Lộ 827A, Phường 7, Tân An, Long An"
goong_kadSvT_4YFpDiDYfpwarznOxag8suGGSeKKnJWqemZVBjr0UuFyz2WywN1yvYJ3lR48tQ5dx7tRBoVg2o5maXEetSCl12JFxorFHU3XtkWF0i1QHpweBkXYoXKORTBurR,Chợ,market,10.4540741,106.4053811,"Chợ, An Khương - An Thọ, Chợ Gạo, Tiền Giang"
goong_SgNReL2XTlZWn66rrWVngo8ynLSAaEp5haVSKLk-sf16pHtol0W572OmIUOuErn4YLZSRbF2oYBtp3xEgHX5zHmlYxm1S67PWqdjRYd3h-5inUIRsRGXh2CB1SjqHEPzH,chợ gạo,market,10.3765284,106.3438891,"chợ gạo, Phường 10, Chợ Gạo, Tiền Giang"
goong_6hiRg1c0KqnpdvFB1zRGKanSLgvaKBJp9bqZHablIhs1tz1RHjyRuj4aUfXugSWz5R5Smabw2lsxEW6tAuRS40HejcUG7SM_zbppceoociuNvkE8cvDeaim24Rx2KM_HK,Chợ Cũ Mỹ Tho,market,10.3570258,106.3756629,"Chợ Cũ Mỹ Tho, Nguyễn Huỳnh Đức, Phường 8, Mỹ Tho, Tiền Giang"
goong_meOIq8jeZaSfh2MgnkV4mbaAXTyYU2bdgLt_KrINZZyiIUW0rmpI8KKGQVVqxVLF4vdBjFn8dSXeEgUEXpVR6rrqHNh75DnymmLhOWphoVfFdgn0Org60mKp_VSWYD3zY,Chợ Gạo,market,10.367773794500067,106.43061385550004,"Chợ Gạo, Đồng Tháp"
goong_vmevYpxRm15NUYQptn6HmWJzVGRibUYyeTb5JM6JzjOZhv2BeomOmmXi_c5SbVqK1e62w46ptHLoleLx2m27i10lfQQKuULXUeLxKXpxsnKp5hnwK9VmMqnuuCiGcC-fc,Chợ Gạo,market,10.353662,106.463403,"Chợ Gạo, tt. Chợ Gạo, Chợ Gạo, Tiền Giang"
goong_tX6hrXDVn151t2CSvnUlN3FzOc2WZrEwpH1gl5B3lHdGpXgAoDO5N6GOWuhAZ4stpo1ClKW-Axi7aWfgvpitUNHQa5WRW5RVc7dB_lpnlwFyjZeXURgGHKnClWteXAOwu,Huyện Chợ Gạo,market,10.350069542000028,106.46322533200004,"Huyện Chợ Gạo, Tiền Giang"
goong_2HStcdMEc2hCi3wquSaIlm2gWheUXoORQrFGPK18g-lusG9RXmyp722zrRFkY63sdKKbUaVitXdGs5RQlGHteW2xTg2hX7rbd7NFUZNjk_q_dlYFpQWDVpYmhXuiTui6T,Chợ Chùa Hữu Định,market,10.2589586,106.4258738,"Chợ Chùa Hữu Định, Hữu Định, Châu Thành, Bến Tre"
goong_vfJOXk-Kl5t2k3eMP0Kx91uqUrxIR76LPXalWuC5rpadtiXyMTECDlWK4RbsyHrVrWrpCjhTglEZ1uG9GvWv5wm6VJbVJaI_bb6tdix17g4tukU69Nh3ii2y5RosyHPDL,Chợ cũ Phú Thuận,market,10.2747209,106.4918488,"Chợ cũ Phú Thuận, Phú Thuận, Bình Đại, Bến Tre"
goong_ZHqWk6Fed6GiQ1o-rlqA2LNDVhVGkXo-RoEM8E6Vwn-yMdmg2klqfzop2vzNeYa37PUVzBZu5k52MdV8Il1-ukbqTNRK5cqLgs3ZFUZNjkyqJdFb6pQWDBaF3Xi6TBOjT,Chợ Tân An,market,10.5388134,106.4131675,"Chợ Tân An, Phường 1, Tân An, Tân An, Long An"
goong_xQknj2h8jIy6lnsDcnOPjbygQQyybKL_Wq9joLFAjPZqAUWSvE0GM6l2gUU-MGbJo5JMqGqVulzVbykVevkC-CGuSdyqKbISiaKxaTox9y6VplkkauhrlnGu-QTGMG_fM,Chợ Cầu Kênh 14,market,10.3099553,106.5768099,"Chợ Cầu Kênh 14, Xã Vĩnh Hựu, Huyện Gò Công Tây, Tỉnh Tiền Giang"
goong_ASNgcDoVlsppjl67i1qllXREoZI2HWr3NLo1CRbkBvJ8ttloW5Geg6WmNWnebFZbkRrdgSpt3oJRzj0q-Dl2Q0X2JSqWPZJfgc7dBVZdzof5njVIBh3KXl3ClWirsAKHX,Chợ Tầm Vu,market,10.448001829000077,106.46747987700007,"Chợ Tầm Vu, Đỗ Tường Phong, Tầm Vu, Châu Thành, Long An"
goong_rniUCtvGjLV7mm8DvkGA73icayWgCePeYK1BAq1XpuZhrzY5kGm7v2Xu1TTjbJaWfdbZzCYIfUXxirEEohuuyfapOZBO8CIzUqpxKXoZsnPV5eFkKewqMnKqcUSGwC-fc,Chợ Cần Đước,market,10.5042115,106.6041167,"Chợ Cần Đước, Khu 1A, Cần Đước, Cần Đước, Long An"
goong_UGmfYamptnKsUGcOvoiQYaPCGKjq10JzgYpkmP6lJpoVknk1BhRWy8jmhfGCxck2CQ7D-LmCxSYNlx10nSmOE2XyxLkSpf5DrZKBWQrZwgOllmkUWgBaQgGeyTT2AF_vA,Chợ Thuận Đạo,market,10.62586432200004,106.48902524000005,"Chợ Thuận Đạo, Bến Lức, Bến Lức, Long An"
goong_pkK5Tq250n5uriUopWyixGm9dAy9QoSPa64hAY59j8ZuvGdLihufiljKSi3Jrf4_Wvst0NWZEtaZelXg2vodCQm-VdA6Mg7rVa69ZTW-Pj-ZqlaMZfxmfj2hKvTKPGPTP,Chợ Mỹ Tho,market,10.35728584100002,106.36804914200007,"Chợ Mỹ Tho, Võ Tánh, Phường 1, Mỹ Tho, Tiền Giang"
goong_p5dWdFx4QAZzsWYjuHOrlHeiPzGQYLfLuLNmNpZxe5Fxo341ppK_lQbVRFC6YY3udotEK6MFnpJv12FcvVTir5ni4Hm3WXZKTKLFHdXVhkfiRi6cHVJmBB3ajUyyRkerR,Chợ Đạo Thạnh,market,10.376204489000031,106.34446059500004,"Chợ Đạo Thạnh, Ấp Bắc, Phường 10, Mỹ Tho, Tiền Giang"
goong_h9lLt7BckaF8xSs0vEisymWyejtlS_r1szhLD6Jika1_hm4kq2KBZVCfYT2yWLiEZsRLD7xMr4JQn34lsliZxlGJci6ETJm9ZchXQ4FxqOhkm0QXtDxeBgWazTDyBFvrB,Chợ Tam Phước,market,10.2872704,106.3553525,"Chợ Tam Phước, Tam Phước, Châu Thành, Bến Tre"
goong_lguo9EROFGmLpFKkiM2qdsocex6OFqZo15ZdRbozqmzPuHOhibJpXvqXLmuOCK5s1ZZNerVK-2hqgEVpub6Qzo9FWLkHSvds44UZeeIgeiG2Ikk0evjWYb8i6RR-IMfNs,Chợ Bưng,market,10.4130072,106.3057253,"Chợ Bưng, Tam Hiệp, Châu Thành, Tiền Giang"
goong_gFhfgzTz94hZkE1LuUOq0m644Qr5PaPPXRbppuLV6McOkZ176thxKiJeoc0q9eLb_drlRE45oiOF2lk1Jj3emoXXPXTdsVeOObKheSoR4iOFtkk0evh5oiG-6RTWImB_I,Chợ Thanh Bình,market,10.4138107,106.4114468,"Chợ Thanh Bình, Thanh Bình, Chợ Gạo, Tiền Giang"
goong_REvpmxVhsWNRsVtGsZ-dxlFNXESyt_JMZ4HnR5iijXFrFi8zhMfyyGZxbh6wiYGhV6hXDID6hvJ9FEQDt8ez9nxLTDW2oa_oZThlcYFDgehXDF2QXt7ORgWYWTDyBrfrB,Chợ Long Định,market,10.400827983000056,106.25439742000003,"Chợ Long Định, Long Định, Châu Thành, Tiền Giang"
goong_v7yd7nF8pWmVuW4ycXe16WuZQCGTeq_RddNACqN0mfV2p2ITkPAO34kOmWBaiSCzFRbZYhaNno9Bw01xTKXSSlkOkPxS-dIWRcbVDV5Vllfxwj1ADowOFlXKnWCiVAu7V,Chợ Bình Tây,market,10.357386782000049,106.52858247000006,"Chợ Bình Tây, Thạnh Nhựt, Gò Công Tây, Tiền Giang"
goong_ua7xgoiQDlVkqK31dsUWAUkghb7SmeqrzThlrHrJqlOFmgHexslU9x098Y5ymRb76h3JVFq9RkO9ygWMsqGiq-H2AYBeyDef5eLhOWrRornzxmF0OmA6CmH-qVSWYD-PY,CĂN TIN TRƯỜNG HỌC,school,10.1935493,106.6895543,"CĂN TIN TRƯỜNG HỌC, 51 ĐT883, Bình Thới, Bình Đại, Bến Tre"
goong_J6MWg2ckI7lho3SLqmExpWWwLWOChtk6aaF0Z4Rjcq2AsWxStE6Bn1WwFEK0JfyMZJlWObEXgLl9xXMMqkr0gLWvf0FRqT4GDhcRVQYNz6pNmmUYVtRWD-GSxTj6DFMOq,Bệnh viện Lao phổi Long An,hospital,10.523034315000075,106.41415980000005,"Bệnh viện Lao phổi Long An, 319 Châu Thị Kim, Phường 7, Tân An, Long An"
goong_sOdslwsToHhKrEGpZom6u7nvaRXypGiWdS7U7ubZR2td9bQget0Xmn3awWhGZC4D1SoMyArd9lOaUr1EjrlecTeKwaFqcVZzZeLxKXpxsnPV5hlkKqqp4nHuMUSEKnK7c,Bệnh viện Nguyễn Văn Tuyên,hospital,10.513291912000057,106.50855527700008,"Bệnh viện Nguyễn Văn Tuyên, Tỉnh Lộ 833, Tân Trụ, Tân Trụ, Long An"
goong_kQqtkb1EuIFATeGaxu1yWkHTWSFKXBIntdb1-U5RcjeJwn0QHoGJ114FcrSCUB2zIKFRxcJZEjckt1XMol3CZ93WhS1WXXeLvdbFHU5FhmZF0i1QHpwf4kXanXCyjBurR,Bệnh viện Đa khoa Thành phố Gò Công,hospital,10.352541661000032,106.68410165000006,"Bệnh viện Đa khoa Thành phố Gò Công, Tỉnh Lộ 862, Phường 5, Gò Công, Tiền Giang"
goong_Y4LixUXGgxd-m2w6qnPw61WbVgevcY9n8TpstbBzrWl-BUmctBb8TmW_2x20FYt0VbJ_DqqLqmFiv1lEsdqL6mKgTjuDTqHHZ6NVQYNzg-pmFmUYVtRWTg2SxTj6DFPjD,Bệnh viện Tân Tây,hospital,10.398010241000065,106.71850074300005,"Bệnh viện Tân Tây, Tân Tây, Gò Công Đông, Tiền Giang"
goong_rFD0moN5rgt5g0wDtG6B9H2EYViYUe7HfNhAArR95vZMgjMYnG-gnXS8Nl4kQLvqStk3nbRuGe9Kq2VaeX3u232zSBNLh7tQVL3AlZ1tnV9H4h7FLqwuNnXpYryCdCubd,Chợ Gạo,market,10.3501329,106.4718415,"Chợ Gạo, Đồng Tháp"
goong_8JNm5QGloAJGpkxRdqYvctGIW4pQcnlNacI9LULqgmv58ljgkRrXlz2qkbRCnZpaRQLZAG5d07eVqplMUoAOk4WvQWyKhXLj_crZAVL9mlv9zjFMAlgCGlnGkWyuWAe3W,Chợ Mới 2,market,10.351250368000024,106.67243842800008,"Chợ Mới 2, Phường 5, Gò Công, Tiền Giang"
goong_XGIHR5JvgYtxsWoppHCRlGHUvQihcIGncGajCtRbrLhHj0wtoGKJ0XGPagiUTLjwd61EDpEFs9Uos0Rvr3HiT1wezahe7fp3odZlHU5F1kbFh-FQHp3SBkXajXCyRBurR,Chợ Mới 3,market,10.352336262000051,106.66561800800008,"Chợ Mới 3, Long Hòa, Gò Công, Tiền Giang"
goong_qk_dfppXwiZLV7oBsFedm39tQ1mcD4LmfrZ1WJ9Xhul7lE8Mq2mK3H2pPJKfDJqze6a2w514PYYjft5znHuS_E8jQF6McVunkfrpMWJpqmqx_gHoM81-KrH2oDCeaDeHa,Chợ Mới 1,market,10.355841390000023,106.66329642300008,"Chợ Mới 1, Phường 5, Gò Công, Tiền Giang"
goong_U4oM9fmruTNdalRj8YSLBWBAYk-KR4rwY6hxO45Ho6OCzl8xyGiMa7iEQ0e0HY3sbc5uR4JroM01lVoWih-61XeockmSR6aPbopcSKp6vONvkE8cmhyKim246RzfxHbzK,Chợ Mới Thành Phố Gò Công,market,10.3605904,106.6723162,"Chợ Mới Thành Phố Gò Công, Phường 1, Gò Công, Tiền Giang"
goong_SmPPYGeHenmPwF0HhmOHUKtB4cByH-5fYPqt3wLRki0quwsBFgkoJWYuYKSetTIv0VplJRLFkm8Ftpik7tE213XrCfBm2TLH-Y6dRRZd3h-5inUIRsRGXh2C1SjqHEPzH,Chợ Gò Công Mới,market,10.361025,106.672312,"Chợ Gò Công Mới, Đường Hai Bà Trưng, Phường 1, Thị Xã Gò Công, Tỉnh Tiền Giang"
goong_tnB1oJODvQU5im0skwSh0VaNeTOgY7rgObJDLypyj-Q9jEStKL-h815Zbie5nbXDTqNFNaZagNo0skMeuQVey7GydxOVlc16TRbN2m5Jjc1FWiXT6pZMFk16hdy6TBOjT,Chợ chiều cầu nổi,market,10.4567345,106.6388422,"Chợ chiều cầu nổi, Bình Đông, Gò Công, Tiền Giang"
goong_FKOArb2NZVNkY1o5qsVFOxX1ioS69YU7LaqItAIVKrYZ9r3g4smCfxIuhSkeyYo9qqppkHYZIxOWDsik_tWc6hxecSpOpfhXwZ6NVQYNzg-pmmUYVtRWTg2SxTj6DFPjD,Chợ Mới,market,10.5816679,106.5886313,"Chợ Mới, Rạch Kiến, Long Hòa, Cần Đước, Long An"
goong_wjxhdcGyantInGAit0m_-3nBYUasZI7MYras9B2WvUt2Nws48TBK4hSKze0O0Ep2AYoBnNKypmcVISKVItgX-3HZsYUCvE4XMU6VgR4V1hexAn2ITsxOVhUi3YTiFEv7F,Bệnh viện huyện Giồng Trôm,hospital,10.159797557000047,106.50213330700007,"Bệnh viện huyện Giồng Trôm, Nguyễn Thị Định, Ấp 6, Giồng Trôm, Giồng Trôm, Bến Tre"
goong_t0xznpuYUYVTYCshgLOB6WhjX0eDrxbPEaEtMF7bGjeB_cUQ1qmE43nyYZq-qoifHY2VIBUq8qMmoF24OgZ58iaBzegCoofqDZXFXQ4GbgehkF0QXt7ORgWYWTDyBrfrB,Chợ Bến,market,10.366413101000035,106.73872950900005,"Chợ Bến, Bình Ân, Gò Công Đông, Tiền Giang"
goong_cgFwoZawdn9ApV8IvNIA_3G_WyeodYjPQZ5DEJdlmt9HpzAyp2W47HKqUxIvA-iVW6ZxoTZflpWepTEbpbqOX_5aeRWg0aDecrZAVOxmlv9zjFMAoACGlnGkWyuWAQe3W,Chợ Rạch Kiến,market,10.580779472000074,106.56200082300006,"Chợ Rạch Kiến, Long Hòa, Cần Đước, Long An"
goong_uPOci6SCX75sVlcJonCSjHhfsZqhX4onQ31IkJVxluZCsTlQlG2S1EKNSx2kcqzlUdyt91a9fcvJyK3UOdrAE8KSKYVB1bYLadrJEUJJikvt3iLsEpARXknWggi-SBenS,Chợ Mỹ,market,10.5631905,106.6032736,"Chợ Mỹ, Mỹ Lệ, Cần Đước, Long An"
goong_DwLBtYF-TFtIeG65s1SvmHzeQFqeDJ_lILWwfZxUdup9l4VbqGqJ3H6BbV-uD5lLUeKXAJZ57hUxw3Uwgn3iR_32pQ5GfVepdfblP55lpmfB5g1wPr3yJmQ-rVCSZDuLZ,Chợ Kinh,market,10.494806874000062,106.66935203500009,"Chợ Kinh, Long Hựu Đông, Cần Đước, Long An"
goong_5lC1xDRVm7BOg4YFqlQXIGTdTJWYVIVaf4NqB6lUgfB4qUQ5qGuB4HO6fq8_DrDSe7g_rrNUu99IVKqRqnmVfQA_T8CfdqNLfblPW5lpmfB8g1LwPrw-JmX6rVCSZDuLZ,Chợ Tân Trụ,market,10.52151471700006,106.52208416100007,"Chợ Tân Trụ, Tân Trụ, Tân Trụ, Long An"
goong_iWZ_ZSGzaDBMx42BsnFEgkzGW6SHTQKBVsZcrKhuPshmDrVSSsHBHymBhKqOqoAfofXBut6dItIatYEivsWKo4bLHJkawTUPDZaFXgYFxF-hkm0SRtxc8gWazTPqBFjjB,Chợ Long Cang,market,10.585570400000051,106.51782900000006,"Chợ Long Cang, Long Cang, Cần Đước, Long An"
goong_vABqL6W_oXJyj1sxpFqs6J6gW1XSd51z379xQFHa8ls5B0XkvXwGklHGnMDaTAY6TaNJxJ79bitZ0tlsWcmbtz6XRZVN_AJbfcrZAupZmlv9zVFOMoACGlnGkWyuWAe3W,Chợ Tân Tây,market,10.40080610700005,106.71516949600004,"Chợ Tân Tây, Tân Tây, Gò Công Đông, Tiền Giang"
goong_eHrchQyoZBl_emEvqoOZmLMjdZKwekp7oDRX45t1ldF9tnUGnwyz0X6DYQafD6j7S4RDAZpHhtJwV7sirLa480tpMF-rdZmZfrpMWJMqsmvN_gF8MaqyKmn2oVyeaDeHa,Chợ Đào,market,10.552411000000063,106.59994700000004,"Chợ Đào, Mỹ Lệ, Cần Đước, Long An"
goong_gWZlY1A4nYJjoXahqDO7hGeyLyDGAcKfbt6N2JmthgoGthm4lthaog7PHSDu2FK_-ZptUO7MVjoJ_x3EOqEiJu2hhfUZMxvaDh01XQ2Vxgehkm0QXtxeRgUyzZjyBFvrB,Chợ Thủ Thừa,market,10.602576832000068,106.40193488800008,"Chợ Thủ Thừa, Võ Hồng Các, Thủ Thừa, Thủ Thừa, Long An"
goong_qotqk2K2OsVOr1NJY70N02SgKTlicZ_jYZolPKpKpYZjnU5Chha-g7WZeBV-qhSBtLNKLbL9nIBmxF4kZ2FCH2qqyLUd_fJPoZ6NVQYNzg-pmmUYVtRWTg2SxTj6DFPjD,Chợ Phú Mỹ,market,10.543679131000033,106.33146721000008,"Chợ Phú Mỹ, Phú Mỹ, Tân Phước, Tiền Giang"
goong_AsF9Npjt0topsn25BsWb8hWeIVx2vSo6vVphbBvkRwcZit6pAt3eFzW9IwDyteajtZJh9RbhLitxhtBNEtX2GgXo_Q7SvT4rCYkNQRIZ2hu9jnENiEBCWhmG0S7CGEf3G,Chợ hoa Tết,market,10.352721520000046,106.36393340000006,"Chợ hoa Tết, Phường 1, Mỹ Tho, Tiền Giang"
goong_Iz3-qGP-t0myQVK0Una29rrCYAKxdaGFXcJTC64QSc9luI8Gr3Rdh2a8dYwKBE5hkUq2MGq_tmypVjGU7tk-E-mCocEKETYTBYKRSRoR0hO1hnkESshKUhGO2STmEE__E,Chợ Đêm Tầm Vu,market,10.449843624000039,106.46668538900008,"Chợ Đêm Tầm Vu, Tầm Vu, Châu Thành, Long An"
goong_W6_HS2Czca18mW44qHHy6VeZVAWyc8Hza0w4jYBxnsR8YQdHtm7_gWAUegeEF4ngV7BlDKhjs9i3vWBGfRWJ6IGiTDmBqEzFZaFXQ4Gjgehkm0QXtxeRgWDaJTDyBFvqz,Bệnh viện Đa khoa huyện Ba Tri,hospital,10.041748305000056,106.59012005700004,"Bệnh viện Đa khoa huyện Ba Tri, Ba Tri, Ba Tri, Bến Tre"
goong_n2qMOvHVQq9ygf0MpWxWpl7KeDa9G2upyZZWIrFSZcduy39NiG2Tb26uaD2m7bFFWJAp3TL9gh7lYyUYv7X2Tv16HXhmJbZeRo2tZTY9_j-bPlUoZuRmfj2i9QjKPGPTP,Bệnh viện Đa Khoa Huyện Cần Giuộc,hospital,10.6016847,106.6729124,"Bệnh viện Đa Khoa Huyện Cần Giuộc, Nguyễn An Ninh, Cần Giuộc, Cần Giuộc, Long An"
goong_qlAo3uWe35l9qjMPrGqB7WWwRAKfdqmaTpq1PasMgZp5N4cAsmmGr0m1RFLR9DuKu0oMlantmecBk3m4WqaNUIH-qTNCvRJk5fblPW5lpmfB8g1wPkQ-Jr36rVCSZDuLZ,Bệnh viện K120,hospital,10.355025126000044,106.33668540000008,"Bệnh viện K120, Phường 6, Mỹ Tho, Tiền Giang"
goong_4X__h4_PqbNPn3gRn36hUnbZvCWqbYM1fYY5ILZWuZp_JlKBmgp77a1eSl6ubX2dfq9WMa5VgJx62EI4tnybxmOuMVuXYI-2e79JXfRvn_Z6hJVoJtgmpn3itUiKPCOTf,Bệnh viện Đa khoa huyện Cần Đước,hospital,10.514124522000031,106.60477980200005,"Bệnh viện Đa khoa huyện Cần Đước, Quốc Lộ 50 cũ, Cần Đước, Cần Đước, Long An"
goong_vyBpX0xq901LgGkhpBqOpzeyO1e7Qom0fZRZho9vrChYQ8vTv3GO0Udpoiilf6jMr29fCKR9lchXrXA8iFOC62EuUargSGLTwWK5rp45-judLlGkYuBiejm68GTOOQ_XO,Chợ Cần Giuộc,market,10.610319600000025,106.67071870000007,"Chợ Cần Giuộc, Cần Giuộc, Cần Giuộc, Long An"
goong__h7ghR_vdc13qVcHt2anbfa6cg-5H4mBoKhmNrhpX1mFtVwSvr-J63W4Jgc5evqhpWM1cCrqJkWpek3FMuWsw91i7ZoW_ZiZEbanRS4l5iV9sk0wfv6WZiW4fRDSJu_LJ,Chợ Bình Phú,market,10.404048136000029,106.59759006500008,"Chợ Bình Phú, Bình Phú, Gò Công Tây, Tiền Giang"
goong_N8SdZq6467Q7m3lnsmNigFJPsCyogWL7fG1PAYNtjcllwm07rhSs62aHeR6HF7DjYJxbGYJfnsporm06tHGg61OjKEEezYoGrZqJUQIJygYJnmEcUtBSSgmWwTz-KFfmC,Chợ Tân Chánh,market,10.450143359000037,106.61215688400006,"Chợ Tân Chánh, Tân Chánh, Cần Đước, Long An"
goong_YVt1Bbxlkkds1jRQr2KkknCwcjzgYaLWQ6JtEq9ZksJyjF8qo3azkmOuYhKjbILNRIuaVqAFjT1so9oou76g0kURYSy2KopLbdrJEUJJikvtfiHcEpCuCklegXwSSL-nS,Bệnh viện Phước Vân,hospital,10.594344478000039,106.53785739600005,"Bệnh viện Phước Vân, Tỉnh Lộ 835C, Phước Vân, Cần Đước, Long An"
goong_e5ixsAyHTUJNq5NepWmpTXzd6R1War6aTN2uFDwPkLd60EIZsGt_p-GENR0iDHzyTYQ1ngV6k-FKqFYkqVCb5X-3sl2NbUm_ef7ubWZtrm_J-gV4Nra2Lm3ypViYNm-Db,Chợ Long Hựu Tây,market,10.461937158000069,106.67687938100005,"Chợ Long Hựu Tây, Long Hựu Tây, Cần Đước, Long An"
goong_YTyzhUhYT2V7nIQ6TEiZh2OfdjG3SJXfV59QP68Tq_tipEgErnX27GS0aiOudon2VKXFB4SscoZhnWU9csom3w2-bWCipdp3yYYJTR6V1hexgn0ATsxOVhWK3SDiFjf4S,Bệnh viện huyện Cần Giuộc,hospital,10.601618753000025,106.67297005300009,"Bệnh viện huyện Cần Giuộc, 79 Đặng Vĩnh Phúc, Cần Giuộc, Cần Giuộc, Long An"
goong_ZrR2Y611jmNUnH0Jr2mgzmG2ZkW4V5WFb8N5R69Nq89XwiAgsHa8_GOfTEOtdIrCe7ZxNKxijt8_pA2l5qmGdhBCAUyLAS6j4r6ZKRIZQhmLvnEMQsBCWhmG0SzuGEf3G,Chợ Hàng Dương,market,10.387034380000046,106.91938868600005,"Chợ Hàng Dương, Thạnh Thới, Long Hòa, Cần Giờ, Hồ Chí Minh"
goong_ymlsvbxnza1BlGVKumz3bY6DXBY0XfKkoRpQpLuTf4FAvHxLDUON-RmxSAuIb6PmGJN2TrNqgddG1v3ZPvnGNikSFSEikaYG_fclbT41ojeQbl0gbu2qdjRq_QDCNafbN,Chợ Qui Đức,market,10.649183633000064,106.65530353900004,"Chợ Qui Đức, Quốc Lộ 50, Ấp 2, Quy Đức, Bình Chánh, Hồ Chí Minh"
goong_egj2XJYat1NMh2w-n3-eNHesQLK0fKzbd1hT2qlUkv9g2VsqtW6w3HiiWI36bHoHYfL1XCaNVt9ZjhHERnqi_nE6BZScIt-Waer5IH55unvd7hFsIqAiOnnmsUyOeCeXe,Chợ Cần Giờ,market,10.38264771400003,106.88349319000008,"Chợ Cần Giờ, Long Hòa, Long Hòa, Cần Giờ, Hồ Chí Minh"
goong_s3DVj6EHs0hwsWopp72RlG9hZgik1IHUcKNiCrhbrJJHKJlxoI-4THEt5mK6Yolcd63wDpEFgURvdUQHr3Hi17NHahe7fp3odbFHU5Fhkfh0i1QHTpweBkXajXCyRBurR,Chợ Biển Tân Thành,market,10.291532000000075,106.77895700000005,"Chợ Biển Tân Thành, Tân Thành, Gò Công Đông, Tiền Giang"
goong_t6JqgMCIsidioHcyqWK6hU2sZmCBIKY5LrN32mRgg3GHsm8kUReuyWfGVR6rcJz_Z5pVOrIUj4N-xnAPqUm692nHfEeGTIOCCZKBWQoBwgOllqUUWthaatmeQTT2AF_uA,Chợ Đồng Hòa,market,10.379154755000059,106.87911687900004,"Chợ Đồng Hòa, Long Hòa, Cần Giờ, Hồ Chí Minh"
goong_Q1RpQk2zd7tfkVwLvzCn9Vi5Xx27ba_UTKpQMb5raeBopVwwvpEf-6CBpUy-H1iQrC6Ivz1EhY1uh0SJuluJwGi15VEqMRJaMbalfS4l5ieBsk0wfvx-ZiW67RDSJHvLJ,Chợ Long Thạnh,market,10.384861732000047,106.91094616600009,"Chợ Long Thạnh, Long Hòa, Cần Giờ, Hồ Chí Minh"
goong_7wehUqO5VXSxsE4ern--bkCYaxZdBpCjRuegL3-8nNRscEULp6yQlHezfw6mBrGQQdRFcJUTiPZHimhzoHKc7kGifymmf5zIdLBGP5BgkPl1ilUGpgSaAkHeiXS2QB-vQ,Chợ Vàm Láng,market,10.413643141000023,106.77362214600004,"Chợ Vàm Láng, Tỉnh Lộ 871, Vàm Láng, Gò Công Đông, Tiền Giang"
goong_XL1r8vC626pvjkIEoXSllWxG4iaNe_haWo57BbZAmM5i-HNPvB-pommLcA-6easydhRWkbsel7diw3gtvWm5u3bPUi-7QrGrb-J7dSYt7i5Fui04dvR2nuWzLRjaDHIub,Bệnh viện Đa khoa huyện Cần Giờ,hospital,10.404540413000063,106.93751657500007,"Bệnh viện Đa khoa huyện Cần Giờ, Phan Trọng Tuệ, Cần Thạnh, Cần Giờ, Hồ Chí Minh"
goong_RcLYvB6gyqt8ok86vHJPE8Xy-RxSyFJLgUJyKRoVzoE9To0tmsl872wehaoarYmLaVJh2DKt_Fv1gonq0R06swGOieYS3TrjdZqJUQIJygutnmEcUtBSSrmWCTz-CFfmw,Bệnh Viện Cần Giờ,hospital,10.4112792,106.9547322,"Bệnh Viện Cần Giờ, Giồng Ao, Cần Thạnh, Cần Giờ, Hồ Chí Minh"
goong_uItdom9rjUZvuCEdMni-_3e7VhCTZIiIXM70lL7kek4hrlUISoHuXiGqnXUyOHPD3aZF4Orh0sdJ2i3wEu0aMwsxtyyu9VovMb6teSYt7i6du4k4dvR2bkb25gzZsHPBG,Chợ Vàm Sát,market,10.53428541900007,106.76790851600003,"Chợ Vàm Sát, Lý Nhơn, Cần Giờ, Hồ Chí Minh"
goong_4GKizaKjdpLW1jRQpGJsu3CwYTyvbZK8Q6JlEq9ZksJyjF8qcqO0K0WNWU-FjYYJTRIs9VqAFjdpsX6MooFiK0kRHSy2SvpLbdltEUJKykpp3iFcEpASC-3WgXy-SBenS,Chợ Hòa Hiệp,market,10.402955932000054,106.92381389500008,"Chợ Hòa Hiệp, Long Hòa, Cần Giờ, Hồ Chí Minh"
goong_AraOjDiioL9xaXC6SEVs8FytVYu7lEBBW0q7IT79skFFqkntoi0eEzimsUV2NfLLnXYRFNYlBk71yjSITumz-xWmSWUmyb4jcpaxaTox8aDWMlknluhqcGmu-QTGMG_fM,Trường học,school,10.3528128,107.0879123,"Trường học, Lê Hồng Phong, phường 8, Vũng Tầu, Bà Rịa - Vũng Tàu"
goong_56JQ5lB4UWxihmsTsGOfnXiscxyweLIlfL8376FGKnBF6glUZrJScUXnYVV-im6L0ToM6CrWqh9VL2lUYfq6un3yCZzqae7LbbbxKXpxsnPV5hlkKqgqMnHuutSGcC1Hc,truong hoc,school,10.3671538,107.0764017,"truong hoc, Lê Lợi, phường 7, Vũng Tầu, Bà Rịa - Vũng Tàu"
goong_bK55n698SNRKg0AEmwjm2X3bRDKjequVfpNEG4FvnNt8rHDcmt2-gJHuEtNWteVQ7fYWkMK19jZ9QsXspm3yn7lSsSF63ULDVeb1LX51tnfR4h1gLqwuNnXqvUCCdCubd,Khu Trường học huyện Nhà Bè,school,10.6722763,106.732567,"Khu Trường học huyện Nhà Bè, 477/15, 22 Nguyễn Bình, Phú Xuân, Nhà Bè, Thành phố Hồ Chí Minh"
goong_sKKaYl--bqWwu2ISXCuj8opDV1uhUHbLjqM0Eq9fdtCecqQpR4pE0rQGpBy-cXXPvKw4HLNzb9uSjEMUu2Fzle2xaVa4cnbgkrJEUJJidU_uCiFcEpAR1kumgXy-SBXbS,Công Ty Cổ Phần Sách Thiết Bị Trường Học Bà Rịa-vũng Tàu,school,10.371415,107.076774,"Công Ty Cổ Phần Sách Thiết Bị Trường Học Bà Rịa-vũng Tàu, 237 Đường Lê Lợi, Phường Thắng Nhì, Thành Phố Vũng Tàu, Tỉnh Bà Rịa-Vũng Tàu"
goong_6Fzhe0uAupWs3jw3f3iShqq2RxWpeMCfe5RUX68jiphkg0xTpFiK5MUyEbbacDaTDfTRUu6t5kt5MuVMepAx-mL-zbVufUIDRfnpMWJp6mvN_al8MrAxXmn2oiieaDVfa,Cửa Hàng Sách Thiết Bị Giáo Dục Công Ty Cổ Phần Thiết Bị Trường Học Bà Rịa-vũng Tàu,school,10.371415,107.076774,"Cửa Hàng Sách Thiết Bị Giáo Dục Công Ty Cổ Phần Thiết Bị Trường Học Bà Rịa-vũng Tàu, 237 Đường Lê Lợi, Phường Thắng Nhì, Thành Phố Vũng Tàu, Tỉnh Bà Rịa-Vũng Tàu"
goong_Yqm5r-BUqyBkq31pn0SZH2KAeSLyzDJnyc7lcArUOme5_mXkXpWqg0XDfaSKvdrzSZap-G59mkpl-3F8ZsGa70H5UgT2pkbt4fXZPW5mamfB8sFwPrw-DmX6JVCSZDuLZ,Bệnh viện Lê Lợi,hospital,10.352340682000033,107.07442924300005,"Bệnh viện Lê Lợi, 22 Lê Lợi, Phường 1, Vũng Tàu, Bà Rịa-Vũng Tàu"
goong_e6XF9oXCBZpUZXIer6WChGBIXEaDEJ08Yalq-YBImUdhi1ATtHaVwGTBL6y0T7PxVY1qiT51s5pnqSsBtGSV7Xvafge1Evv9DYaVTR4V1hexgn0ATsxOVSGK3hTiFEv5I,Bệnh viện máy tính Naha,hospital,10.352203315000054,107.08867799400008,"Bệnh viện máy tính Naha, 205A Lê Hồng Phong, Phường 8, Vũng Tàu, Bà Rịa-Vũng Tàu"
goong_aqtAn1Vcfi-znGEwYGS1h4a3vyuvZUj8e5qKBoRqqc5iaqkZgBNQ7GKLZSOAtxDkZ5uZHoVYas1vpI09s3bsp1TD9hkC0ZVOGYTyspYV1hexgR5UTsxNIhWK3_jiFEkjF,Bệnh viện Đa khoa Bình Đại,hospital,10.192272502000037,106.69063827000008,"Trung tâm Y tế huyện Bình Đại, Bình Đại, Bình Đại, Bến Tre"
goong_8LqNMoxOwm5izUY6RnuLiHXMuE5RR66iXMxWCKdki6Zsol40p3qYiWyqUU2geqm9d7lkDeJCrb5quEIru2il62zNLEy6R4fJg6trSYtdi2_ikXsdvR1vi75u5RjaLHGzL,Điểm dừng bus Bệnh viện huyện Cần Giờ,hospital,10.407187000000022,106.96555100000006,"Điểm dừng bus Bệnh viện huyện Cần Giờ, Cần Thạnh, Cần Giờ, Hồ Chí Minh"
goong_R2v2711zpilusLwtrn--HkBOoxagBpDnRrF_L6FwnNRsrEULpweTkm2Oaw-hcLFddNSQE6NhiEVBimhVoHKc7kGifz-mf5zIdLSBGUpBgkPl1iuuYVQaABneippC5B5DQ,Điểm dừng bus Bệnh viện Cần Giờ Duyên Hải,hospital,10.407134302000031,106.96514881300004,"Điểm dừng bus Bệnh viện Cần Giờ Duyên Hải, Duyên Hải, Cần Thạnh, Cần Giờ, Hồ Chí Minh"
goong_6qCQVdRt-SlSBrEUMoluqz0GPdyWmYZh0cNRsHpHiskFvrH8VlnOylW6mVVKicF3ubZeuVrxxXs1to2uYiE2bEHqwZ9uQTZy5dLApRpBgk5B1ilIGpgaAkHeiXS2QB-vQ,Bệnh viện,hospital,10.5268323,106.6232359,"Bệnh viện, Tân Lân, Cần Đước, tỉnh Long An"
goong_pdMFWalnpVlKg3QusXmAnmWoUh-cVouZSrl7NLJOpeFmuHRZi2R_86GEYCKaa3zkfKpOLq1qvZxxu2BWrWnNlt2XQWJOcV7JGf7tNuZtrm_J-gV4NrQ2Lm3ypViabDODb,Bệnh Viện Đa Khoa,hospital,10.3411062,106.5797907,"Bệnh Viện Đa Khoa, Thiện Chí, Gò Công Tây, Tiền Giang"
goong_v7-nk4yJRLigzW0zbURgz1CRcU64RaDBaLonSo56jfZfkEQMgR-Zu3elTC3-a5q_Lbs1fBrd2oIlZkFA1uUWWjGzPLwuJQoHRbTBfqaV5ieBsiUwfaUuZiW67RDQfHvLJ,Bệnh Viện Đa Khoa Gò Công Đông,hospital,10.3980835,106.718711,"Bệnh Viện Đa Khoa Gò Công Đông, ấp 1, Tân Tây, Gò Công Đông, Tiền Giang"
goong_XL-nV3SvH5FHoWo_unC90XO3KHaWbojuQYk-EaBz4uhwvX4qrF1x10DURDyi61vBeNVfuKBbV9Z7i0_urGGJT1HGPXFOZYp2vdbFHU-9hkfh1i1QHpweBkXajXCyRBurR,Bệnh viện ung bướu,hospital,10.4125167,106.690785,"Bệnh viện ung bướu, Tân Trung, Gò Công, Tiền Giang"
goong_S5GGgbd8FhdIxSs0vGGsymWyejuzZfpMYqL1D4d_OEtisG6Rq2Uk2UufTAOwZriEfsRcD7xQr4JLn1glslGZxky9ci6EZZnIcaFXQ7eJrWTogUQXgahmgZuDzTDyBZfrB,Bệnh viện Đa khoa Gò Công Tây,hospital,10.3404536,106.5788481,"Bệnh viện Đa khoa Gò Công Tây, tt. Vĩnh Bình, Gò Công Tây, Tiền Giang"
goong_q0sktJp0f0NKk-ISrlfmdX2851icd51mUL_fLJW0UJ182fYmSJmvUGOs-y95f6NQHetnaG6x8lURNgsIBtwidZWC_sV6tUIW9eZj0X51tnVh4h50LqwuNUHqv3SCdCuZQ,Bệnh viện đa khoa Cần Giờ,hospital,10.4049755,106.9368954,"Bệnh viện đa khoa Cần Giờ, Phan Trọng Tuệ, Long Hòa, Cần Giờ, Hồ Chí Minh"
goong_lAu1wVZOnAph2DYpoVWx13ivZyauVufoeL9WEpp_jCV8rXObtmKcOX-EbyivVqWZe9lBEqGqsp9NgkU4Y6-E20ygbzOZUYTVeLxKXpx4nPVshlkKUbCMnHt5qiFRruGfc,Bệnh Viện Huyện Cần Giờ - Duyên Hải - Thị Trấn Cần Thạnh,hospital,10.4071243,106.9652152,"Bệnh Viện Huyện Cần Giờ - Duyên Hải - Thị Trấn Cần Thạnh, tt. Cần Thạnh, Cần Giờ, Hồ Chí Minh"
goong_o387aUqHg79fv1VIv0WTyDaRa1-8Q6bpUpZKSY8b_OdlbyE9ihj8rF6NVgmKGo-IWa9ZAo5t9Pxzv0pCuRq9-HLJDUK4RaHma6-5TVl_j-ZqlY8ZuRmfj2i9QjKP3GPTP,Chợ Tân Phước,market,10.44230321300006,106.70937273300007,"Chợ Tân Phước, Tân Phước, Gò Công Đông, Tiền Giang"
goong_kkNvkM-mRyp0amUwv5OKvGu6Tz_VHqi4drkggqMcgRV0bnnDjx-G-bZvVEyPHfnibqpDDrpBio1qk0dPjWqKiHe7JU68dYbX86TNuqop6iuNcSE8cvByaim24ozeKHUfK,Can Duoc Market,market,10.504427512000063,106.60389325200003,"Chợ huyện Cần Đước, Khu 1A, Cần Đước, Cần Đước, Long An"
goong_TlVdIXi5Xah8rndVkHuTukimKn-dRZj4TqtBWalKRtpxJ3jcXs2rjn3K7QQSdD5TweIFRGK1StuFlql5cnVTn2kiHfF2yaObTN7ixWphofPF9grQOrg6ImH-YqiWYD-PY,Chợ Rạch Kiến,market,10.581635087000052,106.58969389900005,"Chợ Rạch Kiến, Tỉnh Lộ 826, Long Hòa, Cần Đước, Long An"
goong_VZ2KYUUm0VCp8unedpnuTXUi5f_iokJhFrqtBnE5ZthepeDeftN7jXGWza_BqD5QYeIFR4a2xUlxlql7anbbnXUiHN9OyaOZafLhO8ZhomHwOgl19rg6IJX-qVdiYD-Mh,Chợ Xã Lới,market,10.418395133000047,106.67322107400008,"Chợ Xã Lới, Quốc Lộ 50, Tân Trung, Gò Công, Tiền Giang"
goong_t2S9l9O-z1RzjlqfpVutMHLTa-m-dpx3c6RwFb1e3pdA0HguoACq3HChYDfSAI-SaZJwJr5ai9d1t7sXWmfszn5zpFLQARZfeWnNBVZdnly5yjVL-oQGHAXClWiqXAOzX,Chợ Dinh,market,10.410763927000062,106.56969052800008,"Chợ Dinh, Tỉnh Lộ 827, Đồng Sơn, Gò Công Tây, Tiền Giang"
goong_wVotYM5ntGY-mVpQgRL8Y4_BXii5ZJuxHolKAcN1tYZmtqs8rXW18FZeqwWyd76FZ59SKrd2l4Vhrk4zgWa29GO9UBkStSqrPY6dRRYd3h-5inUIRsRGXh2C1SjqHEPzH,Bệnh viện Huyện Cần Giờ,hospital,10.4044263,106.9377005,"Bệnh viện Huyện Cần Giờ, Phan Trọng Tuệ, TT. Cần Thạnh, Cần Giờ, Hồ Chí Minh"
goong_uzDXAmfdcVlDtnxRpmRc62ikmQm8dXq8d4yXubxqQJlyV-7QvwJu_UOpqyy8nX11aIqvU6dfSNFCja8UvKNu4XGmu1QDk0PqcbWVV5VlUPxwj4UDoyxYlXKn7gOVKFPjV,Bệnh viện Mới Huyện Cần Giờ,hospital,10.4052748,106.9374261,"Bệnh viện Mới Huyện Cần Giờ, Phan Trọng Tuệ, Thị Trấn Cần Thạnh, Cần Giờ, Hồ Chí Minh"
goong_ReeOFedqr2cYlktNv1-s1Gi-REm-bvXRb7xhMrN8_MWGp1hMsBqRWcmGRze_RLCicPlXDohujr9wkEtPiXGg5XPJWzGIU4K4aq5Ybv2FMjo5rlEt-Qxiejmm8uDNDGfXO,Bệnh Viện Huyện Cần Giờ - Bv Huyện Cần Giờ - Lương Văn Nho - Thị Trấn Cần Thạnh,hospital,10.4053226,106.9371427,"Bệnh Viện Huyện Cần Giờ - Bv Huyện Cần Giờ - Lương Văn Nho - Thị Trấn Cần Thạnh, Long Hòa, Cần Giờ, Thành phố Hồ Chí Minh"
goong_snFPYCaufLNmbSgUt2Ka9n6yX7QZsYGBVcQshLAXmoGrnEsbinJiqTvELJ7EcPn-QZhxM2Z9uNuxxXUNf0-Fy2SxVyK0X4LFZqJUQIJygutEnmE8UtBSSgmWwRz-CFfnC,Chợ Gò Công,market,10.36056476300007,106.67228738700004,"Chợ Gò Công, 22 Hai Bà Trưng, Phường 1, Gò Công, Tiền Giang"
goong_YmHGBQdLUJZUnywmh2eG7m-0ZkCsWLTDb8JkELFMiud4wUM_rXavzmSZSzK3dJnAZKVPArtNr857nGmwCRCnhFaZr4avdH2CYqb9RIZ2joaqY0MQsBDvAS5y0hjuGEf1L,Chợ Gò Công Đông,market,10.32058115600006,106.71018503000005,"Chợ Gò Công Đông, Tỉnh Lộ 862, Tân Hòa, Gò Công Đông, Tiền Giang"
goong_lazVfPRmq1hLsWEdtGyn2Hq-RCe0VLfVHfbF9MrhUjtZMhGIpqkCW1iSDQHmYC41QLK78Hax97nJ_vlNZoFe0nXmtaiW3cr-reb15X9ltnZ1Lh3gLqwuNnXqvUCCdCubd,Chợ Long Thuận,market,10.362441018000027,106.68329943600008,"Chợ Long Thuận, Nguyễn Thìn, Long Thuận, Gò Công, Tiền Giang"
goong_xxysYbeZ7rRjtC2BrsnSf83sRWreBaISEUGcpI0rBn4RnErUeTneYzGWYbwqPEPywZZ10NrF4vd4-wHB6-0qAzgi0UiexWoeuY6dRRYd3wIdinUIRsRGXY4e1SjqHEPxg,Chợ Long Bình,market,10.297430095000038,106.62818258200008,"Chợ Long Bình, Tỉnh Lộ 877, Long Bình, Gò Công Tây, Tiền Giang"
goong_m75acE7Sh-tqd70UYJmU0UZ0pTpOA7vlfbGpImdKjp9205BVQXhz37mnplExdn7NRQIinVF54n_VA0ac3RmWL6UaJkQFBdY_Xc7eXVVJnl_4ujaFyWgGHlwGloSqXAOzX,Bệnh Viện Huyện Cần Giờ - Đối Diện Bv Huyện Cần Giờ - Duyên Hải - Thị Trấn Cần Thạnh,hospital,10.407187,106.965551,"Bệnh Viện Huyện Cần Giờ - Đối Diện Bv Huyện Cần Giờ - Duyên Hải - Thị Trấn Cần Thạnh, tt. Cần Thạnh, Cần Giờ, Hồ Chí Minh"
goong_QWyEfAFOk2ZxlGM1pXz_5EGlWQi_NZRa0_oBjfo0KoslxykZKuxnyjGWuWboPGoTtWr1wiaVuvtVtsGhLjBiE5VavbaCMQa7IaDRarIx8jOVplkkauhqcjGu-QTGMG_fM,Chợ Thuận Mỹ,market,10.445389000000034,106.56206814500007,"Chợ Thuận Mỹ, Tỉnh Lộ 827A, Thuận Mỹ, Châu Thành, Long An"
goong_yo1oySGHr0JflHO5AHy8x3GhKYm8fpaLbaZaELp_b4xfNnRwpJ3Az1c-XaBSkf8imWox4NYhurY9ma0o2uX1xy_CqYAu5b6-Ka49ZTY9_leZqn0oZuRm9j2j0hzKPGKNC,Chợ Phước Lại,market,10.608913974000075,106.67849996200005,"Chợ Phước Lại, Tỉnh Lộ 826C, Phước Lại, Cần Giuộc, Long An"
goong_3CIbfk2yDHS3f1Y8qVeh5YLfZ1iyepDSf6iTGbGyUnyt3MMiTJupN36y5TV17sIOeZd98VmlWh9t5fypWqGvgwrtyaF6xDZvSf7tNWZtrm_J-gV4NrQ2Lm3ypViabDODb,Chợ Bà Chồi,market,10.65046404800006,106.72991098100005,"Chợ Bà Chồi, Hẻm 348 Nguyễn Văn Tạo, Long Thới, Nhà Bè, Hồ Chí Minh"
goong_eUN1JO6hrck23tWAisWS6-YO6TlqxUUvb5IRzX6kMeuRWqJNZnQ084rKBTiOqe6LSubg0WJ1STMKhrXQ9gwxL2ZSlkxuoe39Nm7uaWZtkfvKLgV4NrQ18m-CpViabDH_b,Trường học của toii,school,10.6814194,107.0268104,"Trường học của toii, Phước Thái, Long Thành, Đồng Nai"
goong_LDWKM2qPYySjqW0EtGta2prMbqa_eJbqIDBok7xDrI9qlEdLox-3i3fOQ4KPHfQWa7pDiLtAlYlvzVcto2mO03a7JE6jdUfhbqqaSIp6XONvkE8cvByaim24Rz6eKHfHK,Bệnh viện đa khoa Vũng Tàu,hospital,10.392438565000077,107.12990151900004,"Bệnh viện đa khoa Vũng Tàu, Phường 11, Vũng Tàu, Bà Rịa-Vũng Tàu"
goong_uE19IO-omE94wkR1u3b0hmSkKHG2qqjCV68GS7u2edZmhj5Yt3dm4FeIP0SsoEyBV6YpYWJ1hcCwmSZ9ZI68ZninQ1CBg4qAwYqZEQ9t2hoZjnBBLsBCWhmG0O0uGEf3G,Bệnh viện máy tính Itcare,hospital,10.41108220700005,107.13553586300009,"Bệnh viện máy tính Itcare, 1103 30 Tháng 4, Phường 11, Vũng Tàu, Bà Rịa-Vũng Tàu"
goong_o6YDjaHyvLtbl3YjvWxpzauUa1iKkcoryXZVLDW9v_vRsoWI2sEH3jGyxfhSkGG3dZLtDQMmzR8pnvEtTsH2VyG2TQE80foHzaa1bs4V9jU9ol0gb5BudjWq_QDCNGvbN,Bệnh viện Vũng Tàu,hospital,10.3926516,107.1295866,"Bệnh viện Vũng Tàu, 27 Đường 2 Tháng 9, Phường 11, Thành phố Vũng Tầu, Bà Rịa - Vũng Tàu 78220"
goong_SFikRz-FaKRy0mYKk0iJ5nG3YiydAOqVvFijC6leae-vSLkwpmSF9XPXizGTSLSWfNJxFr8Du-Isi2t6pXR1zyGPbRPqjhQHdcbVDV5Vllfxwj1ADowOFlXKnWCiVAu7V,Bệnh viện ĐA KHOA VẠN PHƯỚC,hospital,10.4985876,107.1615376,"Bệnh viện ĐA KHOA VẠN PHƯỚC, Cách Mạng Tháng Tám, Long Hương, Bà Rịa, Bà Rịa - Vũng Tàu"
goong_g5s2b8ti9I10qnBKoV2l6UGqXiuhW5OiHJRjT7lqy_QduCxJjXaD1B67UjFrorLCQqgkSGlcqdIck2QttVuxyXS4XQu4b4SKe6tdSYtup-Idi05GvWyRvTK5HRy7LRvCL,Chợ,market,10.3725289,107.0862476,"Chợ, 20D10 Tôn Thất Thuyết, Phường 9, Vũng Tàu, Bà Rịa - Vũng Tàu"
goong_ZzFWf3q1i5Mi3Gh8nUaH6H-5bCKbDuTZBKe3BapQoeFNmRqo-qGqLxEyEPS6mVnuYctx0GLGtDexlhUYvuquywUmBYxStD4vTf7tNWZtrm_J-gVYNrQ2Lm3ypXiabDODb,Chợ Mới Phước Thái,market,10.6791327,107.0285459,"Chợ Mới Phước Thái, Phước Thái, Long Thành, Đồng Nai"
goong_Z3xFaMetWmO5nzJOVmWcgnm0A1KASpeFVqUoPrlol_16pHtoBuXix-267BFK9Z7H4YLarp7F2oYBtRa75gHVEzHmlGVG1S67PY6dFQod3h-5inRFKsRGXh4-1OkqHEPxg,Chợ cũ Phước Bình,market,10.6704523,107.0324989,"Chợ cũ Phước Bình, Phước Thái, Long Thành, Đồng Nai"
goong_QJVls3aj0HL1ijJSVr6RcP7TnTW8dok74blyV6BcmUTvvG4QlV8scM2ZYaWjdht_xbZudaUqlULcjD92kwOWfP20elGUWJlx_LVZV5VDlXCVj1ADuQOFctWjWCinAPu5x,Chợ Nhỏ,market,10.640861,107.053083,"Chợ Nhỏ, Phường Mỹ Xuân, Thị Xã Phú Mỹ, Tỉnh Bà Rịa-Vũng Tàu"
goong_ZLdZI4d1E5hmqHM2rWC-gWKkKj2FZrLebqZzJKKtZIRVtkkgs4OqhmWoaz-6dv_6VJ8tjK4N3jJdWml4KhUjP21OKSQaxSarDYKRSRoR0hO1hnkESshKUhGO2STmEE__E,Chợ Bà Rịa,market,10.494200736000039,107.16897212200007,"Chợ Bà Rịa, Phước Hiệp, Bà Rịa, Bà Rịa-Vũng Tàu"
goong_HIKadsLy4aSXsXVCu3OCcnvUOCinrI4rcIs0YLtbtLtyjF9TlwctoGywaSqlBeyQc6JbPF9YjZF31aM1T3G-y26WPFa7baP5drJEUJJikvt3iFUcEpASCknWgXy-SBenS,Chợ Xóm Lưới,market,10.341893154000047,107.07680007000005,"Chợ Xóm Lưới, Nguyễn Công Trứ, Phường 2, Vũng Tàu, Bà Rịa-Vũng Tàu"
goong_sBxneElurud1eEXbtX2UnXutUhyPCdXvYaCqAll878ZKvGFEgt2yTnX3bojmvboPXeIM3X7ZjuZ4lsEl7rVam5VitSRiaUYz9eLxKXpxsnPV5hlkKqgqMnHuuUSGcC-fc,Chợ Bến Đá,market,10.379794306000065,107.06674780500003,"Chợ Bến Đá, Trần Phú, Phường 5, Vũng Tàu, Bà Rịa-Vũng Tàu"
goong_jY1BG4zkXEFbyiNPoH-fx3GydwNobP_Wvr5_TWt8qYxurXACv0eD0j6XIK069Rrr4gJNjDF18umxukyIIvdOcbXKsdw68G_LKaKxaTox8jOVploQaujWcSWu-jBqMMffM,Chợ Bến Đình,market,10.37208944400004,107.07658136200007,"Chợ Bến Đình, 251/2 Lê Lợi, Phường 6, Vũng Tàu, Bà Rịa-Vũng Tàu"
goong_ln0ambCRLaUtVgW4bqrB4mJapYVSnZKvRUoMZYqhOt8NEhmlfp36_xGuGVBypT3nrq7hQNJhPU5tEpUAhr3OV-bVTXCawgerfablPW5l8mfAPg1wPIH6JmQ6rVK8kfeLZ,Chợ Mỹ Xuân,market,10.620954539000024,107.05394269700008,"Chợ Mỹ Xuân, Quốc Lộ 51, Mỹ Xuân, Phú Mỹ, Bà Rịa-Vũng Tàu"
goong_p7VQRFm1c3QLdzJELaSc_KRkRmpTjYzmLWRdQpKk65Y7Ak1po7Sc3RpkQUWlp-fcvV9BlKWL1PRkEoR1lLZdlw0De3CitJjgVmRCcZSOOlP0CAlFzoqaElCkDonBZnO-4,Chợ Cần Giờ,market,10.417343238000058,106.97174810300004,"Chợ Cần Giờ, Duyên Hải, Cần Thạnh, Cần Giờ, Hồ Chí Minh"
goong_R1hqoza4jdNoqm68Tx31zXKEdLy4QYqJb8wlBaNojIhjtn5MkWpq_W67ekgzR0aCWpC0o0t99Yi6mWl87uh2K9amTcSS5QJbhbqpcSIp6iuNvkE8cvByaim24RzeKHfHK,Chợ Vũng Tàu,market,10.34853398000007,107.08557448700009,"Chợ Vũng Tàu, 146 Nam Kỳ Khởi Nghĩa, Thắng Tam, Vũng Tàu, Bà Rịa-Vũng Tàu"
goong_r74bc5ZGffxxlmA1ukKP0Da_Rm69Sq3KOrwlEKYZhMZxs3wviqaHGliVbyK-YI3na7mAC69Ej4hvo0JKiG-PjXJrIEu5cIPSv2t3ZTY9_j-ZqlUoZuRmfj2i9QjKPGPTP,Chợ Đêm Vũng Tàu,market,10.345000000000027,107.09400000000005,"Chợ Đêm Vũng Tàu, Thắng Tam, Vũng Tàu, Bà Rịa-Vũng Tàu"
goong_DKpBFug-4Ixh-gTInmA-q2maGXTiraITrcrkysaZ5JO9Ihza2q1Kq5Ei7VVyye77IZag2Pq18IdFRuT-0sk4Vi0h4VcCZub2YfHhOWphomPF9gl0Orq6ImH-qVSUOmOPY,Chợ Hải Sản Hàng Dương,market,10.3869468,106.9193279,"Chợ Hải Sản Hàng Dương, Thạnh Thới, Long Hoà, Cần Giờ, Hồ Chí Minh"
goong_nG-HtZzZTbd7klkztgicm7WgRSmpUHvlpnxvOp2GqsFLfUpflGOtvni9ewPDsFHefW26Gra9MtpNGv0UuJUGQ-mKGWZoACqbieLxKXpxsnHj1hlkKqgqMeXuuUSGcC-fc,Chợ Cô Giang,market,10.354627744000027,107.07920206600005,"Chợ Cô Giang, Cô Giang, Phường 4, Vũng Tàu, Bà Rịa-Vũng Tàu"
goong_viNOjJYxiopcoFGghEGAvm1PUbylfvCNW5VZQYMZlIhykxd8uXOHxHGvRSi9R4DnbaxdGrxBoYxaknc1i0Wi7l6TdyK5Rr7IaLpaTq0x8jDVpaElsuuWcGoxrQRqMG_fM,Trường học,school,10.4730451,107.2736359,"Trường học, TT.Đất Đỏ, Đất Đỏ, Bà Rịa - Vũng Tàu"
goong_p8gZvRg3no9ZyVQO82nGOjnDJeRU3Q54AaqJ-0cltgotpy1Bu8kyCpF_KR0P9RYKiX7hATZBtkr1kryAy1ES8v3PLdRD3RZ6Oaq5YTOeGan5rlEsYjkOOjmm8uDPOQ_W4,Trường học của thị ziễm,school,10.5033345,107.1740855,"Trường học của thị ziễm, 59 Hùng Vương, Phước Hưng, Bà Rịa, Bà Rịa - Vũng Tàu"
goong_hOx3AocSEgdSt080arhKi7WOaST26Z4zdU8BRNYVJiM1VtXcgtSKqsmSefyTcEfqzY7RNJLNNhKhihyOMt0icCW3Da7eyE_7MYKRSZIStRmDtnkF0soSUYWO2STmEE__E,Bệnh viện y học cổ truyền,hospital,10.512733775000072,107.19513076200008,"Bệnh viện y học cổ truyền, Phan Bội Châu, Hòa Long, Bà Rịa, Bà Rịa-Vũng Tàu"
goong_EamSRWzSu2lpqSIvomulw26kcwu6RYOIgKEmBol6umzBiGCIjRybiUzMRXa5eIjRYcxzMqExsotZkn9DuQmEaGiSc0m91ap45bEWoSoh4iOFtXk0evh6YiL66RTVvH_PI,Bệnh viện Phổi Phạm Hữu Chí,hospital,10.483167235000053,107.24148041800004,"Bệnh viện Phổi Phạm Hữu Chí, Ấp An Đồng, An Nhứt, Long Điền, Bà Rịa-Vũng Tàu"
goong_7X64n3259qZyyyhIpbqypnGQWguHo8mOZUVWPfCWh9VrvGAKb7z8yl7LaDpCUq6Ma5VvFFZDk2vwrXQWpXCHXliVeDeJUq3pa69ZT3Y9_NuZqlUqPuRkZj2i9QjKPGPTP,Bệnh viện Mắt tỉnh BRVT,hospital,10.5069688,107.1771945,"Bệnh viện Mắt tỉnh BRVT, Phạm Ngọc Thạch, Phước Hưng, Bà Rịa, Bà Rịa-Vũng Tàu"
goong_lVQSdrQ8qWIge0i1ZbW1_MN7Two5T_bNuWRYrLN1Iu921Yky_sE6r-aVhQAa1ZqOHpGyNQYRlq1O0U9wqhHS_55thciWFSIXMpWBTR4V1heyfYkATs0iVhbdhEziFSP7F,Bệnh viện Thú Y PETPRO chi nhánh ĐẠI AN TP. Vũng Tàu,hospital,10.367359,107.0863136,"Bệnh viện Thú Y PETPRO chi nhánh ĐẠI AN TP. Vũng Tàu, 383 Nguyễn An Ninh, Phường 9, Thành phố Vũng Tầu, Bà Rịa - Vũng Tàu"
goong_NVNmcrfDOLJmxh6oh1x2YWWDjnVyB8v4Ufb0fK4lKu7B8sCRy-3CR_VG9AW6oXKCCaMYCZasXr_atXH95sWCR25-bDle3FZHJZaFDRIFxgeg4m2RMtxeRgRezPEyBFvrB,Chợ Mới Long Hải,market,10.4094155,107.221767,"Chợ Mới Long Hải, TT. Long Hải, Long Điền, Bà Rịa - Vũng Tàu"
goong_YX0Ih20m5alOv3CstSqEmmEbVr2YUo-2TjBKvKFwnY9iXWO8oWJCl93hbUa6Xf6G1eH9KbuCpuZh7XGS9XZjh1HUBQr-tU7bXe11JhZ9vn_Z6CVqtqVKPn3giCbOfUuTf,Chợ mới,market,10.4935675,107.2151648,"Chợ mới, Long Điền, Bà Rịa - Vũng Tàu, "
goong_uimWmHSsVZAfrGgeblqM7HJwNg-Vj5zAbVxrpl1jvtZu1BG5XV221XSOTRWmYb6Xd7NGU6FyqtJ5oWswoVzv-0awWVWXWuv4dLC5UpBgRvl1SipAGvAaAkHeiXaYtB-vQ,Chợ Long Hải,market,10.408490700000073,107.22120455700008,"Chợ Long Hải, Tỉnh Lộ 44A, Phước Hưng, Long Điền, Bà Rịa-Vũng Tàu"
goong_fbw3eOffbgl62oECm0Bqee6_4iSdCECrYaG0A3lWp6xgrI04rmyxwk9QgwKbUHKedNqzHrcLQOpjg40prZVlfEH-HjRKrx0vVJL2deZ1tWPRfh40LqwtQnXqv5iCdClDd,Trường học,school,10.6304947,106.447492,"Trường học, Thạnh Đức, Bến Lức, Long An"
goong_bEq-lJxnnLJhhHMGltWzv9EqESRiveJSQboNzGp127tlh2nxaq1YlxLBMCeOrChL9gq1gEbV-rsV9oEZbqghR9X2_lCScUVHYeLxKXpxsnLV5hlkKqgr1jHuuUSGcC-fc,Bệnh viện Đa khoa Mỹ Phước Tây,hospital,10.497672112000032,106.09398392700007,"Bệnh viện Đa khoa Mỹ Phước Tây, Tỉnh Lộ 868, Phú Cường, Cai Lậy, Tiền Giang"
goong_jpJeYkRYdleXokiaoUl9CVUKMWNWhT-H0dItiVLsGkvp4sTwgniu-23vhpAU4V6GVRLKjH5Nw6eFuolcQpHKg5W_UXyalB7z7drJEUJJikvt3iFcEpASCknWgXy-SBenS,Bệnh viện Đa khoa huyện Bến Lức,hospital,10.64035933200006,106.48642573600006,"Bệnh viện Đa khoa huyện Bến Lức, Nguyễn Hữu Thọ, Bến Lức, Bến Lức, Long An"
goong_pwSZl16OLfa5z5VA2aByzwI-7cjhYafLWujAnoG16zcGiF0SJWHqOabjOTAh3ioG7t6pTpWB7e-GjT3G1a0C_za-XfgltRL7vialfS2x5ROC_k4kfbh9MiYm7RDRtHvLJ,Bệnh viện Đa khoa Thạnh Hóa,hospital,10.655536202000064,106.19008844700005,"Bệnh viện Đa khoa Thạnh Hóa, Quốc Lộ N2, Thạnh Hóa, Thạnh Hóa, Long An"
goong_i2pkT29GSCmsWkQCoXKjiKdcXCCTbf7kQH28A17B9nojIa3VJuhmgjbFwUAu8f43dl2RQEr27kfSxcH6FGLu_K71pVDS9RLfJrWikxY19W-SXao0buxudjb9pQDCNGvbN,Chợ Bến Lức,market,10.638296596000032,106.48052575300005,"Chợ Bến Lức, Bến Lức, Bến Lức, Long An"
goong_mLHhQ62BfmV_ZUQan2OB4GuibjSyTJmDUI9bODIZihfVRoipFh3Oox2i9WAG3Y79MZMH2OLxMo27GYWYdt6gX47eZckNmkZHJq6FXQ4FxgWFkm0QXt-iRF4mzTDyBFvpm,Chợ Tân An,market,10.5387859,106.4130339,"Chợ Tân An, Ngô Quyền, Phường 1, Tân An, Tân An, Long An"
goong_dJhROA0S6dEGitEoaajt766qnbxKkcLjjApScK6UttXtoqNBCow-UkEOLTSCRArWURdBBWad3jPJDjhe9pHZs6kWme5iie5jMcLRCVpRklP1xjlECogKElHOmWSmUA-_U,Chợ Gò Đen,market,10.638322199000072,106.53779351000009,"Chợ Gò Đen, Phước Lợi, Bến Lức, Long An"
goong_k3mC_5pMsQsoYEQet36e20zYauavCbvvdzBEhKtAjdV82W1fo3KzxWBQghO3bJEkSjM7x61ylV5921Q9rUqBH42-DTAubf4Xdeb1LX52VnW14h1gLq_SNnXq0UCCdCq_d,15C Đường Trường Học,school,10.6510108,106.5699148,"15C Đường Trường Học, Ấp, Cần Giuộc, Long An"
goong_oGCTYVeaRKJzvitIkgawkWzXVBGUBLzQcnJHDF9fsIx2zaApaXOo1WygpA1PvrTgdmGsEq-M4c9zU1F9Qo3CK7kKMux2jXlyVdrLtUJJikvt3dlcEpASCkoh1Xy-SBenS,Trường học,school,10.6652664,106.7073247,"Trường học, Long Thới, Nhà Bè, Hồ Chí Minh"
goong_R1veS5Jqar9Lv24OuUCs7l-Gcky9frisatcoDpZDs0NqlqI1uBqCW1_MsgCnfajTaa8kAL5voMdzkF8Ip32OiaetdUqkbm_88a43WI5-judrlEwYuBiejmm82QzOOGfXO,Đường Trường Học,school,10.6918354,106.652007,"Đường Trường Học, Khu dân cư Việt Phú Garden, Phong Phú, Bình Chánh, Hồ Chí Minh"
goong_b62OTKSshhtrokdMuH9u_GTKaTK7hkPsc8goDb5ClshqrSRNi1OC72evWAG_f6i2NaclXILAYnolZgFc0vadD8W-AUzenjkOPaq6NEo5-WOdrlEsYuBiejmm8QzOOGfXO,Điểm dừng bus Ngã 3 Trường học,school,10.703923000000032,106.56811200000004,"Điểm dừng bus Ngã 3 Trường học, Tân Nhựt, Bình Chánh, Hồ Chí Minh"
goong_uxNsplNPjAxd-VeU8R-0zm3Mo4JTaYsla26WzLh4oMOEayAxt3i8wnSoXwuzH7qIR5JqJ5p7jDNfu0OIsGugPm65X0mnR4rCbqpqSIpcvON6vkHocmhyKim24RzfxHbzK,ấp 4/461 Đường vào trường học,school,10.6693859,106.6506719,"ấp 4/461 Đường vào trường học, cấp 3, Bình Chánh, Thành phố Hồ Chí Minh"
goong_O2lzvTesGGtwkEtqN2yO7xWtYb5kQ5aMX4BUSoltivpDrV5MiHyg8iWvV7gybG75a8lhiLOwQ-6ibmkSuBie7JeWfU2ykcZ7Ghq5Yp45-TGrnlEuOuBiejmm8QzOOGfXO,Công Ty Tnhh Kinh Doanh Văn Phòng Phẩm Và Máy Móc Thiết Bị Trường Học Minh Tuấn,school,10.6790552,106.5786264,"Công Ty Tnhh Kinh Doanh Văn Phòng Phẩm Và Máy Móc Thiết Bị Trường Học Minh Tuấn, 39 Bùi Thanh Khiết, khu phố 3, Bình Chánh, Hồ Chí Minh"
goong_sX2FZE69OaqvZxYFbHH5gJyzUkKwcqHEZb9GLKlsi_pTmngMhrWug2edVqqLtGdeOrN0N2PxavD8nCUnSXyth32jeB2-cZyDZ6NVQYNzg-pmmUYVtRWTgF2SxTj6DFPjD,Công ty Cổ phần sách và thiết bị trường học Tiền Giang,school,10.66693583600005,106.65120029000008,"Công ty Cổ phần sách và thiết bị trường học Tiền Giang, 6 Quốc Lộ 50, Đa Phước, Bình Chánh, Hồ Chí Minh"
goong_npq0kWOsY0t31ltQp5pf4HixdS64sF7wb9Q0EaKKdtRPsThRl6RfK3aLo_u7ewRXddW-PDSCX5UVFS5wooZIH7XOcTw67kWKTdrJEUJKSBPt3iFcEpIIFknWgXy-S6XLS,Bệnh viện Đa khoa Bình Chánh,hospital,10.69127902100007,106.58646999300004,"Bệnh viện Đa khoa Bình Chánh, E1/20 Tân Túc, Tân Túc, Bình Chánh, Hồ Chí Minh"
goong_r7AxtRNVChx1sFrZognvA02DOqqcfIeuTK1Gg4JkJuiRMvVFRq0GAVWGS1earQbIleoRv_HhVshiuvUn0fVCQWXaGZNe3f59eeLxKJZxs9Zx5hlmcqgqMIXuuUdycC5Tn,Bệnh viện nội tiết Trung ương Thành phố Hồ Chí Minh,hospital,10.684880141000065,106.57140399500008,"Bệnh viện nội tiết Trung ương Thành phố Hồ Chí Minh, 27 Cao tốc Thành phố Hồ Chí Minh - Trung Lương, Tân Túc, Bình Chánh, Hồ Chí Minh"
goong_bpWvGWpobllZl1oNuRuh816_WUq9RKnSa6xWN7g32l-a5o1pFbTa1_LjJWhSKGaqOb71SO49xg4umgV1LvG9Cxo9Ch0yKQpCza6OKTY9_j-ZqUkoZuRmfj2i9QjKPGPTP,Chợ Bình Chánh,market,10.665873227000077,106.57159023900005,"Chợ Bình Chánh, Quốc Lộ 1A, Bình Chánh, Bình Chánh, Hồ Chí Minh"
goong_Cle3fsRp9558vmkst3ykqHitfj6bJ7ifdLxvMJk5nZ5PrHE6qQmw_neQT1-veoLhboRLJKyykZ1geW4Rt9ik6XfZIYlmWUp1Ter5IXJxumJ57hFsIqAiOnnmsUyOeCeXe,Chợ Đầu Mối Bình Điền,market,10.702906559000041,106.60965641100006,"Chợ Đầu Mối Bình Điền, Quản Trọng Linh, Phường 7, Quận 8, Hồ Chí Minh"
goong_ZG5sZIu7wm6JkjJwaqGIW_K5PiVrirF1RpTACGSOhKKlp2QXHbpGduqqdw7t7i7lpw5WDEFa9l1LiqmEzeLqpWojNIU5ra4hvp-JdSXu9i6uLkU4dHYubbMu5RjYcvfBv,Chợ Tân Đoàn Việt,market,10.690690714000027,106.65389467500006,"Chợ Tân Đoàn Việt, B5/119 Quốc Lộ 50, Phong Phú, Bình Chánh, Hồ Chí Minh"
goong_aRVEqUBLoHl3qUQxt8H6H3e1vx9M65l4W5e5TY7Qq1RYqEQMufWVQl7PJ0qg0b4dXzB9k4X2q0VrB3Glj8unRWhMcoG8qbN5balf1ongiR9sk0wf5v4mZHm67RDSJyfJt,Ngã 3 Trường Học - Đối Diện E9/193C - Thế Lữ,school,10.7037925,106.5683883,"Ngã 3 Trường Học - Đối Diện E9/193C - Thế Lữ, Tân Nhựt, Bình Chánh, Hồ Chí Minh"
goong_vaJMt1ev2LO3mW44fHHy6aiZVAWyc2Hza55uB4CNccDR8x0tHthT_ynyjch-wcImoV2V9DKhjieCwrVtGgRWJ6GBgTDmBTKPFZaFXQzhxgehkm0SBFxeRgWazTDyBFvrB,Bệnh viện máy tính Lay Hue -Ixaco,hospital,10.693066545000022,106.70377583200008,"Bệnh viện máy tính Lay Hue -Ixaco, 174 Lê Văn Lương, Phước Kiển, Nhà Bè, Hồ Chí Minh"
goong_caSNOmZPYM6Vr0aNX52WolXe3uzulamLRRKV1FbmVXsV1qLMti2RY70WLLIW-ZgvKQ4yKUacCvN1rnUAvp19MpHHVlSqVXEPcQ7WVV5VlUPxwj4UDowNYlXKn7iiVAljV,Bệnh viện tâm thần Long An,hospital,10.534831962000055,106.42746107200009,"Bệnh viện tâm thần Long An, Đường Số 213, Phường 3, Tân An, Long An"
goong_tKOmsFZkAYj9WpnoJgHWdzma1ICi1eKiCsJ9TGXd2r4WzmX06rXmO72e3UwC3dp6FYcFxjoFnhjxvpEOEP3Sqwq9L-bACZniDw2lQRIZ2hu9jYkMQsBCWhpxhSzuGEf3G,Bệnh viện Y học Dân tộc Long An,hospital,10.54043673600006,106.41155575300007,"Bệnh viện Y học Dân tộc Long An, 51 Bạch Đằng, Phường 2, Tân An, Long An"
goong_Xqq9qn6EOFjlmx0pBtnKL8bWgZD9pTqHhqcUlALNnm8VPoClAhmqP-X2wLSNOFaVjZMS0i1qAky1UjVoVr06D_GKwXh-NFoCCZ6NVQYNzg-pmmUYVtRWTg2SxTj6DFPjD,Bệnh viện Truyền máu Huyết học Cơ sở 2,hospital,10.708305275000043,106.57587588800004,"Bệnh viện Truyền máu Huyết học Cơ sở 2, Kênh 10, Tân Kiên, Bình Chánh, Hồ Chí Minh"
goong_o7d7pKJ9-5Rf1GwjmmK-oUiSRVeRctWST9V1EV9ev9u7vnUtR2OBu3Wzbii5Y5CwfaBzFCtbtJVboXWnMnG88jXUdlWjXp7QRLJ3UJJikvtXiHUEpASCkl-gdi-SBeUnS,Điểm dừng bus Bệnh viện Nhi Thành phố,hospital,10.708854073000055,106.57401050200008,"Điểm dừng bus Bệnh viện Nhi Thành phố, Tân Kiên, Bình Chánh, Hồ Chí Minh"
goong_SHWLpXyPlURPyWJ0av2q7tEJckDiTZeb8o6RlG0RehpCo0G1RogG3z3S5cVGi0ZXFQAJoCqUAiex8LGapo3en3WgzTDGlXLzRcbVDV5Vlr_xwj1ADowOFlXKnWCiVAu7V,Chợ Rạch Già,market,10.459216125000069,106.72110228600008,"Chợ Rạch Già, Tân Phước, Gò Công Đông, Tiền Giang"
goong_lquqZ813Wp9Bu44wqmVOoXONSRrRdrG9dYRlCDKdn7NNA0G8YpQCp93C-bCyRA5-lfZd4M3Nc1emliWxSd2SH4HOObCiiLoyXc7dBZZdVl_5yjVIBoQGHl3ClWiqXAOzX,Ba Ria Hospital,hospital,10.509504847000073,107.19609366100008,"Bệnh viện Bà Rịa, 686 Võ Văn Kiệt, Long Tâm, Bà Rịa, Bà Rịa-Vũng Tàu"
goong_pWrScKWRuZnRWkYUn3SUveV9YDpOA7RGO33ZOIqlKvtPVdWdVkHiHu81AbBalAZuI9UAxVKd4n9HpRl43d6eLiddzRgFldY-3_nJBVZdnl40uoVKXAQGHoddzWiqXAOy7,Bệnh viện Bà Rịa Khoa Cấp cứu tổng hợp,hospital,10.5095035,107.1971052,"Bệnh viện Bà Rịa Khoa Cấp cứu tổng hợp, Võ Văn Kiệt, Khu B, Long Tâm, Bà Rịa, Bà Rịa-Vũng Tàu"
goong_IJn5pFvnfX1PsEClpGuD3L30-RxSzeL_De4dMAqlp4lRO3t2vFg61YWSnZaufDYF5c4B2PavbkVKRh2JcmGqJee6AYiasa4KZfblPW5lpmfB8g1wPrw-JmX6rVCSZDuLZ,Chợ Châu Pha,market,10.584994490000042,107.14996783000004,"Chợ Châu Pha, Châu Pha, Phú Mỹ, Bà Rịa-Vũng Tàu"
goong_Tas75XO9e2x4fLUul76imUx_rFlFQZz8eK-tXTNVsphK2reqsGG7n9X0Tv3NVC5AlfIWp9FpWshxhrplYM5TjUEyDtllK3uLXeLycXllsnPV5hqoKUQqMnHuunCFRC-fc,Chợ Nhà Bè,market,10.674060373000032,106.76500229300007,"Chợ Nhà Bè, Phú Xuân, Nhà Bè, Hồ Chí Minh"
goong_p1Rzfut0niVDjnTblllt1PmyOSJS_cbgcQIhL16BykBRHs1TtrG6ZH0OLfvCsXLdXdaOZXJdl7g1HjvPJkViZKEafXNi7Bo1TcbG9-JF1kQdhR4uRpweBLHajXNGRBuoo,Chợ Tân An,market,10.5388134,106.4131675,"Chợ Tân An, Phường 1, Tân An, Long An"
goong_SKF7V3cEufpF1kstogeo23OgaSO-cunNQ5Q8DLth1tp2jCtfkmGW-UOwdjylBaCaX7E2VKxg7ZVsrmofuFu01nUCMZRKlX7z0pLJEcnZQkvuSiFdipASCknWgXy-SBenS,Bệnh viện Nhi đồng 3,hospital,10.709725362000029,106.57436177400007,"Bệnh viện Nhi đồng Thành phố, Tân Kiên, Bình Chánh, Hồ Chí Minh"
goong_mbAkfYlnU3xwuGJYs7Vm-0-4TDmzt4LHZSYZxXasO5uZ5qj5bn3iR30SrbgWYU6DQe7o2Wp9Qu8BOgXY_pw6j2yCqT0mqZn2YkblPW5lpr5bwg1xUGQ-vmX6rD1SZDuLZ,Bệnh viện Nhi đồng Tp. Hồ Chí Minh,hospital,10.7100251,106.5740531,"Bệnh viện Nhi đồng Tp. Hồ Chí Minh, 15 Võ Trần Chí, Tân Kiên, Bình Chánh, Hồ Chí Minh"
goong_oLcWVlDojbd_oV8Pv26v_lFlegexF4H2slduPrBMjcV9vWEatlSB3q3HKy9QcKCDBOMVUsLJimecCm3lEiWOosVCzbi7_bo1hZaFXQ4HZgXFkm0QXtxeRgWazTDyBFvrB,Công ty cổ phần sách và thiết bị trường học Sài Gòn,school,10.720349295000062,106.61224294600004,"Công ty cổ phần sách và thiết bị trường học Sài Gòn, 260 Hồ Học Lãm, An Lạc, Bình Tân, Hồ Chí Minh"
goong_uYc2WjZv_Bler3gUpUKIjmrIVkyJGpfza6Nrh4pCk6ZugU38vn3xgn3LKSgC4GY_WbrNaQohto9dmkzNaiW7L6Wu_VUuJQ_zxa69ZTY9_j-ZqlUoZuRmfj2i9QjKPGPTP,Chợ Rạch Cát,market,10.713419533000035,106.62546737600007,"Chợ Rạch Cát, 212 Mễ Cốc, Phường 15, Quận 8, Hồ Chí Minh"
goong_HWWja4qKankzQ5N0v7y61TCoTz-4HrnPdoGCFaMctiB0hsMqjx-EzHT5RyeheLzibrpDDqpBk41qikdPR2q7iHeGjU4ldarXbopcSIp6kONvmk8c6vG64ihzxRzeKbabK,Chợ Phú Định,market,10.719818237000027,106.62322563400005,"Chợ Phú Định, Đường Số 48, Phường 16, Quận 8, Hồ Chí Minh"
goong_pm2mNOTGW7Nbvb9I_39UuGrLqAuMfCqhWqeGAmkZVGzLsfYP9H12hW-skQmkGrojW5KF1E_dsQL9cvo0y80Z5jWmhjUvIRFuNaa2NT-R9SLtol50bjRtAjWq_9jDNGkC7,Chợ Phú Lợi 2,market,10.708108935000041,106.62240577400007,"Chợ Phú Lợi 2, Phường 7, Quận 8, Hồ Chí Minh"
goong_JJu0CLGVfKt6KW4C2nmB7kC_aiSdeeLfYaFAA6xWp-dgrDc4rmyN_U2DRC-tULyedHNpyqx5Qs-pjgwu3rUCNx0-HZRKrCY3Veb1LX32dnfR4h1gLbQuNnXqvUCCdCubd,Trường Học Mầm Non Mai Vang,school,10.7466725,106.5887457,"Trường Học Mầm Non Mai Vang, Tân Tạo A, Bình Tân, Hồ Chí Minh"
goong_iqIEMnXSg0Z2lHAzjVaMir2TTi9rQKXOi6hsOaEek2t2p1YyvY-xdFuRTg5vHLLDjbd7wRmxkrs1akgVStkeX6mmUJQ21Hanbb6tdSYt7i-JukacdvR2bTmy5izaLHPDL,Công Ty Cp Sách & Thiết Bị Trường Học,school,10.7311737,106.5985554,"Công Ty Cp Sách & Thiết Bị Trường Học, Đ. Số 1, Tân Tạo A, Bình Tân, Hồ Chí Minh"
goong_OKMhhxOfqcxXSH4KrGqfzWK1VEa7epaNbMB2RKxOqDxUwSOGrnWgI1O3fiiAEonBeLVyszd6jdxipGpIg2Weh2DDr1C3Sav7YWVTR4Wlhexgdaxhs9xNAhRO3lWKFEv7F,Công ty Cổ phần sách và thiết bị Trường Học,school,10.730952125000044,106.59883941200007,"Công ty Cổ phần sách và thiết bị Trường Học, Đường Số 1, Tân Tạo A, Bình Tân, Hồ Chí Minh"
goong_q5TMWqVsXXVvlDJkjXnxRnW7iEq4eqkNbbdOJKFkg_JbknAEjlap92mRXjeOHvT5Yrt8MaJBvfiDby0vuXSnbJS1ohW2eXCLb6uPSYt7i-JrkU4dvW6bix25Rj7aLHPDL,Bệnh viện Triều An,hospital,10.739314224000054,106.61707136600006,"Bệnh viện Triều An, 425 Kinh Dương Vương, An Lạc, Bình Tân, Hồ Chí Minh"
goong_WYiAFQNwgGdlxElCtXGI8mqjZ7Y8TaLifcYmqrBMmMZpo6xDhV2MKmXE9BurcaaDZ8dkLr4WkIdZjlc6szmA_2GOXU1CNYIOBZKCpQlYcgOllmkUWqRa2gGeyTT2QF_vA,Bệnh viện Quốc tế City,hospital,10.741045254000028,106.60905510800006,"Bệnh viện Quốc tế City, 3 Đường Số 17A, Bình Trị Đông B, Bình Tân, Hồ Chí Minh"
goong_g8VKhTKxnLBnsCkVOnCb93-vXrZjGICAVFLNOJ2wWqoBjnS0aqHObgmrFJbWLcfgYYZlwsv98udp-xHQMs06EymWwViO1XmfEg6NVQYNzZ-pmmUYVtRWTg2SxTj6DFPjD,Bệnh viện Gia An 115,hospital,10.740518100000031,106.60775490000009,"Bệnh viện Gia An 115, 5 Đường Số 17A, Bình Trị Đông B, Bình Tân, Hồ Chí Minh"
goong_ea5VZg5OSBkhuGN8snqU5HyoTSyed6LcP95NB66ulPhxqm8ee52637GHURa0a3jIiLNRJLtq49193mSQn3mYXk6peJuzMoicfLh5WphomPF9gl0Org6ImH-qKVSWYD-PY,Bệnh viện Quận 6,hospital,10.746348973000067,106.63450834400004,"Bệnh viện Quận 6, 2D Chợ Lớn, Phường 11, Quận 6, Hồ Chí Minh"
goong_Wm0d7aNOEiZJr0kxoW2tWnjZRhmqbrqeSKk4UtkLlNR-tRC2tLNG3XVvl-SuvoNvf4D2AbRJl-V-rFIgrVSf4Xuza1mfVp_ae797XZ9vn_JZJhXoJqQmPn3itUiKfCOTf,Bệnh viện Quốc tế Minh Anh,hospital,10.747505144000058,106.61457203400005,"Bệnh viện Quốc tế Minh Anh, 36 Đường Số 1B, Bình Trị Đông B, Bình Tân, Hồ Chí Minh"
goong_ARlm1-y-I5dHu0pUpVqb63anSjiRRZZiWQI5CDJECoZNpiGdVj1qizUGIZVO8QbHgadJ4u7xziy50Lzl3l5CX03bSYGqRd5_pc7dBVZdnlP5yjVIBoQGHl3ClWiqXAOzX,Chợ Lớn,market,10.744471327057797,106.62782126786108,"Chợ Lớn, Phường 11, Quận 6, Hồ Chí Minh"
goong_stqa2NWeX5ROhme1tXMT1HusTbqiY4-qddlvXZ9XsbVN2Do6t2ymJWKgWua3bpBaYaxrLlFjlHx7sLYKc8V4fIe9STiuUHGnieLxKXpxsnPV5hlkKqgqMnHuuUSGcC-fc,Chợ An Dương Vương,market,10.741917257000068,106.62226225100005,"Chợ An Dương Vương, A6-A8 Đường Số 33, Phường 10, Quận 6, Hồ Chí Minh"
goong_v1BLfaQ0ab9JkkRtpBJd62mSoU6-b4W3cHaTTL1B0O1ck1gOpn-31WmxdU6mfpH1yb61cuxNBleRwy0C4ixioiF2hQEqKYqvvaa1bT419jeRol0gbuxudjWq_QDCNGvbN,Chợ Bình Đông,market,10.738567854000053,106.64313113200006,"Chợ Bình Đông, Bến Bình Đông, Phường 14, Quận 8, Hồ Chí Minh"
goong_KpexvS5xWr5BpNe7CQFe_nCJWiapdJR_OQNNCEZZkm95GpjEzpmS5x2ukPQmgApeUd-leN6Bwp5RepDAapFuP_37QeBShAO3fc7dBVZdnl_5yjVJzoQGH7AGhWnClAJ-X,Chợ Bình Tiên,market,10.74596383100004,106.64435959700006,"Chợ Bình Tiên, Hẻm 234 Phạm Phú Thứ, Phường 4, Quận 6, Hồ Chí Minh"
goong_jaFvuSIdWKuY2L4Gb2lhzpTotjK9emqRro0uN6FoaKFFtZZJjUFF4z_aKf0kxH2m4l4tBjYBCbSaM0VUvz2t0uZjjJkyhd2yoiOFeSoh4bZKYiE0evh5vuvPIRTWIH2yk,Chợ Vạn Nguyên,market,10.728067315000033,106.63246962900007,"Chợ Vạn Nguyên, 17 Mễ Cốc, Phường 15, Quận 8, Hồ Chí Minh"
goong_7FS26Aizb1Jhn1Ibrr-5z2KFbFuvbL3Xf4daLZpSm-F62UoGmgux_mOJvRVqaCoPtYYVFWZlv7HvGo28fnnCXJniRZHas338ge79-XZ-XSfZ6hVoJqamPn3itlyIJn-RS,Chợ Hồ Trọng Quý,market,10.740165700000034,106.63217403600004,"Chợ Hồ Trọng Quý, Phường 10, Quận 6, Hồ Chí Minh"
goong_smFKZ8fZVappmmtEtE_5gGKNUhiqcfzEU51eA2cUj8PDsk1FZ3Kz96-DdA2GF61joZ14QL3ojxZksXhBsE6DFtTqxSH-ERo-qRqNVQYNzg-pmmUYVtRWTg2SxTj6DFIv4,Chợ Lò Than,market,10.739974141000062,106.65413791700007,"Chợ Lò Than, 1618 Phạm Thế Hiển, Phường 6, Quận 8, Hồ Chí Minh"
goong_dLi0p23mNy1BsW0el2KK2W-iNz-iYL-Vc4hEmaRhuHEojmq9ug6ZbpTJBRKOUBImSdtZmK5ZwkZN4s1Qop2Nc1W_U7hWncX6UdbFHU5Fhkfh1i1QHpweBkXajXCyRBurR,Chợ Nguyễn Chế Nghĩa,market,10.742602178000027,106.65403067800008,"Chợ Nguyễn Chế Nghĩa, 129 Nguyễn Chế Nghĩa, Phường 12, Quận 8, Hồ Chí Minh"
goong_L1BWeodQnd1jvZsZrFC7zHWCHbnmtsb_VWW5YfZiFmeN420gEmAmz_Ey-OwN9mIHvY4dHWwht7sR0oW0dnHKV7nqTZiKufLTqeatLX71tlfQknVh4qwuNlQuvUCCdCuad,Chợ Phạm Thế Hiển,market,10.743228861000034,106.67111544000005,"Chợ Phạm Thế Hiển, Phạm Thế Hiển, Phường 4, Quận 8, Hồ Chí Minh"
goong_j6S9MV6AuWzhhk0nRRyIb2-0oj1RRLLxWZK-LntpqtVfoYlLuXfNiHaLcwq_Hq7Kaakm4DqJ7k85Zq1E6jlWE7naSTRShHrJobKheSoj2iHhtkk0evh6YiG-6RTWIH_PI,Chợ Nhị Thiên Đường,market,10.739451444000053,106.65724649500004,"Chợ Nhị Thiên Đường, Hoàng Minh Đạo, Phường 5, Quận 8, Hồ Chí Minh"
goong_LXZB-KJAvmNdvHkQrgXj1XCPNg-iVouQBaFsH5VZtuxAsV0op5iMTbxyWT-m8bnqj4hjKbtZSvilxsUXwo1ycFHqKaFW7c5PbdLBGUpBgkPl1ilV0pgaAkAaiXXeQB-vQ,Chợ Xóm Củi,market,10.746382483000048,106.66055544400007,"Chợ Xóm Củi, Tùng Thiện Vương, Phường 11, Quận 8, Hồ Chí Minh"
goong_KRCHtXC3tlZ5wyFjZ7r1h4-lsWV0eEpFw7epB7pMd9dnmUo_tnah3Ve7UgWwq5fYUa4oQz6eWs95mFK1PU2fx1G3XjiHTofOY6dRRYd3h-5BinUIRsRGXh2C1SjqHEPzH,Trường học trực tuyến E-Study,school,10.721438971000055,106.71487447800007,"Trường học trực tuyến E-Study, SA 37 Panorama, Trần Văn Trà, Tân Phong, Quận 7, Hồ Chí Minh"
goong_btJFbRxdNTpsqH-NoWqypGooJruJea4vYqp_iI9oi4yxZumfRvx-mL2qRaPejvpQyb5J4iya6hwd2znj_oUGyT2HPdIqORItKgKhebIh4iB7hkkWhvh6ImG-6TciIH_Mx,Công ty TNHH Thiết bị trường học Tân Văn,school,10.715314897000042,106.68722817200006,"Công ty TNHH Thiết bị trường học Tân Văn, 6 Đường Số 8, Bình Hưng, Bình Chánh, Hồ Chí Minh"
goong_XqRF8muiZoROwuFkSku5ll2qLe1WntnvTcqhRO76cSS1EjW_tkbZkG0S3PiClcH3m66RjLr2iqudzizIwprpmkGq0bwqpi2SUcLRCVr2UnAJxjlEClP0DlHOmWSmU73TU,Công ty TNHH Thiết bị trường học Tam Thanh,school,10.709468493000031,106.73710253000007,"Công ty TNHH Thiết bị trường học Tam Thanh, 1422 Huỳnh Tấn Phát, Phú Mỹ, Quận 7, Hồ Chí Minh"
goong_1-FtRkXTv1ptTjVRrmPXd5OxYD2jbL1xQqNkE65Yk8OljV4rc7pi8qKNSlKWtYPMXooqRaEEjHM8olcpoZuL20WjSiyTWZPad7NFUZNjk_p2iVVYFpQWDk3ShXi6TBOjT,Bệnh viện huyện Nhà Bè,hospital,10.70460548400007,106.70441692900005,"Bệnh viện huyện Nhà Bè, 281A Lê Văn Lương, Phước Kiển, Nhà Bè, Hồ Chí Minh"
goong_ZGBWZWe3jJhhoHs4tXCAhX7FdxmwYZDFYbJzG6lKiL05nl1WrHODxzyxKh6fXaLhZrxVH4AUkMR-olUWvmCpxmSiTQaqb_P5VqB7QoBwgOm2mkUWZRaQCgLayTT2AF_vA,Chợ Phước Long,market,10.703461884000035,106.73186282400007,"Chợ Phước Long, 179 Phạm Hữu Lầu, Phú Mỹ, Quận 7, Hồ Chí Minh"
goong_IcKTqYGqgWhNlu1YfUJO9q2aBaF_LnrnTe4NeKVaen-V-3U5_D561-gKyTn0OnYG3ZelBXWuaVodyp-gbdKhr6HyVYCR6m5Psf3tNWbutm_J-Il5rDZuLm3wNViYMreDb,Bệnh viện Quận 7,hospital,10.737448081000025,106.72447074800004,"Bệnh viện Quận 7, 101 Nguyễn Thị Thập, Tân Phú, Quận 7, Hồ Chí Minh"
goong_qbmgHqWJWXREqVlOuUOVzlOXVEy6Rfrvb5B5T4kdheFjqic7jB760GhtVwm4eYmOu19fBIhr8vqBuUwLvxy7df65_RD3PQ6fgbb5fS4l5ieBsk0wfaTCZiW67RL8fNPLJ,Bệnh viện thẩm mỹ Ngọc Phú,hospital,10.73951519800005,106.66922018000008,"Bệnh viện thẩm mỹ Ngọc Phú, 316C Phạm Hùng, Phường 5, Quận 8, Hồ Chí Minh"
goong_Uq0JRlaiCG9hr0oDnwjk2XbZcDh_l4Ouf4CpOWSb4ZpPhiZTqlaX20-sJCqebLn0YrwJ5K5lus556slp7tVOF7HiGXHitCIfWe79JXZ9vn_Z6hVoJqbYJn3itUiKfj-Tf,Bệnh viện dã chiến Bình Chánh,hospital,10.721475199999984,106.6588745,"Bệnh viện dã chiến Bình Chánh, Nguyễn Văn Linh, Bình Hưng, Bình Chánh, Hồ Chí Minh"
goong_oU1sN8O5XpB3kV5LiWiQ8m2RZwaJeoD7dZBVB2i9i9dulyY9RXeEwXWkUSy5RZT0b5B4CI54g8FfhnMxvn4iEvlm4XSfgaam-bKikSoh4iOFtXpIevh6YiG-6RTWIH_PI,Bệnh viện điện thoại Cell Phone,hospital,10.72400822000003,106.65594081900008,"Bệnh viện điện thoại Cell Phone, A19/7 Quốc Lộ 50, Bình Hưng, Bình Chánh, Hồ Chí Minh"
goong_oNl0MFx5YL50k3FNumqr4luWXA27HYWLbqVcKaBogaWg6EBIgRxovom4LynNH57PWaLm_LUBD-tFEuVkWbWny87e1ehKPafb1balfS4l7ieBsk0wfvx-ZiW67RDSJHvLJ,Chợ Đệm,market,10.692612330000031,106.57806179300007,"Chợ Đệm, Nguyễn Hữu Trí, Tân Túc, Bình Chánh, Hồ Chí Minh"
goong_1wBk3k5gly1p01pVqmfll3W1dzmnMbnTRqdoF6pcl8d3iVovpmax5HeNUgumZIfIQY44n6UAiFNppqHfQl2-LkGnpdeXXo8oc7dBVZdnlR_5yjVIBobuHc5cBWiqXpexw,Cantin bệnh viện Nhà Bè,hospital,10.70394034900005,106.70428091300005,"Cantin bệnh viện Nhà Bè, Phước Kiển, Nhà Bè, Hồ Chí Minh"
goong_04SomX4EDJtMtlMMsCu8832pV3mSHJJ-pN5PacM-lk1Lqzxpqx60ekyoT-2fOuQMPfapTU60Xmpl8qT1WqRmC8qzddQ1zWODSrLpMapqzDPN_V4CarCeKmn1fVw2aI-Ha,Điểm dừng bus Bệnh Viện Huyện Nhà Bè,hospital,10.70780650000006,106.70977890000006,"Điểm dừng bus Bệnh Viện Huyện Nhà Bè, Phước Kiển, Nhà Bè, Hồ Chí Minh"
goong_vGpEQ0waKEsBb34Ds0OBjmvKQ6ekYRfvZ791tLN9hstqrSQ3ixqoilmRR6KLGZKMaRJp2l6Rujo1YvkMgiBmGiXCUW7gqfpLoaq6Gj45-jlhrlDfnuBiejmm8GDOOGfXO,Chợ Phú Lạc,market,10.690863785000033,106.65443795300007,"Chợ Phú Lạc, Quốc Lộ 50, Phong Phú, Bình Chánh, Hồ Chí Minh"
goong_HLZ_cNj2trN22VIurG-fnGGpRVJrfU7qfSNhCHJlwstZ4s0p7rm6PUiCHJv-aCb1aY61IGapWuZh-rFY_r3yx_3jZOFiuU5Pde79JXZ9vn_Z6hVoJqQmPn3iXUiKfCOSt,Bệnh viện Đa khoa huyện Nhơn Trạch,hospital,10.72682844600007,106.88400422200004,"Bệnh viện Đa khoa huyện Nhơn Trạch, Nguyễn Hữu Cảnh, Phú Hội, Nhơn Trạch, Đồng Nai"
goong_ZrB_EIhZnTwN8m204rrSC3WO3RzdLsqDHfrEoO6sUictivnGKh3yOHReMT_GHFfHqZqJLBrJJgoX5m2JHhWKCgE-zLUa0fY7fZqJUQIJygutnmEcUtBSSgmWwqz-CFU_C,Chợ Kiểng Phước,market,10.390111699000045,106.74563016700006,"Chợ Kiểng Phước, Kiểng Phước, Gò Công Đông, Tiền Giang"
goong_s2J1rJamngFkukQUpHW05UqpVxyqDCPtTMHphkpq7q35mek_erQ0lmme5fQSfDLuaS962Gal5gvxNT4BfqniW5EuodTWsdZbCfrpMWJpqmvN_gF8MrAyKmn2oVyeaDeHa,Chợ Tân Thành,market,10.314390548000063,106.74953589800003,"Chợ Tân Thành, Tỉnh Lộ 862, Tân Thành, Gò Công Đông, Tiền Giang"
goong_3KpZoYR1rmJ4hVE7rlCm4nnYYF-1fZfVeK97HrZVJcRL23Ocqwuw15SFSTwlC5l4Yth7LbVRgJGl8vFEcr37nxWzbb1m2CpzVeLxRXpxsnPV5tUoKqgqGnHuMUSGcC-fc,Chợ Gò Công cũ,market,10.361878168000032,106.67378373700006,"Chợ Gò Công cũ, Hai Bà Trưng, Phường 1, Gò Công, Tiền Giang"
goong_dQWYrI_Qp0pxs0ofuXGmwHHXZz6WWoCTbqx_KKBxmNRuiT9Sp1u-9nfXmSCG7cKlJdLGQHa28kHB3KWtckORdnmwM41W6f0mUdLBGUpBgkPl1ilUGpgaAkHeiXS2QB-vQ,Trường học mầm non hoa sen,school,10.5336982,107.2088415,"Trường học mầm non hoa sen, Hòa Long, Bà Rịa, Bà Rịa - Vũng Tàu"
goong_udUVa5MpZ3R80PkxYlNyGAHKkFVun5u5laKlQnau8C-YstUBDvpeaA8-2biSi4rN2a9B6Lb6SiXED0Tsbo2iVdXTQYiGVlutlcbVDV5X8lQNwj1ADo5WFAnKnWCiV1e51,Bệnh viện tâm thần tỉnh Bà Rịa-Vũng Tàu,hospital,10.585055885000031,107.23593583900004,"Bệnh viện tâm thần tỉnh Bà Rịa-Vũng Tàu, Bình Ba, Châu Đức, Bà Rịa-Vũng Tàu"
goong_ZWmdiXk3spl4tbUskXuomkhqeVzAqJuRSN94Ia92xKNIg24csGibp324Qxefr_K3ToY_Fmuq_7xPg30WqXhUfmW40RmnesGZfblPW5lpILA98g1zwrw-Z4n6rVCSZDtmw,Trường học hallowed,school,10.7708264,106.6267587,"Trường học hallowed, 87/11 Tô Hiệu, Hiệp Tân, Tân Phú, Hồ Chí Minh"
goong_pjPkQulkWv5pt1oTpnexx2qNZFOnvlyhd48uUt-1k5Jy0SW7cwO5_JIROYLd1Z1rlaY2LUZFnTc5-q2cXlnif5HCZbCikdp-fc7dBVZdnl-ByjVIBoQGHl3ClWiqXAOzX,Bệnh viện đa khoa Bình Tân,hospital,10.764648132000048,106.60334203800005,"Bệnh viện đa khoa Bình Tân, 809 Hương Lộ 2, Bình Trị Đông A, Bình Tân, Hồ Chí Minh"
goong_6T1QvoLN5rZ6_TqVWn6ZtHj2M9uxfoF5qHpIX61UkZ1M32YYgleRq08kS8Vafrt9d35mIoStnZtK1DdevAuenHT1clm9UZGdefRLXH4dtnat4nVgLrwu0nXrdUCCxCo2r,Trường học,school,10.786377,106.666297,"Trường học, Đường Cách Mạng Tháng 8, phường 11, Quận 3, Hồ Chí Minh"
goong_Q4_BrWW9myplYUwdqJ6jyGY4RGKoSomEayZuJYEVp8ZQoYlDsXCoW2Wwykayc7_yZa1uGoZjgd5gsEwhqxS7_1C9VIGrTJD3FOKhXZYFxoehkgUQXtxeRTLezgTxmFvpM,Trường học,school,10.7519116,106.7198172,"Trường học, Tân Mỹ, Tân Thuận Tây, Quận 7, Hồ Chí Minh"
goong_MB4m-kfN821fuXJEomivyWuQJ26Odsn2WZFPp7hroPBopWYytEUJz3dpvwZmzLfZYEO6T7hD9s5jk1cHtHmRzGmXREu3eoX3bal5fS4l5ieBsk0wfv6WZiYEfRDSJu_Ju,Trường Học,school,10.7889801,106.6987826,"Trường Học, Đường Đinh Tiên Hoàng, Đa Kao, Quận 1, Hồ Chí Minh"
goong_ioLDj7xjk5Vqul8WinTxzB2mZS27RpaOaqNxLLd6zI9a9EMxM0eFwm-Sdr8KQLThd6ksPox7p4tv6kE9JoEa4R22T-Ry4HW5tkqpcSIp6buNvkE8cvByaim24RzeKHfHK,Trường học,school,10.7649619,106.634181,"Trường học, 13b Nguyễn Trọng Quyền, Tân Thới Hoà, Tân Phú, Thành phố Hồ Chí Minh"
goong_aXahs0CxpG1bjb0jpmyrzW-UaiKKcqPyXZVLDbxv_vRsbWI2sKE0y2xBVPeNGBPdZMlDS7xH8sqFl7sDU32VZ8iTsE-z1foHzaa1bT419jeRol0gbQBudjWq_uzBAGvbN,Trường học,school,10.7721396,106.6668311,"Trường học, Hẻm 449 Sư Vạn Hạnh, Phường 10 (Quận 10), Quận 10, Hồ Chí Minh"
goong_u0Y2e7xvQkJpqnAsjjKH_27PQkKNog_MbKheJqKli9t2b4NJvRyxXblazTGiQIf3a5VSFKFdl_V7uEZIolabj1qUXUiMaa6Jb6t7dSYt7i-JukU6nvR2bi2y5HUaLHPDL,Trường học,school,10.7547746,106.6815544,"Trường học, 81 Đ. Trần Bình Trọng, Phường 1, Quận 5, Hồ Chí Minh"
goong_SAZYnHoeHCndg2TpaqG-g25WCSBmcV-Jj5IREL7Rslcd5rnkYrn6zJHKCYLG3QLwlecJEh6pRgeJMfWYEt7-V_0piaiWbQL_7eatQX71tnfR4nUsLq7QLnXqvUCCdjebd,Trường học,school,10.776463,106.6860109,"Trường học, Ngô Thời Nhiệm, Vo Thi Sau Ward, Quận 3, Hồ Chí Minh"
goong_q0a1GutS-5XKElSYzjBu-as6gSSy_fJD_ZpImMLJBbPtck203v6Ii7HC9QgG6b6rccbxRKrlFnzVarSvFphpoAa6tQQyNbFylaKxaTox8jIxplkkauhqcjGu-QTGMG_fM,Trường học,school,10.7671985,106.6877463,"Trường học, 244 Cống Quỳnh, Phường Phạm Ngũ Lão, Quận 1, Hồ Chí Minh"
goong_e7cik8tlbEF6uLIUNnXpBy3_cizWsUVaYeqd0hKt6I61lgjRZ31C1rEq6kxuye6IwfLqbFqZXm-9-lWAHmw7o22enQl6xdJOff7tNWZtrm_J-gV4NrQ2Lm3ypViabDODb,Trường học lái xe,school,10.7710113,106.6412451,"Trường học lái xe, Phường 5, Quận 11, Hồ Chí Minh"
goong_8mxYChBIWK9iwmUag7OZ9mGncjx2hfrHeblYG7ROv_94tC8gtnSV95al7UDSNWKRhg8KsBoYTasJ7m6s8tWSV31effTGzEZXNYaVTR4V1hexgn0ATsxOVhWK3SDiFEv7F,Trường học Anh Thư,school,10.7831394,106.6402174,"Trường học Anh Thư, 519 Đường Kênh Tân Hóa, Hoà Thạnh, Tân Phú, Hồ Chí Minh"
goong_RI1Dt2VjxHlosIkhtkD2tJ2D-6IGwYo_pAbIqUIZhgYNXni86sUv-w3-yJziETKf1V7FQO7dygqhTnltMhmCBp2uiRnqBTK_jZaFXQzhxgehkm0SBFxeRgbezTDxmFvrB,Trường học công nghệ MindX Trung Sơn,school,10.7341346,106.6897,"Trường học công nghệ MindX Trung Sơn, Lầu 2, 195 Đường số 9A, Khu dân cư Trung Sơn, Bình Chánh, Hồ Chí Minh"
goong_rUquZWM-sXmPn2ixVjKcroK0TgOASpeFBVqVSKLlol_16pHtFEHi572O1Uga9Z7n4YLZSRbF2oYBtp3xEgHWrzHml-Rm1S1rPY6dRRYd3h-5inUIRsRGXh2C1Sjpnh_zH,Trường học Vstar,school,10.7427643,106.6990276,"Trường học Vstar, 22 Đ. số 6, Khu đô thị Him Lam, Quận 7, Hồ Chí Minh"
goong_tE1brx9jvH7F9vWY6t3mR4X-tSCmbcqfZfCRI26t-ef2RAmqrGwt02t18bpi2bo3Nr75UUKtv5th42yFhmnydnkusNxy2fI2Zeb1LX51tnfR4h1gLqwuNnXqVUCCdCuav,Bệnh viện FV,hospital,10.732618538000054,106.71818953000007,"Bệnh viện FV, 6 Nguyễn Lương Bằng, Tân Phú, Quận 7, Hồ Chí Minh"
goong_cKJBpRJBlFlqtEqiGnu660Snb6otApTjQrXUpCt0vdBoqHsPowOOYxHOndFKjZLWURdACF6d3jPJDjmxRuHaY6nCkezume5jMRbRCVpRklP1xjlECogKElHOmnCmUA-9Z,Bệnh viện đa khoa Quốc tế Nam Sài Gòn,hospital,10.736020082000039,106.69089343100006,"Bệnh viện đa khoa Quốc tế Nam Sài Gòn, 88 Đường Số 8, Bình Hưng, Bình Chánh, Hồ Chí Minh"
goong_lOnmlnGlcp6ZjENWQ3VYLHCMje-UZ3obaI1IGqBYo8pzijsgjWqkuXHcPzKkZZ2Jco1lFZNqtNxPCdW46o5uZ_URlQCqjdLTecbVDV5Vllfy8j1ADowNwlYWnWCiVAu7V,Bệnh viện Tim Tâm Đức,hospital,10.733470737000061,106.71797980800005,"Bệnh viện Tim Tâm Đức, 4 Nguyễn Lương Bằng, Tân Phú, Quận 7, Hồ Chí Minh"
goong_wq5iVESg8aEt8ok8Gs0li0n-YcUaypHHKYppHMIdPhvxPxGcbhxas41ebW7QNF57wfJhYh4Ry8WbbvnICg22Ka2WMO3mxY4r1ZqI9QIJygutnmEcUtBSSgmWwTz-CFYr5,Bệnh viện Đa khoa Quận 8,hospital,10.741771497000059,106.67656805100006,"Bệnh viện Đa khoa Quận 8, 82 Cao Lỗ, Phường 4, Quận 8, Hồ Chí Minh"
goong_ubg9et3gcXuy31JZrmp_6X6tVie4VpP5Zrd8GKtXg91ysTFYnkaX8n2nRhiqar2YfNNxCNaUNi5wilUJMqFab5CGVRgeyDpiaf7tNWZtrm_J-gV4NrQ3bm3ypViabkwyL,Bệnh viện Phương Nam,hospital,10.73439895200005,106.71772868100004,"Bệnh viện Phương Nam, Nguyễn Lương Bằng, Tân Phú, Quận 7, Hồ Chí Minh"
goong_4cFNep57Tdty3EIbmhuI0nyqVQ6pBeC3Vuhma6Un6H-nu05prQCXXmenRg2wI73sZd50eLAVh5Nm3zUNmy-bnNHresnudWWyYf7vla5sNm_J-gV4NrSaLm3ypVgybIuDb,Chợ Bình Tây,market,10.74938360300007,106.65106417700008,"Chợ Bình Tây, 57A Tháp Mười, Phường 2, Quận 6, Hồ Chí Minh"
goong_r711vjixoUF4g3MaeG4ln5qsTeZibV3beqBZM7aUfHNMsGcTmZTln1GFdSitGbOPuUaxrqiZWru97gzq1tWOimGK8ZwKyboOceLxKXpxsnPV5hlkKqgqMnHuuUSGcC-fc,Chợ Ba Đình,market,10.748265802000049,106.66843375600007,"Chợ Ba Đình, 66C Ba Đình, Phường 10, Quận 8, Hồ Chí Minh"
goong_oaull36RNAp9wtl4YvWi5kkCJRjqRZ-T-RqZnGapchJJ-0m9ToAO15HGJXhGmvmXHobtKCHOXi-5qjWQxp3Wl32qnTjOnXi7Tc3dBrZe3Vf5yWmcBoQGHl3BSWiqXAOzX,Chợ Rạch Ông,market,10.746808509000061,106.68642230700004,"Chợ Rạch Ông, Nguyễn Thị Tần, Phường 2, Quận 8, Hồ Chí Minh"
goong_C1lHBjR2KUZ0ozp0pWOI5F2gBqZsf5OTTda8lqIFiJOYPo4Ju2CPcJWwTh2hYuvscopjIaNvqslw12cfoG2X2V2jRTCmTZDXdLSBG65BgkPl1ilVSpgaAkHeiXbmQBy3Q,Chợ Tân Mỹ,market,10.736432430000036,106.71873708800007,"Chợ Tân Mỹ, Tân Mỹ, Tân Phú, Quận 7, Hồ Chí Minh"
goong_ln9PSaR-f4RTsn8rIr7d8x22vblu1nnqcnZYwJqhxqNhPw2kbT2-34CfbS3evfKD1BYE4Ea2ysPhIfmIRroS71nm_Yh6gfZrGer5IXJ5unvd7hFsIqAiOnnmsUyOeCeXe,Trường học,school,10.7875748,106.7284438,"Trường học, Đường số 34, Bình An, An Khánh, Quận 2, Hồ Chí Minh"
goong_eiCHEva8nbN8sW4orH-dxEysbVi2fJ6fTNszJatylcBMh2oYtGynq3mDaiSfHb5WjSoI7WK59o_t5fWESrYe41Ut8YR2jfpnFeVC9X51tnfR4S1ixtAurnXoLUK-NCubd,Trường Học,school,10.7744154,106.7591562,"Trường Học, 45 Phan Bá Vành, Phường Thạnh Mỹ Lợi, Quận 2, Hồ Chí Minh"
goong_FZa4vJRquQhwrlCGsGGgAF69dfG-GI75WK9haqduv8oxsltyghmOyGqQQxClf6KOX69bDb1tyuhZN3aUQ2yC82G5LviFhX4LWYbhYTK5-judrjksYuBiejmm8QzOOGfXO,Bệnh viện Chợ Rẫy,hospital,10.757446423000033,106.65964779700005,"Bệnh viện Chợ Rẫy, 201B Nguyễn Chí Thanh, Phường 12, Quận 5, Hồ Chí Minh"
goong_pn0hvnklg3xLGkFUAr1HYnmGASV-dUYbBtXpvAqxRrPWEhEHcrTyE4E61a26tbiXXfjE6vbZRr9pNkDoFr3N4xYZOShKaULzjqpxKXnhshvWcjFlRqgqunHvnClGclLAL,Bệnh viện Từ Dũ,hospital,10.768825295000056,106.68563794800008,"Bệnh viện Từ Dũ, 284 Cống Quỳnh, Phạm Ngũ Lão, Quận 1, Hồ Chí Minh"
goong_lyKYbYD2KV1AoEpXoFqMcECOTVWj1-NcdolgvJAEnPh6Vj6zlQfjdMiPaxa7YJB1RrBGHZFy6-ProFVspgWi5xLWXSSnWr75dLBGUpBgpvl1ilUGkAamkSHeiXbmQBy3Q,Bệnh viện Bình Dân,hospital,10.774255003000064,106.68133259200005,"Bệnh viện Bình Dân, 371 Điện Biên Phủ, Phường 4, Quận 3, Hồ Chí Minh"
goong_x_NUchRko6h_oUwFsDjB0XybckqxRafJYWVMM4Rhhf-ZTEQYhLevrXzgLwcVhJ3Hf5tbR4dDx8thovXEBgG6J8maPej6yYIn2ZaFXQ4Fxgehkm0QXtxeRgWazTDyBFon6,Bệnh viện Hùng Vương,hospital,10.755624167000065,106.66178053500005,"Bệnh viện Hùng Vương, 128 Hồng Bàng, Phường 12, Quận 5, Hồ Chí Minh"
goong_o3agNFaMo2xs1lBhr2LgknCwPGWibbzWQ3ISX6CiksKvWSpXcmO082ygKqQ9T4LNmruXRysFi0TajaBLKFiK0kSiLUSSW5LbdrJQV5JikUvt3iARfpASCkr51L1-SBenS,Bệnh viện tâm thần,hospital,10.752479872000038,106.67831193900008,"Bệnh viện tâm thần, 192 Võ Văn Kiệt, Phường 1, Quận 5, Hồ Chí Minh"
goong_unGxuiq_bT1x6JtkIbOpZHVepTOgYrXJeZaSNJRzkJNCoXw3pAS980SNRjOiY4_suolGKXcHdJCh1WMcnFqp5HVrUb1SVX5CRd7NFUZNjk_p2iVYFpQVzk3ShXi6TgwTT,Bệnh viện An Bình,hospital,10.754501165000022,106.67149330700005,"Bệnh viện An Bình, 146 Trần Phú, Phường 7, Quận 5, Hồ Chí Minh"
goong_01sAllPRtWtEjzw2l3eWcv6kSFC8dKR_f3agAFvSmvdQoXKEivWa40nS_eSOnZLXQnolfEqu6v3TeXXkZloy3lEaJbRe_ZO2ScrZAVJZmli9zjFP_oACGAHGkWyuWAe3W,Bệnh viện Quận 5,hospital,10.754096415000049,106.66577044100006,"Bệnh viện Quận 5, 644 Nguyễn Trãi, Phường 11, Quận 5, Hồ Chí Minh"
goong_i6VdZ4dAsYduwUo2q3e0j3nASkKBS6KEUK5aBK5owM5gqlI4tnar_VCXWkS2dsDue7VoAbJOoYBmtE4-t2RjB56nBICe2S2DFY6dRRYd3h-5inUIRsRGXh2C1SjqHEPzH,1A Hospital,hospital,10.788739397000029,106.65320817500009,"Bệnh viện 1A, 1A Lý Thường Kiệt, Phường 7, Tân Bình, Hồ Chí Minh"
goong_SYZaj_iawzplsnhHgnMY2WedTjaCYZ_BZ2MoqrWyDP9jYVWFDhhemg2egeEaocoOvUct_DrNnppsXsU5FhX2qgGSvdwOFfK2AZ6NVQYNzg-pmmUYVtRW1g2SxTouTFIM-,Bệnh viện quận 10,hospital,10.776170924000041,106.66665301900008,"Bệnh viện quận 10, 571 Sư Vạn Hạnh, Phường 13, Quận 10, Hồ Chí Minh"
goong_nofkaE5akA56uWM_fFGU7J3cURx9aLbff7tKNeLE1mMhlqk5RsQ-iVXyo3hiyIZRRToZBabIHhOZ8tK5bVUWInEmrsVufer2afLhOWpixmGh9gl0OrvGImH-qVSWYD-PY,chợ,market,10.7735074,106.6944202,"chợ, Quận 1, Hồ Chí Minh"
goong_uK-HO1vPmGZgqiw5hhGfxHi0QyZidpr1tacsOmxnqPFWmSg9tUy05lCYsDRfZaDGe7a3ILPWlU9QpyELSxCk3lanrAZLZqOGYqZQRIZ2hu9jnEM_sBCWAhmG0SxCGjv0R,Chợ,market,10.769146,106.681044,"Chợ, Bàn Cờ, Quận 3, Hồ Chí Minh"
goong_pcyUdZVrzINak705IukCp0W27QUy7a_DUaka5N7Z5g6JcZF1JtR_5wDLPLVy6a7X8BL1SELprb-KLp05KjHR14HaNXjSNVof0b6tdSYt7i-JukU4dvR2bi2y5RjaLHPDL,Chợ,market,10.7530656,106.6574942,"Chợ, 204, Đường Phùng Hưng, Quận 5, Hồ Chí Minh"
goong_e5jlrrKkU2xJhi8HgAtD2nnYRzGgloJ9f5BHGJ_YrNd_rzS3tGwlmnuoZawnfqecfrdLhzNvfpx4r1cqmI5_7XqtS120U7PWer5IXJ5unvd6hFsIqIAiOnnmsUyOeCeXe,Chợ,market,10.7548651,106.7022283,"Chợ, Đường số 10, phường 3, Quận 4, Hồ Chí Minh"
goong_D7l3qb6_jXxmuEJrgUPw5i--KW68bIOmXogkSm-Q549ZRSE03yofwbWamdDO_zan7WbleNZB8No9diFWMrG5IymWPdE2vQqHta49ZTZV_j-ZquUoZvRmfj2iPQjKjGPTP,Chợ,market,10.7844077,106.7355579,"Chợ, K94 - 95, Bình Khánh, Thủ Đức, Hồ Chí Minh"
goong_d5SgeiB-QsG5so1pVuU2I-UC8ZxGucqL7vEZjFrpinOmKiH81ul2XlXWPPl25c7byerE_XadZmOd6KWumiWCi8HW5aKC6BSTxdO9GUpBgkPl0ilUGcKaAkHWiXS0GB-vQ,Cho,market,10.7736064,106.6429748,"Cho, Trịnh Đình Trọng, Quận 11, Hồ Chí Minh"
goong_YYjca81GpUFgmyNDr2eA5GPCKmStJKjvY5hRZ7FNqPBVtH8BhE6LS8Xm0hhuFZ6J_bqd_O7RnhLJTrT0u1BKdgm2HR0CFSIjsYKSMRoR0hFJhnu0SshKUhGO2STmEE__E,Cho,market,10.763964,106.648005,"Cho, Lãnh Binh Thăng, Quận 11, Hồ Chí Minh"
goong_mH2bVX9Vqp993FFarSGQ6nK7f2myJLr6Zd4-G6hUgN5xu65bMkWUD3_e8V2pab6KQf99BNqYOiJ1PlkEiq1WY53mWRQSxDZuZtHxOWphomPG4sV0OfA6CmK6IeCV_VePY,Chợ Lớn,market,10.751212955000028,106.65549460400007,"Chợ Lớn, Phường 14, Quận 5, Hồ Chí Minh"
goong_rKCWXO94iV1HoWo_XHC30XOIuj69br_uQXZXEXWZ4nOJvXT4qcOjrkHGtaRGicK_BW9VfV6BbuNZ7i08frGHup3GPXFPUYp2vdbFHU5Fhkfh0iyhUpweBkXajByyRBurR,Chợ nhỏ Đội Cung,market,10.7656514,106.6484251,"Chợ nhỏ Đội Cung, Đội Cung, Phường 11, Quận 11, Thành phố Hồ Chí Minh"
goong_iQVeX2yls1ptiWQcNaOQkneV_fBOtKr3gRbA4c64ek-l1jVoWo1mckEOgXheUcLX7QYybBbpxiDVE1dpzoRehkHS6aF-VYo3Ud3dFv5Njk_q9UVZ2pQWDk3ShXi6TBOjT,Chợ Quán,market,10.75722953150003,106.68105915950005,"Chợ Quán, Hồ Chí Minh"
goong_CVJ_rzvP2q1-tkVZnwuznGG9bByZCbHdf4FKAa1SvcB7r2Qknnyxs0_AeBmaCJJ-GYoVCAK8Kl4N2o2ypJn3m12KvRjmpVqXbe79Je59vn_ZdhVp6qQmPn3itUiKfCOTf,Chợ Cầu Chuối,market,10.765275675822332,106.69638355068766,"Chợ Cầu Chuối, Cầu Ông Lãnh, Quận 1, Hồ Chí Minh"
goong_vq241kKHWhlz3o2sPQUatNl5rSu-8f5dNuWumD75CKc2yl5M0uRuD33GzWQK_UqnSaK4lAb9uocZykV4JpnyPiG6sdEulb_D9a69ZTY9vj39qlUoZueafj2i9QjKPGPTP,Chợ Cũ,market,10.7719787,106.7031359,"Chợ Cũ, Tôn Thất Đạm, Bến Nghé, Quận 1, Thành phố Hồ Chí Minh"
goong_uTaTQs-Ha36VuvX8CskKAj2rLYBalRW_uZr50o7K1fMprKSWsihtCy12WqUuHGFq4aJY2aI0Yj4xZvwAhiRuHiHGVWiuOf5Ppa69ZTY9_j-ZqlUoZuRmf9Ka9QjKPGI9o,Chợ Bến Thành,market,10.77253621500006,106.69798153800008,"Chợ Bến Thành, Bến Thành, Quận 1, Hồ Chí Minh"
goong_-QQduL1Cl29Ju171OtXm5XWzNUqe-eq6KXA0szaEfgMBqt1IJoHuiw2KFcDmOHPDiXTIllKBqg_FaFUY0uWuL9W-nf4OLQItNb6tdzotGi-JukXsdvU6bi2y5RjaLHPDL,Chợ Kim Biên,market,10.750363658000026,106.65588478500007,"Chợ Kim Biên, 37 Vạn Tượng, Phường 13, Quận 5, Hồ Chí Minh"
goong_O5JPtP2C8KtnxktAt3NVimihZT6oT6Dgf8QkAbJOmsRroShBh1-O62axWySzc66BiqRbLLwUxWZljFs4sEU-ChWOMXx6rF2KDZqJUQIKBcutnmEcUtBSSgmWwTz-CFfnC,Chợ An Đông,market,10.75809496900007,106.67219728800006,"Chợ An Đông, 34-36 An Dương Vương, Phường 9, Quận 5, Hồ Chí Minh"
goong_rU97wH-dtnxihWdbUvS9l6yAShu2C01-eLNKP5P-lwp-21ZeqM-fJkmARgmoW6VVs35WO5mp7KGvr0oAx-XkbWKjbAS24-JBve79JXZ_2nwl6hVoJqZ-PCFKteCKf3-R_,Chợ Phú Lâm,market,10.755588182000054,106.63138270200005,"Chợ Phú Lâm, Bà Hom, Phường 13, Quận 6, Hồ Chí Minh"
goong_HCi-h7SAHmh2kWcy4vWyIQde4TT26oWnNdL4ipLuqMcF2F3uDjR2hiWyrdE6jevvgbKhBDLhDiI9okUVNRWiIinW5j0wnd4TVbKheSoh4iOFtkk0evh6YiG-6RTWIH_PI,Chợ Hòa Bình,market,10.75207688300003,106.67565427800008,"Chợ Hòa Bình, 18 Bùi Hữu Nghĩa, Phường 5, Quận 5, Hồ Chí Minh"
goong_dZCQoZixPUF3b1mS5uo4flaYpQWBHvuP5lltgHq3Vg5V5BGhUp49wkkC9WhCVigfAbQVND6CsjOl5cmM2pqCi2G1ZSTRdsKrUdGCgUkaKkPl0BlUGpqKAkHcHXS2QvOvQ,Chợ Tân Bình,market,10.786072799000067,106.65325489800006,"Chợ Tân Bình, 172-174M Lý Thường Kiệt, Phường 8, Tân Bình, Hồ Chí Minh"
goong_t2-seQiSUH932XoeU9eNC0evnx557eVuY6JbAKDElu1IvksitbJs20nhbQG16bh9YNtxJrWZgghj2jAQnt6efn_baSqYneBuer5IqFz3nggnhFt7qJI6OCZ6sUyOe3uV-,Chợ Cây Da Sà,market,10.756159522000075,106.61888202500006,"Chợ Cây Da Sà, 243 Đường Số 6, Bình Trị Đông B, Bình Tân, Hồ Chí Minh"
goong_LJJPcKn8v7kstWJEkliTlA6dTFaNAJDScel6V4lYpOZ0m0ADhWaQ9UK8aRW5A5XMdNNAcYl3k80p0Vh8nXST83GlQFHPmWZV1cbVDV5Xro2Vwj1ADhQOVlXKnWCjuAqPV,Chợ Bàn Cờ,market,10.768547450000028,106.68042101000009,"Chợ Bàn Cờ, 664/2 Nguyễn Đình Chiểu, Phường 3, Quận 3, Hồ Chí Minh"
goong_ZH_EUGAWTXFDrF1hsk2M_C-wXVeGco-BG5lVfoasmIRCFXB-tYiLnzyOTbaHqWHryKBRVrCMrYA5nntSh0muTTmCf4i61SrJ7QqBWZYBwgOkWmkVnthaQgD2yTWSAF_vA,Trường Học Quốc Tế Happy Stars,school,10.7515479,106.7098396,"Trường Học Quốc Tế Happy Stars, 403 Đường Trần Xuân Soạn, Tân Kiểng, Quận 7, Hồ Chí Minh"
goong_m4vg8F6YToJLu2cUnWiA02WosjWoaj17eYK1BK6fsiJLk2BrsGSThHkncxWeDoOYfNytIWx6m5lyuZwirWnk32XedB-te3-evrtNWZtrt_J-f14NrQN1Wm3ypgSabDFbb,Trường học Dân lập Bắc Mỹ,school,10.776590185000032,106.68603150200005,"Trường học Dân lập Bắc Mỹ, 73 Ngô Thời Nhiệm, Võ Thị Sáu, Quận 3, Hồ Chí Minh"
goong_3bqTXg1WYGtlu1YfqNlC9y2aBaF-raLnTe39eKZ5Wn-WDt04Cng-18Hp-Vj-qa4fpZYEMXZ1r6MJyp7IbmnRB6HyVkySoepPsf7sirU1rm_J-gVmbrQ2Lm3ypeyabVuDb,Bệnh viện Thống Nhất,hospital,10.791622956000026,106.65309199400008,"Bệnh viện Thống Nhất, 1 Lý Thường Kiệt, Phường 7, Tân Bình, Hồ Chí Minh"
goong_1m1Qo1xBt1xwsnYfr3iBwTWPXOyukc7jxWIinXDdxjZQEjy64lGyj1WOfQDWgcO-TW3FYP6ChjpK9ckw2uHSVyG6gP1W4dYH6YbFHU5F0kfgHKJmLp3aBVAYHkSyRderR,Bệnh viện Trưng Vương,hospital,10.770203001000027,106.65873291500009,"Bệnh viện Trưng Vương, 266 Lý Thường Kiệt, Phường 14, Quận 10, Hồ Chí Minh"
goong_rI4Lq695em2zvFQSt5VKYu60TDCbmLH0TINtE6BWdJiw2GVZqgl9n52DSDCYCmDNgYdAAiQIq-Q7oW6tdH9g1X2tRDmtp1TZnb1LX5H1QePSNh20Lq1h6neavUCCdCnnd,Bệnh viện Quận 4,hospital,10.765453855000032,106.70218019900005,"Bệnh viện Quận 4, 63-65 Bến Vân Đồn, Phường 13, Quận 4, Hồ Chí Minh"
goong_hW-7gREru2lakkQwTkC-j3DJWIwTQJHQa5d-vS1AleRsvVC8NH-V8aFvRLwgf6TGrKxtpxQrr8tcvkC-A2KB1F-XW4tPQbfya1a1bjUB9jeRolxuknRtIjWq_QI00GvbN,Bệnh viện Nhi Đồng 2,hospital,10.780893474000038,106.70272273400008,"Bệnh viện Nhi Đồng 2, 14 Lý Tự Trọng, Bến Nghé, Quận 1, Hồ Chí Minh"
goong_nF6ioU6LsJl-ZyREtnG-xcd9VgeCSfz6aapaMapymtlni2wGsLVO3FKdrQVgqlqAZ5laGLRPY_xSoXgaqa864VSfdHyFmTvFlZ4tVQYNzg6Nm6kYVtRWTg2SxTj6DFPjD,Chợ chiều Phú Thạnh,market,10.726503,106.8490406,"Chợ chiều Phú Thạnh, Đường Quách Thị Trang, Phú Thạnh, Nhơn Trạch, Đồng Nai"
goong_9He3jxJKsGN6nX9DtGSl7FWYUgO1E4uFYKtSJ66xruZBmw05GZo-EhHmJfwqwEWPYvUq3I4FNZt9XTlIYuWf8_T67dHquq_j7HHVRRYenh-5inWcRsUKXh2C1ETqHEPzH,Chợ Bến đò,market,10.753174050000041,106.70534280700008,"Chợ Long Kiểng, Tôn Thất Thuyết, Phường 15, Quận 4, Hồ Chí Minh"
goong_snV0XIFcB7i3QXYfr3CBwXjXOyukY73xc41xLrg3iJRxj1iT4lARQ1UGLRKOgY--TXKFwP6BbjpJY1kw2mXKVuG2gP1XIboH6dbFHU5Fhp_h0iyhUkQenkXajByyRBurR,Chợ dân sinh,market,10.766682790000061,106.69792406000005,"Chợ dân sinh, 204 Yersin, Nguyễn Thái Bình, Quận 1, Hồ Chí Minh"
goong_BKXbRaHkum1ts14Xoli1Xm6Jw1ejYLFgc4tWIZZel-0q1UZ2lge98pujaA2WBo8K4YlJVZVj4Mp6r2MTknybc3SdaCyg4Jtyd7NFUb9jk_Vp2pVYFk3eDkwWJXi6TdOjT,Trường học Dân lập Quốc tế,school,10.774757996000062,106.67508214400004,"Trường học Dân lập Quốc tế, 177Bis Cao Thắng, Phường 12, Quận 10, Hồ Chí Minh"
goong_eKGLcayjsk9DKJmIkHCRO3Ux-Ve7c6PUeNVcB6ZbnfBvvVQlumG_1UC4Q1SnY9bXc1yOFaBauNlsWH4ekQewk0GOahC4Y-qVdbFHU5Fhkfh0i1QHpweTBkXajXCyRBurR,Bệnh viện Đại học Y Dược TPHCM,hospital,10.75540015100006,106.66438936000009,"Bệnh viện Đại học Y Dược TPHCM, 215 Hồng Bàng, Phường 11, Quận 5, Hồ Chí Minh"
goong_oWytiS1wg5FquXsGb0aEi7bPa70SZKLqYrpBbrZ4Rs5vqLEyjh8hMmmSp8KOHJdObFKSBKEci4hdg0YljR-7Du3WMXi-Ke5ftb6tdSYt7i-JukU4dvR2bi2y5RjaLHPDL,Bệnh viện Lê Văn Thịnh,hospital,10.782495951000044,106.76882634600008,"Bệnh viện Lê Văn Thịnh, 130 Lê Văn Thịnh, Bình Trưng Tây, Thủ Đức, Hồ Chí Minh"
goong_WkeU9ZLNblxvzkNIv3uC-GCpbTagR7zod8wsCahGuszxR6lJj1eGzm6NqTw69IKyJbRxTJLSmmjNdHFONuYSKMGuEghajH4lXbqqLSIp6iuNvkE8cvByaiqO4RzeKHW3K,Bệnh viện Mắt Thành phố Hồ Chí Minh,hospital,10.778424546000053,106.68526377900008,"Bệnh viện Mắt Thành phố Hồ Chí Minh, 280 Điện Biên Phủ, Võ Thị Sáu, Quận 3, Hồ Chí Minh"
goong_axLCvZFMiJNbqi1vuxSDg1u7WWi4e-P5dZJCMo179EZdvYkkux2D7Ulm8eDe6e_jDWrheDbpAm6JslHunMkLrqmpPZIupHIf_b6tdSYt7i-JukU4dvR2bi2y5RjaLHPDL,Bệnh viện Phạm Ngọc Thạch,hospital,10.756260277000024,106.66524031500006,"Bệnh viện Phạm Ngọc Thạch, 120 Hồng Bàng, Phường 12, Quận 5, Hồ Chí Minh"
goong_seqZozVAdZPXc2YjuHOrlHeiPzGQYLfLcShmp7N7kpFxNn6Wpga_lmygNxGUBI3udr1EK6MFnpJvi2EeuFirXHjW5laXXZJtdbFTHU5Fhkfh0i1QHpweBkbijXCyRBnbR,Bệnh viện da liễu Hồ Chí Minh,hospital,10.776478264000048,106.68660457600004,"Bệnh viện da liễu Hồ Chí Minh, 2 Nguyễn Thông, Võ Thị Sáu, Quận 3, Hồ Chí Minh"
goong_p488dVP28a3NevrhJVESSyV6Qvku9Qv3oaJd-Q44abuZkrTdIi4IZxWqWIBGiG46JWItYA65s9f2GvksMuBu8cvnIQzq5RKDnaq5YTI5-judqlEsYuBiejmm8QzOOGfXO,Bệnh viện Tim Thành phố Hồ Chí Minh,hospital,10.773750731000064,106.66669631400003,"Bệnh viện Tim Thành phố Hồ Chí Minh, 4 Dương Quang Trung, Phường 12, Quận 10, Hồ Chí Minh"
goong_AnQUZU2tm9t6qbd_plaUmxZr336xUaH6cqpgPaZok94iuDF_ng-93yKBdFasDLKZfIINfLEMh5hNq1Y1nQ-TnGWBDD9Oa4f9f7uaWZtrm_NJ-gV4NrQ2Lk3ypViZ7m-Cb,Bệnh viện Đa khoa Tân Hưng,hospital,10.751473571000076,106.69637785400005,"Bệnh viện Đa khoa Tân Hưng, 871 Trần Xuân Soạn, Tân Hưng, Quận 7, Hồ Chí Minh"
goong_ORXa-lQFBiC5Am16npFrTC2qLQlSfWo2WWnFkCcpap_6Pj3M3pmWI60q-RzOmZbbcdbUxOr1apNFGm3cOpDGNzkWteBmRW7foc5dBVZehjf5yh1IBZ6Gll3DsWiqXALvX,Bệnh viện Bệnh Nhiệt Đới,hospital,10.75296434300003,106.67848507600007,"Bệnh viện Bệnh Nhiệt Đới, 764 Võ Văn Kiệt, Phường 1, Quận 5, Hồ Chí Minh"
goong_TYiLerprkmltinAQlXuH0W-KRj66g5dpb6IgBIvJvfdrjl1PqjKui1qgUh-TM4vDWbt3b7kfro4GjX91p0GivWyIUgurdKWNb47tdSZF7i-JuvU4dRh2bi2xGuTanHPDL,Bệnh viện Răng Hàm Mặt,hospital,10.76351607600003,106.69190548200004,"Bệnh viện Răng Hàm Mặt Hồ Chí Minh, 263-265 Trần Hưng Đạo, Cô Giang, Quận 1, Hồ Chí Minh"
goong_AGlnTbbJQ7dkmSepskx8YGXEumep_othZLMCb4hJgKpXxzkm2BeyxFGxQWercpiFfsQxZKlNnCMCsTWJzs3D72aDHRVaqFoDJZKBCRYBwgOk5mmVNthaQgBayPU2AF_vA,Bệnh viện Nguyễn Tri Phương,hospital,10.754927671000075,106.67011232400006,"Bệnh viện Nguyễn Tri Phương, 468 Nguyễn Trãi, Phường 8, Quận 5, Hồ Chí Minh"
goong_qiGfb0lzhqJ120UcnX2P1XutUhyUCeeuYaB4Au9s78ZZvCVKt26Q5nnbfCWGZILrrYtkKJLd_gJth2DISnAqcUX3Z3CiafOJreLVKXpxsvPV5nFmwqgqMnHsKUa6cC-fc,Chợ Cư xá Ngân hàng,market,10.74829819200005,106.71656659300004,"Chợ Cư xá Ngân hàng, Tân Thuận Tây, Quận 7, Hồ Chí Minh"
goong_sbBPrvn4f7RTZm03qE-Zh5p8YAaFS5Jiq6BXLbyAU22SoX5AvH246mijVzeEYrz9ZbNXQLRzpIVoonlBP3D8yXyFXxEygTqvKZqJUQIpygoJnmEcU6xS0gmU7T7CSFYLC,Truong học quốc tế nguyễn văn linh quận 7,school,10.7318251,106.7028915,"Truong học quốc tế nguyễn văn linh quận 7, Tân Phong, Quận 7, Hồ Chí Minh"
goong_25XdY2MKTJ2r2kcdSmKd4ZzaagadUI3CebFtE65-Hkdok2EN6mFCR4bTZOx-3Vl957oNTXqt-gZF3vDMhrlevx2DYZgOsVo3keb1LX51tnfR4h1gLsX2NUHqrnSCvC-ZQ,Sân Thể . Thao Trường Học,school,10.7859761,106.7118533,"Sân Thể . Thao Trường Học, Bến Nghé, Quận 1, Hồ Chí Minh"
goong_00nPaaW5vVV1q_QFi2S1cFu4_A27HYuDXapkNLprh153t80QvByLom-Vqk2gelFeWs_tCLgyk3NckfVou06Hb2S5Wqe9ZIddbyTiq4t7i05ua4sdvZGbRmwdyzaLHPB7G,Bệnh viện Chấn thương Chỉnh hình Thành phố Hồ Chí Minh,hospital,10.754300795000063,106.67806373700006,"Bệnh viện Chấn thương Chỉnh hình Thành phố Hồ Chí Minh, 929 Trần Hưng Đạo, Phường 1, Quận 5, Hồ Chí Minh"
goong_fYiINP5YvWlzrUAJpEa83XCXfklAfq_FbZVtP6GrifNoSEAUyxmj5nCTQDy8fbv_c5fNS5F9i9RXsWQNjGKF_mqDdjK-bIX6aa1bT419jeRol01gbuxudjYW_QDCNGvZq,Bệnh viện Tai Mũi Họng thành phố Hồ Chí Minh,hospital,10.784412770000074,106.68387311000004,"Bệnh viện Tai Mũi Họng thành phố Hồ Chí Minh, 153-155 Trần Quốc Thảo, Phường 9, Quận 3, Hồ Chí Minh"
goong_kaqqREx9wFtOhq8FUFSVm2TLdqlqYVIXEf4MgaqlUgfB4qQc5qGuCmHCoaReoa7DSe1S4NLVUu7BIsz8AP3bflXmDT32fS6MXVblP5plpmfB8g1wPrw-JmX6rVCSZDuLZ,Bệnh viện Y học Cổ truyền Hồ Chí Minh,hospital,10.785456472000021,106.68823094700008,"Bệnh viện Y học Cổ truyền Thành phố Hồ Chí Minh, 179 Nam Kỳ Khởi Nghĩa, Võ Thị Sáu, Quận 3, Hồ Chí Minh"
goong_hQDmZe5lolBFpU9SpV-J0kWLdVCmSObzc4xZU5UBWP1_tpknkCw7zXDSegK-UJWSQ7VDGPJS57uZpd1AXvKWj4mjTWCGnX7v8cbWdV5VlcUOVj_wDowOjlXKnWChwApXV,Bệnh viện Giao thông Vận tải Hồ Chí Minh,hospital,10.787489845000039,106.68772278300008,"Bệnh viện Giao thông Vận tải Hồ Chí Minh, 3 Hẻm 72 Trần Quốc Toản, Võ Thị Sáu, Quận 3, Hồ Chí Minh"
goong_oYhExrprejRkvESDu0SeIF2tSA-wQJGPXb4iDYxAgfJdkm4ov3aB0GSFpEppbyrJaKazG-VBjYltkkAWv1uwj0G8KwynbI3-aa1bT419jeRol0gbuxudjW1q_QDCNGvbN,Trường Học,school,10.8495625,106.8142912,"Trường Học, Nguyễn Văn Tăng, Long Thạnh Mỹ, Quận 9, Hồ Chí Minh"
goong_8mB_h29NWWdRmEVDsUui2mawtkdKYGTf-7KwPL1yYctXn1ZCvhSIx2qfqTSwrEn3fmC-GzlNgOCl-nrGGQUWu633HVT-GXYz_ZKBWQoBwgOmImmAWtkWQZYCyFj2AF_vA,Trường học,school,10.8419218,106.7648542,"Trường học, Đường Công Lý, Bình Thọ, Thủ Đức, Hồ Chí Minh"
goong_fo6Ns_62qYVXnGELZbO_2iKlZxsSdUiGbKmKMbN0foFVmisArEinzWKkSCKvE4nxU5tXRoNlOMBV-kwit0i1zFO5XD2NToW2YaVTR_l1hexgn0ATsxM8hWK9sSJWFErfF,Trường học,school,10.863392,106.7615546,"Trường học, khu phố 6, Thủ Đức, Thành phố Hồ Chí Minh"
goong_Yb2xbtQoaWZG1pmnkBGRS2_WdQqRXIHO7b11H6JyndZ21LhTTlFxP43WtnVSjWp3iQI9fUqdyjdd7Bj8tsFujy2xcog-gWoHodWpHU5Fhkfh0i1QHpweBkXajXCxxkerR,Trường học,school,10.8272143,106.7814416,"Trường học, 256 Dương Đình Hội, Phước Long B, Quận 9, Hồ Chí Minh"
goong_qvaZhgipZJdhr0oDJJ_k2XbZtjiuU3Cbf4CDf3s54ZqihlZvT1KQ10mvUhxSf6H0YryvKzlusp56JlqFtVOt7HhceAmtCIeze9ZJXZ9vn796hVoJqQmJPn3itUiKfCOTf,Trường học Vinschool,school,10.8375421,106.8426764,"Trường học Vinschool, Địa điểm không tên, Road, Quận 9, Hồ Chí Minh"
goong_gAGrrqiEVWtPh1EEqK7F4mmXckFshVXxNlILFBplVfvF5qEU4qWqA5GSkYxiparHTelW5tLJVut5JNT4-q3eUwUqCThaeVKLnfLhOWphomPF9gl0Org6ImH-qVSWYD-PY,Bệnh viện Đa khoa Khu vực Thủ Đức,hospital,10.861451927000076,106.77986765000009,"Bệnh viện Đa khoa Khu vực Thủ Đức, 64 Lê Văn Chí, Linh Trung, Thủ Đức, Hồ Chí Minh"
goong_cBC90lnSNLpxFaXQe1jusn1QTo2pX82IaVBduKFY9JdCLUG0kUmUjEQgWS2_ZpN0appjnJLvtZhpXjK1OoneRpkQCPrS9WPyUcFZCjpRk_YRxAlGmogKU73MpWbiUA9S9,Bệnh viện Quân dân Y Miền Đông,hospital,10.84595758100005,106.77834856800007,"Bệnh viện Quân dân Y Miền Đông, 50 Lê Văn Việt, Hiệp Phú, Thủ Đức, Hồ Chí Minh"
goong_u-KqWnd8a0mdgLItUXqDZpqrnxxNVYi0upCmIWSxd0nAZaY3M4i6ZOepr15NU5R_n6muWmNpvnLTuJ9brmrmZni6RQZO0LFU8biYWl1omH2Ygq4OVQ6If9iqKmCVVD-N8,Bệnh viện Lê Văn Thịnh,hospital,10.782500259289337,106.76912511616982,"Bệnh viện Lê Văn Thịnh, Lê Văn Thịnh, Bình Trưng Tây, Thủ Đức, Hồ Chí Minh"
goong_hFS5clW1cGeTjUYsqReDZGS_Wja2T7n6rF1IUJXBiod6ZxoJAsjqDgWGhXnyoqiXBYqItBamlmMVSoFoxhV5O5X2Zjx-qFUb9Z6NVQYNzi4NmmUYVtRXqg2SxTj5jg_jD,Bệnh viện Ung bướu Vệ tinh,hospital,10.782553601000075,106.76779712600006,"Bệnh viện Ung bướu Vệ tinh, Bệnh viện Quận 2, 130 Lê Văn Thịnh, Bình Trưng Tây, Thủ Đức, Hồ Chí Minh"
goong_oVlpTXVZb8qIhidRohxvj6SyPXu9MbTxqpJEXokuX9W-zUsuiHe5gK6pLiajeWnhaKkOUaKTe86EqzpNjl4V27rKSFF6hHmz2iKhKTYh4beGYkh5Fvh5viPO6NUWIH2zI,Bệnh viện đa khoa Hoàn Hảo,hospital,10.869726513000046,106.76262314700006,"Bệnh viện đa khoa Hoàn Hảo, 26/14 Phạm Văn Đồng, An Bình, Dĩ An, Bình Dương"
goong_-wWSVUWPVbhYuDFSz0KUu1iWT03uRPuIbpF4TuAcbI2ERaE6wR-raGImYqR4uYiJXhFe4qPtq8750uIAKTR26v3XO_zzhQqaIbKheSuF4iL5tkk0eiB6YiG-6RTXIH_O-,Chợ Nhỏ,market,10.846086523000054,106.78518698800008,"Chợ Nhỏ, Hiệp Phú, Thủ Đức, Hồ Chí Minh"
goong_vFMIQ1x-_1t7h2UrIrn-dnE6scTC0fqTnYIFTHZ-ykdV5cXECm7Kwt3-9ZV2vJ9esfIBHbp4FetaCv3EmqG1090_YNKhbfp2der6Wr55unkh7hPcIqAiOnnmsUyOeCeXe,Chợ Long Phước,market,10.808378899000047,106.85975393600006,"Chợ Long Phước, Long Phước, Long Phước, Thủ Đức, Hồ Chí Minh"
goong_dLUVgwxGUqNnnKoFhXFFsgH2z-UKwcqHEZb9GtSxsi_pTmniphl6h_32_ZwWGFvzxcLNqOapJsfBknCUnvXyth32LeB2-cZyjZ4NjTq9Vgzpmg0HqmRWTc2SxTj6DFPjD,Chợ Bình Trưng,market,10.788723899000047,106.75563718700005,"Chợ Bình Trưng, Nguyễn Duy Trinh, Bình Trưng Tây, Thủ Đức, Hồ Chí Minh"
goong_uHa9YQdHT6w9vs2o2omOj5niiPxGWYLPibaBtmbsokVZGXJ9dupKJzEdEflSUBJ3ucKFYN7hx7nWVsnYIoly_eEetcReXfpXZdbFMU5Gnkfi9dFQHYaeBkYujXCyRBurR,Chợ Long Trường,market,10.805971610000029,106.82234675700005,"Chợ Long Trường, 460/4 Nguyễn Duy Trinh, Long Trường, Thủ Đức, Hồ Chí Minh"
goong_F2OzlpO5dDNBVijn7c5KTVXqhTdZycaEFetde8qS_nydtWVbVm9S6uEKyOXc1BIxx1bBa265YuhxuiXyRkwWyEkNejJe6YaVRd2hF-uhjkwW6iVaTpQV2LoOhXtOTBOgq,Chợ Thạnh Mỹ Lợi,market,10.769506273000047,106.76761594600003,"Chợ Thạnh Mỹ Lợi, Phạm Thận Duật, Thạnh Mỹ Lợi, Thủ Đức, Hồ Chí Minh"
goong_S36taESJaWpevlRqvkSSyTeQU0m9Qv3oXk2OXSI4aguZkfiA8ixn8bmmXQzyLxY4bWK5YA49s9f1yvksMuLi8-YbIQzoboqBz57lYTI6ujuenlEsYuBhrjp68QzOOGfXO,Chợ Phước Bình,market,10.817168157000026,106.77204975300003,"Chợ Phước Bình, 1B Đại Lộ 2, Phước Bình, Thủ Đức, Hồ Chí Minh"
goong_lL1lUi2amGh-dHxTuI3ul3WjRQ9YZr3TRIpJlKRZ69RwpQMUpVqU4Ha1QRKRALr_dopvV6oBmM6cpm9Wp1-Uc5OmUVG9XZjQcLRCVpRklHD9jlECogOKEcXOmWaIpA-_U,Chợ Phước Long B,market,10.82930043500005,106.76853457500005,"Chợ Phước Long B, Đỗ Xuân Hợp, Phước Long B, Thủ Đức, Hồ Chí Minh"
goong_fF5onLNBqOF8uncqsXumKnUi5eF2Tf5ghTqtF-K5RtllJ3jcXqWrj3Em4XRidD5SQeIG0GK1StvBlUapcnVTn2nyHN12yVebTSLhoWphOmPF9gl0Org6ImH-qVSWYD-PY,Chợ Thủ Đức B,market,10.850229082000055,106.75570120200007,"Chợ Thủ Đức B, Đoàn Công Hớn, Trường Thọ, Thủ Đức, Hồ Chí Minh"
goong_v0eRVOpxWJp1s34or3Jcdr1BlCOhmUy_sKJIUKDxlepA1z4eumPUnXGLYiC6QXVj-YhYEaRb6O5so1dVlF3T70GOPlS7YdqRdTbFHU5Fh-IF0i1QHpwenkXajXCyRBtG4,Chợ Tăng Nhơn Phú A,market,10.844519432000027,106.78792793000008,"Chợ Tăng Nhơn Phú A, Tăng Nhơn Phú A, Thủ Đức, Hồ Chí Minh"
goong_bZK9V4q8N19ckvYIHrikXFu610-CU6ZBaKzjMkC9qV9rpvgzHL2wT26oiyxqHK9XdLiOPke5hlhthDPDao-KTmu2j60lHipVcbqrjSHq8ik9ukIqjHIocR2-4ypodvPFH,Chợ Thủ Đức,market,10.85096180000005,106.75477697500008,"Chợ Thủ Đức, Võ Văn Ngân, Linh Tây, Thủ Đức, Hồ Chí Minh"
goong_okJWjO9RFl9Cur10opwAQUWypLem6CzJdoxNuKNeLf11sUGLowINlEOxQaaRAiCVaphJOmpRZUJBzlEaop3RX3XWLSVmRWUKRcJS0jnBkAv2UhFGmcQKilHOUWbgpAy3U,Chợ Bến Cam,market,10.756334304000063,106.92327415500006,"Chợ Bến Cam, Trần Phú, Phước Thiền, Nhơn Trạch, Đồng Nai"
goong_VZ1u7ZKhQ5tes20Xoli1Vw16JYFejYLEqc4tW25ZelyG61UYKlgd2lr2gPHekBo_hVolJbaVj4Mp6v2MTlXyb4HSvaCygcpvkd7NFUZNjk_p2c1YFpYmDk3QFXi6TBOjT,Chợ Việt Lập,market,10.871883010000033,106.75788309000006,"Chợ Việt Lập, An Bình, Dĩ An, Bình Dương"
goong_cbuRv3OOjm5Yl1hNj_SWfLiXYQCijf1Dj0NrATfRlnFoUyCWO46Bfl-ASyq_apJp8pZ-DojHhX5ZgHUhuOaCb1--WzG4xYavaq5YTI7nfhhrlEsYp464GWm8QzOezv2Vu,Chợ Cây Xoài,market,10.77738727700006,106.76658140200004,"Chợ Cây Xoài, Lê Văn Thịnh, Cát Lái, Thủ Đức, Hồ Chí Minh"
goong_aIextVKPQjh5p1kJuWip-Fe0fGe3EYcBUaZo8LZni8N7u64csBBSq3nBSjOHdqaZVsOsBLRkn-FQPmOdt2WL-X9CViixaBIvfY6dRRYd3h-5inUIRsRGXh2C1SjqHEPzH,Chợ Long Thạnh Mỹ,market,10.842439328000069,106.82055252600009,"Chợ Long Thạnh Mỹ, Nguyễn Văn Tăng, Long Thạnh Mỹ, Thủ Đức, Hồ Chí Minh"
goong_EP25azIgvr82hylfv2yHo1-uXUi8f5fncZZGb4k28I1Zv1Z_uBmH-13-vXimmGrjHXrxaCfxEn-9okH9LQkaujG6tjxZgGIP7a69ZTY9_j-ZqlUq5GRmfj2i9QrmPGPTP,Chợ Gò Công,market,10.84329150000002,106.82718810000006,"Chợ Gò Công, Đường Số 20, Long Thạnh Mỹ, Thủ Đức, Hồ Chí Minh"
goong_nUXpj3qbNV6l1aYSdl-9fLrXSVdzrirKv25atVhfV_OKv7oqlk5G4G53ky-4YYuUjG1kF5VZ6NVusjUzunCflkOyOQWiX6HV7d7NFUZNjk_p2iVYFpQWDk3ShXi6TBOjT,Chợ Tân Lập,market,10.788212470000076,106.77694271300004,"Chợ Tân Lập, 594 Nguyễn Duy Trinh, Bình Trưng Đông, Thủ Đức, Hồ Chí Minh"
goong_XwsFcBygRGJFjVUsOoV-ekG_WR1GTX47PdIhhDKJfivtzok--o1-K1isyYHaXfbvZo7M0P7hfsNRDobukC300y0CInqGUmqhedrJEUJLtkvt3cnYEpIiCklcEdS-SBenS,Chợ Long An,market,10.769004309000024,106.96424879600005,"Chợ Long An, Long An, Long Thành, Đồng Nai"
goong_WgV3XnZ3UpVzjF4Mumih9WOMQ7qgcVDObo1OqaNfofOljUYQQmGpy7iLRVC4YI_scbNCDZtfi6Zu1V5X-ga2lkO_VVSUfVLXxd7NFv5Njk_p2USpWpQWDk3ShiS6TBOjT,Chợ Hiệp Phú,market,10.844766074000063,106.78474175500008,"Chợ Hiệp Phú, Lê Văn Việt, Hiệp Phú, Thủ Đức, Hồ Chí Minh"
goong_s3kR7GF-s43-tHUeY0iJ34SbZzBhLpnHhLRnCmF9ThfllnBFBgEO_zHjCqUCuZYXNV3SdCLVxoIB7t09Dg1yshmKpegWDU6s8YaV1hoVAhUdgnxMTs0iVhWK3EjisSIXF,Chợ Hoa Cau,market,10.831955675000074,106.77298170900008,"Chợ Hoa Cau, Đường Số 147, Phước Long B, Thủ Đức, Hồ Chí Minh"
goong_uBlFrqdfQo5clHUBp2Goxmm-X024Q52NbstxT7Bno8d9yigopX609FiyVxelfILKc755PKRxhtdpr2EYiKdujGs3W8iGlaC8aipYTGp-jufwlEsYa6KejmkYQ2zOOvPXO,Chợ Kiến Thiết,market,10.845219963000034,106.77435747500004,"Chợ Kiến Thiết, Lê Lợi, Hiệp Phú, Thủ Đức, Hồ Chí Minh"
goong_XL0TTFFbT3R2j3kVpmWF0GjReaA7duX2QY6_W7p0at5_kXK40Xma76WlcFK8ZKjSno9YVaZ1lnTUty88p1yKlEC2MVKrXJrhcrZAVJZmlv9zjHYAoFOGlnGkACuWAeQ3W,Trường Học Cốm,school,10.790097,106.750739,"Trường Học Cốm, 250 Đường Mai Chí Thọ, Phường An Phú, Thành Phố Thủ Đức, Thành Phố Hồ Chí Minh"
goong_hmCjN6p2b25XuUBPo1qS42im6fQu0XGrhuJB5DKB0ePNHkmUvoF2O9qZHTzO6kKzoQ6tHBL1ggv16k3E-um-46h-8cgWSbvXrR6BcSIqKeuMckE8zvG2aioK4RxyKyvEd,Trường học công nghệ MindX,school,10.844849,106.7928121,"Trường học công nghệ MindX, 99 Lê Văn Việt, Phường Tân Phú, Quận 9, Tăng Nhơn Phú A, Thủ Đức, Thành phố Hồ Chí Minh"
goong_MQmewFKXe1FI2KkfRWJCfJmHYaOOfUo8Ee7NvEax8k9h42kFdmlKTmmKzfzmpVJNkToHkXJl8g9nsvnUjrFWtxWLaZAGuVI_me79JXZ-zn_Z6b1oJqYWPn7atUiKfCHjf,Trường Học Anh Ngữ Úc - Châu,school,10.8495249,106.7718831,"Trường Học Anh Ngữ Úc - Châu, Đường Võ Văn Ngân, Linh Chiểu, Thủ Đức, Hồ Chí Minh"
goong_Ip7GDd2tqLpmvnw_qGq3mE2bYCKwdIThfuRWHbIMgvJx5GB_sgybVh69mGenVoV0eeBOFLFruK1xk1Za3HSyuXm5PF-tDbv7f5tNWXsigfJ-i16baNw2pm3zgViabDLfb,Dự án trường học,school,10.7911989,106.7421626,"Dự án trường học, Khu đô thị An Phú An Khánh, An Phú, Quận 2, Hồ Chí Minh"
goong_OLf7XN6JvbdQvVQdrUphs1CJZjSeu3BMUKjFD4B-8318o24Eh2Kj_WObehiGYb__fMVPR7JlgdxgmXoBsXyKymuhdjiBXI2CZaFXQ4Fxgehkm0QXtxeDRgWazTDyBFvrB,"HOLIgroup - Nhà Sản Xuất Tui xach quảng cáo, Balo Lớp, trường học",school,10.8111746,106.7286943,"HOLIgroup - Nhà Sản Xuất Tui xach quảng cáo, Balo Lớp, trường học, Balo Lớp, trường học, 22/6/1 Đường 61, Thảo Điền, Quận 2, Hồ Chí Minh"
goong_tkr-GYfZUlhiqbMmh2_s90lwtiasbJZPtdX9wG56Asdpib1VZqArgUnWFwCZ7bpdsrq5jl0l9rRJ-o0XGn7YL9n68Uiefl73be79JXZ9vn_Z6hVoJqQmPn3itUiKfCOTf,American International Hospital,hospital,10.793653436000056,106.74642616600005,"Bệnh viện Quốc tế Mỹ, 199 Nguyễn Hoàng, An Phú, Thủ Đức, Hồ Chí Minh"
goong_dus9Y5Fld6R2lH0UjSvoomzVQ1-hU7CadK5gV7hU9motC7mkdl0-wrmzgci2XZe2ie-EHKLtYoI11ljQ2rG28snaSaQyvYI2yu_tEUJJibIiSklcEpASCoHXSXy-SBem-,Bệnh viện Quốc tế Thảo Điền,hospital,10.807467330000065,106.73357378800006,"Bệnh viện Quốc tế Thảo Điền, 3 Hẻm 95 Thảo Điền, Thảo Điền, Thủ Đức, Hồ Chí Minh"
goong_npIsZaS0no5MhBFPt3IG41nmuXW2gYY2dd9tfOLdVqNdP2jhIs26y5Hm1Wyd-tZDaY65pcWxhlsd5vwhLmH6FnHvYOkisUrDger5cW55ulnqehAhTtwioe3msI1P3CeXe,Bệnh viện quận Thủ Đức,hospital,10.864488731000051,106.74557335300005,"Bệnh viện quận Thủ Đức, 29 Phú Châu, Tam Phú, Thủ Đức, Hồ Chí Minh"
goong_ZQx26F6-QpRqjW9TpHS1_ERWIQhN3pZuVcLuhN0J2n5920wNWoAL2lFqNd1KgAa3IYKe-M5FdXs9Hp-S7qXMu7XcIZOy-aqvrc7dBVZdnl_5yjVIBoQGHl3ClWiqXAOzX,Bệnh Viện Điều Dưỡng - Phục Hồi Chức Năng Bưu Điện 2,hospital,10.80290799900007,106.73729592200004,"Bệnh viện Đa Khoa Bưu Điện 2, 68 Nguyễn Duy Hiệu, Thảo Điền, Thủ Đức, Hồ Chí Minh"
goong_qk2q_-GITTR8s0pCFqV2Y6VCsdwFkYrLrvppzBqypcvl-Vm8lmIyHhWWYVRapXabiaqFNYLcOiPdqmXtJsHA5tmWYeLLgFQ-qZKBWQoBwgOllmkUWthaQgGeyTT2AF_vA,Chợ mới Long Tân,market,10.7491218,106.8742692,"Chợ mới Long Tân, Nguyễn Hữu Cảnh, Long Tân, Nhơn Trạch, Đồng Nai"
goong_qMa25lAdmYp5iplgIS2l4-Va1uAB9EIbxUKdpObdmij96ulPCsRGGHbCIXzxvd46nrcJTBbVlhuBRnH5DtmSK-K-0aSmwaVfeiqZQRIZ2hu9jnEMQsBCWqmGGSzuGEf20,Chợ Tân Hòa,market,10.519194361000075,107.08765710900008,"Chợ Tân Hòa, Quốc Lộ 51, Tân Hòa, Phú Mỹ, Bà Rịa-Vũng Tàu"
goong_hdJztHxAVIJ8vnoMqEiermD-JB2HTo6dO755A39xrMSrxk8NhE-kx2WaTwe0V6yFZaFUQbNguMCrs3kiZk5r6bOiS2L9R_nqZqJUSIJygutnmEcUihSStGWwTz-CFEfnC,Chợ Chu Hải,market,10.499311845000022,107.11966852400008,"Chợ Chu Hải, Quốc Lộ 51, Tân Hải, Phú Mỹ, Bà Rịa-Vũng Tàu"
goong_LbgC0FGWA3J9pV05qV2H30S0URajWYiWRKc7FJOV3mOtEcG8xpl2YyYtFbyilWKr8cZpjApFYlHSci1kPppCpQlilMhW-dZTncLSiWUJklP1xjlaUor0ClHOmWSmUhO_U,Chợ Phước Hòa,market,10.5392568,107.0722541,"Chợ Phước Hòa, QL51, Phước Hòa, Tân Thành, Bà Rịa - Vũng Tàu"
goong_SCtQgrbCE0hhti-dsHYe8Xm1qYaDaiGGUljDnbcQHIZlm0yZrnVGgGKcL_609dzT5Z592v7Z6rNx4s8UKwkglZWO1coWzzEdYYaVThYV1E-xgn2GVsxM4hUC3jf6FEjxi,Bệnh viện Đông Tây,hospital,10.64464367100004,107.25229553600008,"Bệnh viện Đông Tây, Lê Hồng Phong, Ngãi Giao, Châu Đức, Bà Rịa-Vũng Tàu"
goong_dFBEEZxpji1QnF8hu3S7wGK6WAusZ6DcZJhTHbY__cJRwY52tAm4flaZZkSA5q_AEbJ8SIrRNhvhmmH1Dh2KW8XWfqkuzYp2GYrA5pn12hu9jhkMQsBCWhmG0SzuGEf3G,Bệnh viện Tâm thần Bình Ba,hospital,10.623526920000074,107.23834110100006,"Bệnh viện Tâm thần Bình Ba, Bình Ba, Châu Đức, Bà Rịa-Vũng Tàu"
goong_STCmi7K6CkpyvEbIuW-hKF6sJaOmfqGjctVSi6Z_tT1os1amv0OPtnK9fO2lGLUva64h-G-PhxltlmvX3Qn6HrWi_GcdZQkxNa69Z5o9_jxlqlUqPuRmfMmi9Qs-PGPQ2,Bệnh viện huyện Châu Đức,hospital,10.64821369300006,107.24042148600006,"Bệnh viện huyện Châu Đức, 14 Lê Hồng Phong, Ngãi Giao, Châu Đức, Bà Rịa-Vũng Tàu"
goong_hLCZY4RRtSF1eEUmrVG12th4ZFuZULLUfa98X5symONKqm8ZhQqM4EyuaBOqJbree9hKf6ITtVFMhZwgrFCDRXnaOh6cV5TEeLxGKXpxsnPV5hlmUqgqMCnuuUZycC-fc,Nội Thất Trường Học Văn Phòng,school,10.8773649,106.5064583,"Nội Thất Trường Học Văn Phòng, Phúc An city, ĐT824, Mỹ Hạnh Nam, Đức Hòa, Long An 82700"
goong_bo2jktD5R0N0k4g1i0eWvGyQuD55R5pfWJCCMKAcavRtq9cLoaR6cVyo-Uu9V4Z9WzOJqotqhlduCMwTpkC4V269_SeUeZJcYKrjSIp6ik9vkIocvB6yaR224yjeKHfFH,Bệnh viện Đa khoa Hậu Nghĩa,hospital,10.878614136000067,106.39452352000006,"Bệnh viện Đa khoa Hậu Nghĩa, Ấp Tân Bình, Hòa Khánh Tây, Đức Hòa, Long An"
goong_W40Wv5SFUKNoNHa9OGyOj12nYiOSbbf0c4xADqFibcZqiGIRvoIb1yWmmQECTpH3sb40SVKy_kcVnu2I1y36v5Fy8aUitbbuOJ45pT5d9jeRou0gbvxudjWqNQDChGvbN,Bệnh viện Quốc Ánh,hospital,10.753487947000053,106.59299285000009,"Bệnh viện Quốc Ánh, 104-110 Đường Số 54, Tân Tạo, Bình Tân, Hồ Chí Minh"
goong_tyGAnuB-bvdgvkAQoHGw4U6tZbKuCJ7pSBhxv69-J9piU6KSqQkFwWBLWzICvb7-eT9pLHa19hqhJhGZb-HySrk-scTGoenGWer5IXJ6SnsZ7hFsIqAiOnnmsUyOeCeXe,Công ty TNHH Trang thiết bị trường học Thái Dương,school,10.771286295000039,106.59777886500007,"Công ty TNHH Trang thiết bị trường học Thái Dương, 35 Hẻm 47 Ao Đôi, Bình Trị Đông A, Bình Tân, Hồ Chí Minh"
goong_41ROPhyAiLF93ncZsVS24nHcQlylU77BVYFlXK1UhPhReE0hnbSY8X9FRq5cD3yfgJYhb5BSZp5lua843rSUnUh7Mg6KpuarwfLhOWphosfF9gl0Org6YmH-qVSWYD-PY,Bệnh viện tâm thần Lê Minh Xuân,hospital,10.776551563000055,106.54033849600006,"Bệnh viện tâm thần Lê Minh Xuân, 2B39 Trần Văn Giàu, Phạm Văn Hai, Bình Chánh, Hồ Chí Minh"
goong_cJvpG4O6nZZkm1MlgFMeGmHyoaS6AV4rASLBPI7sMtOR-sVcgu2roV316mF6ssZKWS2ltGIJ6V5l-rUcDs1CE3HCoRze6aYLtfppMWIBqmvN_rF8MqAyKmn2aVye2DeHa,Bệnh viện Tai Mũi Họng Clinic,hospital,10.75524912700007,106.61450446700007,"Bệnh viện Tai Mũi Họng Clinic, 16 Đường Số 27, Bình Trị Đông B, Bình Tân, Hồ Chí Minh"
goong_RTokvfGqoJNmxyUus2Gf2VKvXgywYYyGYo1NRrZKi5N9mlVOvWKvh36BQWeET7DaLWNNZLJgosdVi0oHvRW1gWOZdEFKmSYbIZ6NVQYNzg-pmmUYVtRWTg2SxTj6DFPjD,Trường Học,school,10.8070931,106.6224653,"Trường Học, 263 Đường Lê Trọng Tấn, Sơn Kỳ, Tân Phú, Thành phố Hồ Chí Minh"
goong_aXKDxI2FW4Vfkmo5ikej-XCSVCKMbfeIXJRXALyhbTRbbkjLsIKvCFutRDyM1bqvsab95S7tvhfJbQJIRi0Tv1VpipDSnGkDEaa2RT419jeRol0gbuxudjWq_QDCNGvbN,Trường học,school,10.8680934,106.6171451,"Trường học, Tân Chánh Hiệp, Quận 12, Hồ Chí Minh"
goong_qH6buX-3m3J4e3w_Zqi-mLdNYCKwdJvhaoRWHVYM5PKTgrIeYK3kcdm4PF8Msb3GeYVOFLFr4NxxuFZasnQi3Xm6PLmtDV_7f7tNWZtrm7JN-gV4NrQ3yi3ypViabDODb,Truong hoc,school,10.8147802,106.6780572,"Truong hoc, 4A Nguyễn Thái Sơn, Phường 3, Gò Vấp, Hồ Chí Minh"
goong_wLTgELA_dEtsmPAlFuGS8cVScU0S2EpWFYLpfMqyvjmZhp18jgajk-XifbhG3S6Bi27csQa9m_WF4qnpCtBGa32K1bgiwEZ7tYqZQRLB2hu9jqkMQhhCWhmGcS2aGO_3G,Chợ,market,10.8792609,106.6385009,"Chợ, Quận 12, Hồ Chí Minh"
goong_dKEim2mxmkxmhGAjnUacmnuDXj97m7XeZbh8KVAOg59mt0YerWvgwZOBNYBqyRp5M59xOWJutk99xt38FVq236ULofAKoerjGf7tNWZtrm_J-gV4NVg2Lm3ypVq0mDODb,Chợ Bà Điểm,market,10.84095174751246,106.5999344274437,"Chợ Bà Điểm, Bà Điểm, Hóc Môn, Hồ Chí Minh"
goong_oJZztpakp-1_v08Wl3fR33GFWBakQA-3lay9Tqqhm5cxACEMqvWSakWi0eVKTALDhaNN5LnJ1ipG90jgYawCW1nfTYSK6duiVW5ByVLZmlv9AdlMAoIyehnEAWyuWAZbW,Chợ Cầu,market,10.844444291000059,106.62648374700007,"Chợ Cầu, Đông Hưng Thuận, Quận 12, Hồ Chí Minh"
goong_4GagiWm6DaNe5lkAVukSFi3TNXEqIRJXUb5N6F7lEkeBouVREuHsp9XeoQJGBe6C4a6gvJL-lq89YRC8QwrqF0FuTXwePRbNt9qlfS4l5iTBsk0xtvx-ZH267RDSJHvLJ,Chợ Cầu,market,10.85119803400005,106.63721825400006,"Chợ Cầu, Quang Trung, Đông Hưng Thuận, Quận 12, Hồ Chí Minh"
goong_doTHaY37VoVxtobgu4lu9VGyg4zGgWKf4QLFIFb9ylMtHsVgRjQam62_WZjaRTJBxRtZEUpkomad1vUjtXA-i43uyfgircJHMdbFHU5Fhp_h0i1QHgQeRkXajXCzqBqfR,Bệnh viện Hoàn Mỹ Sài Gòn,hospital,10.800183193000066,106.68426214800007,"Bệnh viện Hoàn Mỹ Sài Gòn, Phường 1, Phú Nhuận, Hồ Chí Minh"
goong_fq29YtSN-jBzrWkJQEar3UCXvElwfq_FbZVIP4hAifNooVgUiBmj5lzLWEm8fZG7c5dXS_80_otksX19jA2FpGqD1djK-bP6Faa1bT419jW1ol0iFu-SdG2q_QBuNGvbN,Bệnh viện Gò Vấp,hospital,10.845806711000023,106.67170648000007,"Bệnh viện Gò Vấp, 212 Lê Đức Thọ, Phường 15, Gò Vấp, Hồ Chí Minh"
goong_bx3OSVz1umtiol1PuEmoenalQjKia4eJaUaSF6J0h8lsZF4uoRzw42yURUyNQbXPvZRjTXZHscO5k1YKoh2x_2-4cIONeaVKb6tdp4t7i-Ju9E6RvR2bi2y5RjaLHPDL7,Chợ,market,10.7916676,106.7145122,"Chợ, Võ Duy Ninh, Khu đô thị Phú Mỹ Hưng, Phường 22, Bình Thạnh, Hồ Chí Minh"
goong_J5ZbtHq44FO3hnErT7KFm2B8VIxqZrY6cT7xLMaBxjuRjvWJcoGGk9mO8aTq0fn7hea9LXKigt5l0vmVdmWyo1WC8QwBvUqzWer5TXJ5unvd7hEgIqAiOnnmsUyOeCeXe,CHỢ NHỎ,market,10.7962883,106.5791934,"CHỢ NHỎ, Vĩnh Lộc B, Bình Chánh, Thành phố Hồ Chí Minh"
goong_wWd5shOIEgZlilFHg3b_zHm2d4yDZJxFZqh32609hPZknFIRgUL7_npgLkaBqGTEtxJ0BLKmY4ZJp20ktGuU-mPBWQe2EffdYKRSrYR0R8u1hnkGEshKUhGO2STmEE__E,Chợ Bà Hom,market,10.753298466000047,106.59101701100008,"Chợ Bà Hom, Lộ Tẻ, Khu phố 3, Tân Tạo A, Bình Tân, Hồ Chí Minh"
goong_bEd47jI5qMhBaq3yFoUaKk27MUkiNHveXa4NkSY5Gp5tG-G8dvV7ri3WqIT-6HdKXardeN4xp04Niz14yjaft-G9qUU-Nu_WLb6tdSYt74ptvkU4dvR2L8G65RjaLHMui,Chợ Gò Vấp,market,10.82387836600003,106.68681974800006,"Chợ Gò Vấp, Nguyễn Văn Nghi, Phường 4, Gò Vấp, Hồ Chí Minh"
goong_RYxaW6Uak2llrXdNpnOi7lq6WSytRpTMXKZkSL5s8_NtvytOihuE9WauYxK60aLXFNa8jGYpurtVPlEEqshu2zly_Ywy_c4ONhKxaTox8jGjllkkaoBqcjGu6QTG-G_fM,Trường Học,school,10.8066057,106.628951,"Trường Học, 140 Đ. Lê Trọng Tấn, Tây Thạnh, Tân Phú, Hồ Chí Minh"
goong_gZupXl_yTotNg04ZVg-150qrrV5NUL17ebiyI6zGQlF6f4MirA2h6Ld5NYAK3Db6aZZ5GrS9Wl598lUmpqHub0nqnRlieVoSef7siTZtrk5t-gVkNrQ3ym3ypViabDODb,Bệnh viện 7A - Quân khu 7,hospital,10.755142944000056,106.67098574300007,"Bệnh viện Quân Y 7A, 466 Nguyễn Trãi, Phường 8, Quận 5, Hồ Chí Minh"
goong_I5qWtrYMn0zmgk8YrA60S8eqTMF-oUbx485JDIq1Qgrnpe08jswytZ5u5UF2gDFdknqi_LppXR33TlEheqXqae5-mR1mfV4V-87pMWJp6mpqAf18MrGqKfdqsVyeoDeF-,An Sinh Hospital,hospital,10.791312577000042,106.67825967200008,"Bệnh viện An Sinh, 10 Trần Huy Liệu, Phường 11, Phú Nhuận, Hồ Chí Minh"
goong_E_cRTXuygk1jpQtVra6ogVNZKXSqdJrtVbUKfLlPl4FtwUAusxCphmK3ZBOBPYTUeZ4fd7QbmP1tuCJdsoy2Znm0IFK0zL7AYKRGQYR0hO1hnhJJsmCUhBK2OUmEY__E8,Bệnh viện Tân Bình,hospital,10.794554178000055,106.65531680600009,"Bệnh viện Tân Bình, 605 Hoàng Văn Thụ, Phường 4, Tân Bình, Hồ Chí Minh"
goong_i3OUMYptZ4douoAFtWl4skXMpBGiQumAYYi5LrV7za5sqyIxjRz6vmyrLh6UH79siJFvB6Ifb4BeuEUmjhxFXXaSjy4yJeO6IbKheSoh44Zhtkk0evh6I82-6RTWIH8ih,Bệnh viện Đa khoa Gò Vấp,hospital,10.835134702000062,106.66171356400008,"Bệnh viện Đa khoa Gò Vấp, 641 Quang Trung, Phường 11, Gò Vấp, Hồ Chí Minh"
goong_T0iuaHKwcaEh-J7FHq19i61KuqwO8mnXpVJhgZopwjqh8mgRt-0-Fh3y-WA20caTgO6NPaLW0ivUMm3k2S7Kw4meaeg2oF_3jZqJUQIJygutnmEcUtBSSgmWwTz-CFfnC,Chợ Chiều,market,10.7449306,106.713678,"Chợ Chiều, Đường số 17, Tân Kiểng, Quận 7, Hồ Chí Minh"
goong_EO5mqs0RT6hipGk0uGWNg1anYUO2r45bULVfR7eG5oJXwCkJrXT9O1bCVAuDEYqYZp9PBrNMqP97tEBCg0r5sFaZKUPEdvisYqZQYoZ2hu9EnENjsEuWhmE_S7SGEP3AG,Bệnh viện Nhân dân Gia Định,hospital,10.803831177000063,106.69472835400006,"Bệnh viện Nhân dân Gia Định, 1 Nơ Trang Long, Phường 7, Bình Thạnh, Hồ Chí Minh"
goong_xZs8YUR8iWFWxVg-sTi7yGBlehSHMPres1AvH7JygcnBn0y3JWWFyHKbdqq2FrOGf6JbR79z_ulovXkMq0inxWOfdgG2TK_nZa1XQ4FxgehkoURMtxDeRgWazF0yBqPoW,Bệnh viện Ung bướu Hồ Chí Minh,hospital,10.805169669000065,106.69455579800007,"Bệnh viện Ung bướu Hồ Chí Minh, 3 Nơ Trang Long, Phường 7, Bình Thạnh, Hồ Chí Minh"
goong_W9KkJZGrqd5IgVxasFKow395UyBUqeK1eMa7fXZr63lehk9Opw2SmXCqMyWfaafuZ6hAAp95mfBLnr1xYnma3h2TyTCafRJXmfblPW5lpmfB8g1wPrw-JmX6rVCSZDuLZ,Trường Học,school,10.7920134,106.9505893,"Trường Học, Tôn Đức Thắng, tt. Long Thành, Long Thành, Đồng Nai"
goong_p3WJ-IhET-J2R0dSkHGZiXSIfh-QY-uSbIlMHqRcic53jrgkoG4_kr1cQRy6YY3tj51hEZdumthGn3E-p2qd-UChYS6ncLAodbFH2pTFhkVN0i1QHpweBkXajXCyRBurR,Bệnh viện Đa khoa huyện Long Thành,hospital,10.792466837000063,106.94781529000005,"Bệnh viện Đa khoa huyện Long Thành, Lý Thái Tổ, Long Thành, Long Thành, Đồng Nai"
goong_aJOWr0bpBaEFelSYsjW2M5GW-hEqmbr5SZcjJGrtGgO1yy0k4p3yljWXIJgyJG5PKbhuvCLFHNcRxoGOljBoDjqVFdw2lflyI96xaTox8jOVplkkauhqcjGu-bDGMQffM,Chợ Long Thành,market,10.777072618000034,106.95628527900004,"Chợ Long Thành, Long Thành, Long Thành, Đồng Nai"
goong_G6GO5G9ds3NtrVMDo4W98vq-dguNYrxbyaxiMoFtQHGksboWjxq8WI2sWE-sfL5c68lYD1pVuvVrzl3VIgW-7XNW_YiKBYo00T61baY19u2iNl0gbnRuNas2_QDD2Grtp,Bệnh viện Thú Y-Trường Đại Học Nông Lâm,hospital,10.866860828000029,106.78609351000006,"Bệnh viện Thú Y-Trường Đại Học Nông Lâm, Quốc Lộ 1A, Linh Trung, Thủ Đức, Hồ Chí Minh"
goong_s52Bc-0ovad112pXmTaxl2-hRCW7fqvVcNdEDqdydfGdo2YXlAdcy3OOeB-UTDbBQbhYcactstR06m1jlnCRkkegOxC6cIGVdbFHU5FhkfTh0i1QHpweBkXajXCyRBurR,Bệnh viện Y dược Sài Gòn,hospital,10.844643115000054,106.81792343700005,"Bệnh viện Y dược Sài Gòn, 139 Nguyễn Văn Tăng, Long Thạnh Mỹ, Thủ Đức, Hồ Chí Minh"
goong_UidVCLLeW5l72HEft1Ow5HfaUlqjerjHRKhXWodjgv5Iq0snm0OelniibSqvbIb2YJBpGphU5dhIjvzg-t32Sm06_NAivUqz2er63XJ6ySPd7bp4IqISOfnmsUyOenuUJ,Bệnh viện Đa khoa Lê Văn Việt,hospital,10.84467835700002,106.79016980300008,"Bệnh viện Đa khoa Lê Văn Việt, 387 Lê Văn Việt, Tăng Nhơn Phú A, Thủ Đức, Hồ Chí Minh"
goong_dGuHp3hR9vmhllme5SG_1jG6BXrimQ_DIo19SD78Yg8-RvkJJNn6-x1m8azCMcKHkQZFtTLEag9VovXRNvESPiHO9SkqmRoPLa69ZTY9_j-ZqlUoZuRmfj2i9QjKPGPTP,Chợ Long Thọ,market,10.685284719000038,106.95682203300004,"Chợ Long Thọ, Hùng Vương, Long Thọ, Nhơn Trạch, Đồng Nai"
goong_UWzazF6ckAti2DqhMmzunH6-b6wcY7KqTaxr2CRXnKF8glGtXm26m3mFdLYzVrJ4Tbybqjxvn2d-g3uiWXy1mWK9Z5tesHzBeFVKnAqmvPV5hlmqIZSGMCnuuUZwlnOfc,Chợ Lam Sơn,market,10.529104474000064,107.07940065200006,"Chợ Lam Sơn, Phước Hòa, Phú Mỹ, Bà Rịa-Vũng Tàu"
goong_gkOvjba_qvFculxParRH-G3MuAx4e1OLXbwtBcwegcFroFMIoXrx9F2TZQ-8e6SNbalcSbtosMhjo66YqM0a74Vxx9btPQPHibqpcSIp6iuNvkE8cvBxumm24RzeKHYrK,Chợ Ngọc Hà,market,10.60626299300003,107.05461439800007,"Chợ Ngọc Hà, Quốc Lộ 51, Phú Mỹ, Phú Mỹ, Bà Rịa-Vũng Tàu"
goong_ebkAdn1zD9JIgSxQs3uCnGeqHUyeVImbSLs2Zad2ieNkulsgp2aj5XCrXEyeU6fmfahbYq9ov5F-uVpEnmvnnq-L1B09nVbDRq7tbsJlpXPB8g5lUrw-JmX6rJFSZDuLZ,Chợ Long Thọ,market,10.7229177,106.9540487,"Chợ Long Thọ, Đ. Hùng Vương, ấp 1, Nhơn Trạch, Đồng Nai"
goong_FHYcym1q4450qHEtuXi4_WO5pgqNe6j5diS7bqBGijNNhF-JoXqSXWircU-9H4aCa7q8LENq9fVjqaMTuUek8Fy2ZQyMV46jbqpcR4p6wopvkEhPvByaim24RzeKHf6HK,Chợ Đức Hòa,market,10.819050581000056,106.45365575100004,"Chợ Đức Hòa, Đức Hòa, Đức Hòa, Long An"
goong_ktGm_W9BXmR1ZNAZqb1ZlHF7Oog2lm65ZffW3MqlnnL5wPootkQCy0EVFjRWjA4iWc3OkG3ADlJe-WXQ6Qo6ck2oAtDCVnIgtcEKOZJTylFZxUaYCogKElHNZuCmUA-_U,Chợ Cầu Xáng,market,10.791141874000061,106.51494796400004,"Chợ Cầu Xáng, Thanh Niên, Ấp 3, Phạm Văn Hai, Bình Chánh, Hồ Chí Minh"
goong_UMtlFKNUslNSimYdsmGx6iSaUkWbcoTwfP1LO7EI7tatUgFtyoy2ziorxSxmxcrN_ypJXBJ1JguJlo3JGoEu0gWOOYhuibYL2ZoIVQJhytOtPkmcUsBSCgkf5Tz-uFbTC,Chợ Bà Lát,market,10.770933784000022,106.55135246300006,"Chợ Bà Lát, 1A/246/4 Trần Văn Giàu, Phạm Văn Hai, Bình Chánh, Hồ Chí Minh"
goong_Y3kIpm2CXLluk0ctuEaw9G_OvEd2a4H6DbrlJo6BDitJdzWUzvR2462OqRAqPHZKPdM5tO2qjlspuqjcKR3rx02hHo0-gHM3DbqqKSIp6iuNvkE8cvByaim0zR7iKHfHK,Chợ Phạm Văn Hai,market,10.770867786000053,106.55152672400004,"Chợ Phạm Văn Hai, 1A246/6 Trần Văn Giàu, Phạm Văn Hai, Bình Chánh, Hồ Chí Minh"
goong_vKp0QflcvHVAj1kPuWDr9nSia1OjcI_NbY5NUaByovBBjkUTu2KqknnWKUmVTYymcrApDu9ciKVtXV1UlgW1ldZAVleXf7bymLBGUpBgkHT5ilUGpgaAkF25dy2QBS6LQ,Chợ Hòa Khánh,market,10.840240680000022,106.41936618400007,"Chợ Hòa Khánh, Hòa Khánh Nam, Đức Hòa, Long An"
goong_Ybu4syN0utF1r36wVHKalEGhdqJQTJHxR6BI11xYv5VAPh6jF2Pq4ne6fogRY535caRYo1Vbv-hslFeOp3Xu011UPrFTQe_acZFHiwd1kfhhp1SjLAeBmXaRXLT0oBuqR,Chợ Vĩnh Lộc B,market,10.778567423000027,106.57348609200005,"Chợ Vĩnh Lộc B, Đường Số 1A, Vĩnh Lộc B, Bình Chánh, Hồ Chí Minh"
goong_o7ezRHhgh0BVpmILu2SV1WzDLz-wd2HlmZwjOqxMZ4BIm0g8ZRC3rICnfkS0d_f7ZbVMK7RkmoZPw9lgirGaB3Hm0K0GsepXuYaWNR4V1hVNgqewTsxOVhWKfSDiFEv7F,Chợ Trà Cú,market,10.843526835000034,106.35058237100009,"Chợ Trà Cú, Tỉnh Lộ 823, Hòa Khánh Tây, Đức Hòa, Long An"
goong_nbcgeqt6tG15gnIbm2_nnmOtTFyxbL_ae6H5YMqFyleRNhCRmmECwmHusEhuYCOLvfa1qJ7R0r-5Xgjs5o2KzmWO9ZgOglYJveb1LX52dnfR4h1hQeQuNnauvC1B6Cubd,Chợ mới Hòa Khánh Tây,market,10.852598530000023,106.36777397700007,"Chợ mới Hòa Khánh Tây, Tỉnh Lộ 830, Hòa Khánh Tây, Đức Hòa, Long An"
goong_b0Stye_I-AZAsWYKu1yWkHTWSFKXBIntdb29U5RcjeJ1fp8HoGKCcXBcozymkZEocGZEBT5ZzjS141UQol3CZp3WhS1X3XeK4dbFHU5Fhl5F0i1QHp5mBB3ajXCyRkerR,Chợ Vườn Thơm,market,10.75301130300005,106.48127044000006,"Chợ Vườn Thơm, Vườn Thơm, Bình Lợi, Bình Chánh, Hồ Chí Minh"
goong_KIviYnN1YWZcojsHpHWJ5W2hTAqXfpKSRtc_NaMEiVxxj5IIumGNWKe9TC1sY-rturOZIKJuq2Js1sgeoVyW2HeiRDGnuEzWdbFHU5GRkfh0i3ETHp1SBkXajByyRBurR,Chợ Mai Bình Lợi,market,10.75447016000004,106.48322323700006,"Chợ Mai Bình Lợi, Vườn Thơm, Bình Lợi, Bình Chánh, Hồ Chí Minh"
goong_hUC4qUNssmxlnC-zJVeF7Y23W4SsZ69kwMGpE7dPieR7PMJIrnWshlUxXAVId5rDZ6a0AUxOrM149n2oKhROkh1WafgSsd_6BYaVTR4V1hexgn0ATYROVhbO3SDhiEv7F,Chợ Vĩnh Lộc,market,10.773051972000076,106.55178863000003,"Chợ Vĩnh Lộc, 69 Vĩnh Lộc, Phạm Văn Hai, Bình Chánh, Hồ Chí Minh"
goong_Sl3oZxT3gHBQsKxHsEqcx1BankWztvNNZpnmRkyAjGBqoy4yhXDzF2KiVQaxcICHVqBWDYFi-_N8sEUCtmSy9xXGTTSpiLd9ZKBWQq7pgOk5mkVlthaQgBCayTT2AF_vA,Chợ Đêm Bà Hom,market,10.750118757000052,106.59098158300009,"Chợ Đêm Bà Hom, 45 Đường Số 5, Tân Tạo A, Bình Tân, Hồ Chí Minh"
goong_R7qn-NGR-EfjoUdUr2OjdTpDXSBekYLRG2tc2Hr0FmnDuu0gTrWHqKJnUZna6Y402644_D7pwmUDvolwuo1qRddS9ZVeRWJG4kbFHU1xhdXEHi5EHVHSBp5GjXCx2Bup1,Chợ nhỏ Võ Văn Vân,market,10.793942381000022,106.57668994000005,"Chợ nhỏ Võ Văn Vân, Vĩnh Lộc B, Bình Chánh, Hồ Chí Minh"
goong_vomifoBOUbtmlWRLjzX2pW2CpUDLF4RdXJLzDMwbvL1ovUJKoH1Bv134jE3nGEWybmh3T9YZgL-Sa3dOi0eMpXC-SWzISYCMaKxaReV8j0LpplkkajBqcjGu-QTHMG_e6,Chợ Nhỏ Võ Văn Vân - Vĩnh Lộc B,market,10.79379814500004,106.57652189900006,"Chợ Nhỏ Võ Văn Vân - Vĩnh Lộc B, Võ Văn Vân, Vĩnh Lộc B, Bình Chánh, Hồ Chí Minh"
goong_lkZ2uP9ytgG6RkxRplyK0aaIS1OlWuXwcI9mUJYCmv58tTgkkwHklWi_Uwm9ZraRQJZAG5d07eVqplMUoAMvoGvQW6ThXCKhcrZAVJZmlnP_jFMAoJQ6GAFukWyuWce3W,Chợ Ấp 1,market,10.780446324000025,106.57345830400004,"Chợ Ấp 1, Vĩnh Lộc B, Bình Chánh, Hồ Chí Minh"
goong_BKWRP2Jwu291s1sruKS8l0WMQx1tlOH7Q6NiHL5ZgV97r5dW1wawanauZSi5YJLCb4hPDaJyjuuarmE0pAege9qiSzaiW6jWdUrJEUJJ2kvtiiFcEpHeCknWgXy-SBenS,Chợ Bình Hòa Nam,market,10.809413300000074,106.36726590000006,"Chợ Bình Hòa Nam, Bình Hòa Nam, Đức Huệ, Long An"
goong_EaYoc3G4iLhHvW0RuGTCr1HanSCuyWLTZcbtYPr1ugtpAp2oloEyakUGJRHWgYIHwXKJ-EaBxmeJwsl9VrFvZkXWhZim7frPVdbFHU5Fhkfh0i1QHpweBkXajXCyRBurR,Cho thuê xe du lịch Đằng,market,10.784644183000069,106.52329700300004,"Cho thuê xe du lịch Đằng, A2/13 Trần Văn Giàu, Lê Minh Xuân, Bình Chánh, Hồ Chí Minh"
goong_JmOzVtR6ramvYlogn7Ptr65OcFWuP4_2v0lGG6Jl8scW_eFYfmgiD_a1IQRGoQp_j2FJ1XJ5Sl9tKeEYBqW3s7bx7cAaXfqWsf29JXcK_n_aFtloJqQl4n497UiKfCOTf,Chong Chóng Milk Tea,market,10.769214447000024,106.55153391100004,"Chong Chóng Milk Tea, G11/2G, Ấp 7, Lê Minh Xuân, Bình Chánh, Hồ Chí Minh"
goong_Dl17N-FVmCF8uKmW0pnexnUgqf7moRZP4TqvYQalRtpxJ3lkXs2rj63-4RQSzapSueIFRGPB4tq1Sql5cnVTn2kiHN12yaObTfLhOfJhomPFagl19rg6ImH-qVZCYD-Ml,Cho thuê nhạc sống Sài Gòn,market,10.776877900000045,106.57607380000007,"Cho thuê nhạc sống Sài Gòn, Vĩnh Lộc B, Bình Chánh, Hồ Chí Minh"
goong_rG690QQNGaxpqd5IXjUGA1mh8vbo5QZDOaCeVjbpujPBsWshIiRi2_2tBlE-nfYzEXnC-AbxsqYmleKBKihhyj6VoaAyKc6KPVVqWhIx8jE5pSTW-uhqcjGvloDGMG_fM,Công ty TNHH thiết bị trường học Tuổi Thơ,school,10.838833241000032,106.56732107600004,"Công ty TNHH thiết bị trường học Tuổi Thơ, D11/52 Quách Điêu, Vĩnh Lộc A, Bình Chánh, Hồ Chí Minh"
goong_l5h7D6lWf3-LqlYAmmt9wZOFYC6aeYd_2aowFK15m-d7gk1fng--m3zebDWwIpvTSa1naoMWvp5lq29dnVGyt3yYQhudZLW3f7tNWZtrsvJ-gV4NrQ2bm3ypViaNbDODb,Chợ Phú Thọ,market,10.762609885000074,106.65410283300008,"Chợ Phú Thọ, 124 Lãnh Binh Thăng, Phường 13, Quận 11, Hồ Chí Minh"
goong_lHx8oH255YtcrHADirqXxHK_KiJsQaKIbpV_E79ZpY9ck3cwp3No54SUfxKEGV2Ja8t7No9t0jI5lrkk1un7zyHLJYwi6MamlaGxaToysiYxplkkauhqcjGs1Qb6MG_fM,Chợ Sơn Kỳ,market,10.805905988000063,106.62242206200006,"Chợ Sơn Kỳ, 39 Bờ Bao Tân Thắng, Sơn Kỳ, Tân Phú, Hồ Chí Minh"
goong_oL9xOI24culGtmovZZC_3milMBmlZ7qSdGZDCaOPaZVGiW0qvZ5mzEalXFC9jneVcdFhLJGWnmR_tFMvoJR20mjTeRKgs2aTcrZQAVJaWAP9bjHMAoIYBllOkWyuW7XbW,Bệnh viện Đại học Y Dược Shingmark Đồng Nai,hospital,10.896375514000056,106.86304126500005,"Bệnh viện Đại học Y Dược Shingmark Đồng Nai, Quốc Lộ 51, Long Bình Tân, Biên Hòa, Đồng Nai"
goong_FpMAf1vfQFpyj6Qxauisd3PSv1Vx351fcqW8FHnOlgFB0aEvut2rAXd5t1Rxk45baNK_clvWimYvtqUnZc_tnnTRv1OWALxmcraWoFT_lgBzjKBTW5aQGAXGklitb1u12,Bệnh viện Phổi Đồng Nai,hospital,10.875713849000022,106.91807039600008,"Bệnh viện Phổi Đồng Nai, Hồ Văn Huê, Phước Tân, Biên Hòa, Đồng Nai"
goong_C1GZbFC1jHhL20YcnbCc4JRjJWuc24xiw7AHElGqkNt72a9ef0Km5XyCURihb7rvTYJSX6p_gNpG2vTIgr1Z8xmHZZwKtV67leLxKXpxsnPV5hlkKqniMnAquUSGce-fc,Chợ Thiên Bình,market,10.8747013,106.9338179,"Chợ Thiên Bình, Tam Phước, Biên Hòa, Đồng Nai"
goong_y3CHoVerq2JSDGXEvDuS0mtjKJu3OJ7iij0knE9LpGZgQ7S-qxewh2YzT7K1FfyAYEyxLxbNInYFnJV-zYquG235GLKJhfZLpZkBUmIJygutnFEewtBSSgmU_T66CFfnC,Chợ Linh Trung,market,10.859958365000068,106.77364196600007,"Chợ Linh Trung, Hẻm 144 Linh Trung, Linh Trung, Thủ Đức, Hồ Chí Minh"
goong_jvg-kUdqsVx4oFg8rFiC2kGxXBOmXI2TQaJxEZBUne5BjnI0o1id0XbXRDeQc6_5p3WTZB3RdkWaflJUKo12sk3e4NxC7cKC9deJHU5FhkSh0i1SRpweBB3ajXCyRBurR,Cầu Trường Học,school,10.9102484,106.3177013,"Cầu Trường Học, Hiệp Hoà, Đức Hòa, Long An"
goong_c1XsIusqZTFqmU4UvXSU0UbSYC6lA7HlfY5Ou6lKh6F2OmfT33i5kH6lnxORZptKQIjNVKe-ePVA0V43p5-L6UaJRgGRdY_Xc7dBRVZdnl_5yjVJ3oQFal3ClhwGXAFrX,Công Ty TNHH Thiết Bị Trường Học Mai Nguyễn,school,10.7569651,106.6077521,"Công Ty TNHH Thiết Bị Trường Học Mai Nguyễn, 144, Đường 7A, Phường Bình Trị Đông B, Quận Bình Tân, Thành Phố Hồ Chí Minh, Bình Trị Đông B, Bình Tân, Hồ Chí Minh"
goong_gZ1EqnCBfRDVjoXYzqLe7hGeyLyFjgKdl26N2JoZhgmuos24lOBatha9QU7ZEibFxZptUO7P-joJ_x3EOqEi79mjGfUZhh4KDZaFMQ01xgehkm1cXtxeRgWazTDyBFvrB,Chợ Gò Đen cũ,market,10.639280678000034,106.53415472100005,"Chợ Gò Đen cũ, Tỉnh Lộ 835, Phước Lợi, Bến Lức, Long An"
goong_XZuhS5JKHqhaknMxoWekwG-uWQe2d7iLYc17SaFDpcFZzC4uo3iy-mmkcE2jeoTMdbh_RaJ3OtFvqWyAjmiTimeAbWi6LKbObL5eRP4Z4iOFtiE0evh6YiG-6RTWIH_PI,Chợ Hòa Phú,market,10.490499532000058,106.42455846500008,"Chợ Hòa Phú, Tỉnh Lộ 827A, Hòa Phú, Châu Thành, Long An"
goong_cneZ0TFz1zFpRjWAYp2iUlnO7eBepd7nkQbQ8Gqpbl-1xWokSp1qX63Beny-iZ6lSRS7_iL51jN5AAV6hE1ullHCJbKWRZrnQALdBVZdnl_5zjVIBoQGHvrulWiqXcJfs,Trường học,school,10.8960533,106.6342342,"Trường học, Ấp 6, Hóc Môn, Hồ Chí Minh"
goong_VHq_qz6suOp5gTmoWX2a_nvYMLIUnfYKWebJLt1wIkvVXrmUbnk-3nHitVyqtfZHGdL1lIa59ns5JU4ddmAid13c0cVqfUpL2er5IXJ5unvd7flsIqISOnrJ5UyOeCeXe,Chợ,market,10.8895466,106.5975402,"Chợ, 4A 2 Tổ 62, Hóc Môn, Hồ Chí Minh"
goong_oISmRg3KvhNylUUzjUGQjmqWfzhBQZzWXpa-ujYaovJrrUFop3z_WWyUUfK9f4D_Xax7Do01gGxolFFsu4--FWaSUSGL0f5T7aKxaTox8jOVppUkauhqWjGucQTGMG_fM,Chợ Hóc Môn,market,10.888917998000068,106.59645262500004,"Chợ Hóc Môn, Lý Nam Đế, Hóc Môn, Hóc Môn, Hồ Chí Minh"
goong_R_p9UeCaJ6x_s3Ub3CO03nPDQFanXrySZ4NTXq9-hrZWnk8jn0yaq36ddQOxaIKUZNxtHpxQ4btnnzw6s3mWu0ryMAyrVqi6fvNMWJpqmoBXmn-zeqwMqF_aVM4oMDeG2,Bệnh viện đa khoa khu vực Hóc Môn,hospital,10.882615156000043,106.59319113800007,"Bệnh viện đa khoa khu vực Hóc Môn, 65/2B Bà Triệu, Hóc Môn, Hóc Môn, Hồ Chí Minh"
goong_PxFD4ID4UIZnqnVLt2SG31e3MA3atZ4WEV8AoPrBpjmZXnHEDsNu8d2OcfkWvdLhir5kgCbVm7VGonHoJtmejzmGnega4ZYLeYqZQRIZ2hu9jnEMQjqqWsGEQSzuGtP3G,Chợ nhỏ,market,10.9160241,106.7016398,"Chợ nhỏ, Nguyễn Hữu Cảnh, Lái Thiêu, Thuận An, Bình Dương"
goong_J5bT4aowTH19hT1dMsXme-pLcNDqzebZ_8axPWIZTtu5Lr2EfmlCVmH25VzWcebzCcLl6JaphmldNg8pZnAyZeXO7s16bVnXyfrqWWJpqmvN_gF9-rAwjmgyoV4qaDX3a,Trường Học,school,10.8064532,106.6289439,"Trường Học, 140 Đường Lê Trọng Tấn, Tây Thạnh, Tân Phú, Hồ Chí Minh"
goong_PPqdw4Q3SLNkR0C0uHVM1XhGXGWzm7ftYnVcm8VJt_9vAH6dsE9in9lQrcpywdInnVSpqtawSYYL2KFiar3V52ngKK6WCZf6HYUesn4V1U-xgE4W3sxOVhWI4SKmNEv6F,Đường Trường Học,school,10.9106311,106.7666746,"Đường Trường Học, p. Dĩ An, Dĩ An, Bình Dương"
goong_5WyFb2BJUmGZmiJCrmaNgWDDKyWsZmLuYqlQR7BMifFUtX4AhU-KhzyLeWyEZqPdrKZ-9OrVmQtWphS9Gg2WGzJykakFIE4nts6WER2F1hexTn0ATsxOVhWK3SDiFEv7F,Bệnh Viện,hospital,10.8679268,106.7141116,"Bệnh Viện, 18 Đại lộ Bình Dương, Vĩnh Phú, Thuận An, Bình Dương"
goong_gEmed3g5pU6tt-1BVFmcc7qMqAVSZrZ3ru_9Anp2smuInPghbT2uQbKt5kluNrhJs6LzCm5NjH-0neQwYXS2fK6c5QtgEftShK8TtRmF0hEGynqhkYxKUtoSExBJgE_9J,Bệnh Viện,hospital,10.8130886,106.6236733,"Bệnh Viện, 200/14 Nguyễn Hữu Tiến, Tây Thạnh, Tân Phú, Thành phố Hồ Chí Minh"
goong_t4GYbp5MY-B8nno5h1yGgGGZRCWBSq_Ef6JmM6sUmYV8DrVwEt6h-9XyYKy6wOLjJZky9u4APpIlQZVgOvE2dx3pjLwe_F6PRZaFXQ4Fxgehkm2EXrUSRgWa3FzyzFvrB,Bệnh viện,hospital,10.77414,106.666807,"Bệnh viện, Dương Quang Trung, Phường 10 (Quận 10), Quận 10, Hồ Chí Minh"
goong_d6-8o0QpuVhxfDIbowKMyry1bgssZUeWmrluplidnWRFiqN1IRC33XGLO5GlXpnhQ4tHVpN16tBFpVPwyp1ie3EOpTC2mXpXpcbVDV5Vllfxwj1ADowOFlXKnWCiVAu7V,Bệnh Viện,hospital,10.7568878,106.6768678,"Bệnh Viện, 218 Đường Nguyễn Trãi, Phường 2, Quận 5, Thành phố Hồ Chí Minh"
goong_IYLQQt9Km8dhmhl0DqHqY-XK7IXerVYCaSZYtXJ97nOx4uzNankix3mquTXy4VKbvW513faVVuvh4gX8Erg6IVX-A-lqyZ4ixfLROWphoa5h9uF0Org6IkH-qVSWYD-OY,Benh Vien,hospital,10.7911408,106.6785805,"Benh Vien, Trần Huy Liệu, phường 12, Phú Nhuận, Hồ Chí Minh"
goong_K819X3ayrtp11WF2lE-O4Q27ZXaSB7DQbu1PDKNZqL5v6Dg3oWOCo3SILza7cbORe9VHEbgEvOUVsjE8monOCmqRyah1AiILIpAZEUJJikvt3iFcEpASCknWgK1-SBenS,Bệnh vien,hospital,10.8614573,106.63092,"Bệnh vien, 134 QL13, Lai Uyên, Bàu Bàng, Bình Dương"
goong_ZgZAg4h1ppx4jmICt0ugpnvWTUI_daTOZp5DtjRLgvhjwFAMfgxKo53vAS0uDE5r0eJw3qoB29d9vsHa6XGmO9WGvfTm1Z4fxYo5QRIZ2hu9jnEMQsBCWhmG0SzuGEf3G,Bệnh viện Răng Hàm Mặt Trung ương (Thành phố Hồ Chí Minh),hospital,10.75798379400004,106.66047288400006,"Bệnh viện Răng Hàm Mặt Trung ương (Thành phố Hồ Chí Minh), 201A Nguyễn Chí Thanh, Phường 12, Quận 5, Hồ Chí Minh"
goong_9atDcYVEPEx_sVQdgRb6t2jHbibHTZ2wYZ56J7xx_2WEmEg6tEyNUDWCPT0Srcb_qfKJhNa0nrIBkh3BCm02z8maYZsGzOJnIZaEXFoFXgehkm0SotxcXgWaziZGBFvpM,Chợ Cầu,market,10.8472269,106.6358263,"Chợ Cầu, Tô Ký, Đông Hưng Thuận, Quận 12, Hồ Chí Minh"
goong_W1N5nmyVVa1gh3Ekq1eewX-WWyusCn6uYts0Abe8CNdgoIm0-m6iRn2PZcV0Lt7X2er5XGq7tnpl-h1NbmX6enGOvMVonYZLDer56qFxunveySHsIqAiOnoSsUyOeCeXe,Bệnh viện Truyền máu Huyết học,hospital,10.756420587000036,106.66595936300007,"Bệnh viện truyền máu huyết học thành phố Hồ Chí Minh, 118 Hồng Bàng, Phường 12, Quận 5, Hồ Chí Minh"
goong_BaSGS_1hS0BvwKA3tXZLhXjBXGKASqOGQ8FbUa9pq89hqlOOt3eqOXuVIYStd6_verRpALNPtYFntU8mtmWAo5mHAIUG3SorEYqZQRIZ2hu9mnD9DsGOwhhC0EDuWEYbG,Bệnh viện Đa khoa Quốc tế Hoàn Mỹ,hospital,10.887886218000062,106.77382433200006,"Bệnh viện Đa khoa Quốc tế Hoàn Mỹ, 241 Quốc Lộ 1K, Khu phố 2, Linh Xuân, Thủ Đức, Hồ Chí Minh"
goong_ethg9WJn-bVjiVJEgHX8q2bPdEaAZ58-Z6t0ta5lhwVKnxJBghD4gFG2YAeCEaXHYMJ3B7Fki65upGAnt2iFl3rCWgS1EvTesadRRBWN3h-6Hj0IRsRGXnWCHSjqHEPzH,Bệnh viện Quận Thủ Đức (cơ sở 3),hospital,10.878087994000055,106.76614852200004,"Bệnh viện Quận Thủ Đức (cơ sở 3), Quốc Lộ 1K, Linh Xuân, Thủ Đức, Hồ Chí Minh"
goong_oMWjRsvHgb5RmikjgmKD62pjXUWpsbHGamFOFbRJj-J9xEY3qHOtr35nTjmFLcZy14mFKB6hIqqp-mWwMgxXFolNOnAKqcfiHZ3g6VYNzg-pmmUEVtRWTg2SxTj6DFPjD,Bệnh viện Ung bướu Thành phố Hồ Chí Minh - Cơ sở 2,hospital,10.870685265000077,106.80968797900005,"Bệnh viện Ung bướu Thành phố Hồ Chí Minh - Cơ sở 2, 12 Đường Số 400, Tân Phú, Thủ Đức, Hồ Chí Minh"
goong_oZG5yHd4hOBepF5LiWiQ8m2RZwaJevuLdZBVB0VFkNdul709JneEi3aSaE-jvpT0b5B4CHSObICDhnM4nvnhfwVm4XTe-aanDbKheSoh4iOFtkk0evh6YMW-6RYiIH_M1,Bệnh viện đa khoa Đồng Nai,hospital,10.953379290000044,106.86795545600006,"Bệnh viện đa khoa Đồng Nai, 2 Đồng Khởi, Tam Hòa, Biên Hòa, Đồng Nai"
goong_ALufR75ntTh-tmxWvWi59UG2Qje9c4_XXYh_U6VH6Oh2pDBVkQGfyHW3WiOQd6FKdbTeVJFers4uj3hAqQCt1TGRkQRekd5iWc7dBVZdol_5yjVIBoQGHl3ClWiqXAOzX,Chợ Quán,market,10.7561874,106.680714,"Chợ Quán, Thành phố Hồ Chí Minh, Hồ Chí Minh"
goong_qX7yhXu3DE2TqHw_qGq-ZpuYYCKwdJtWt4ThHbKyDFZxgmAem-TkmHEic4ScaL3GeRVOFLFr4NxxuFZasnS53Xm6PF-tDbn7fN7tNWZtrm_J-f14NrQ2Lm4GtViZ8DODb,Chợ Lớn,market,10.7452972,106.6303629,"Chợ Lớn, phường 11, Quận 6, Sài Gòn"
goong_TQ5ommiomHhIuT4HqK6Q8EioSl97q4AhZthR6p6B5yFOaEE3rw6Q0X6pfBapaOvQVqtVHqlTiPh_h0lcmFG5m3m6dwGuD5TsfLhOWpi0mLF9aF0OroLxiH-KqVSWYkOMP,Chợ Đa Kao,market,10.792587738000066,106.69658610700009,"Chợ Đa Kao, 23 Nguyễn Huy Tự, Đa Kao, Quận 1, Hồ Chí Minh"
goong_bnXe7o-nkTdpiilbpW3ISWuShi6nbaIgaYJqTLtH5fpfgb4LjkS9jGm2oV0-nU61DZI7WMb5tl3VZjSRNuBivx2eCYUqIQq7mao5YTI5-lOdrnksYuBi8jmn1QzOOGaLO,Trường Học,school,10.7866328,106.7055115,"Trường Học, 11 Nguyễn Bỉnh Khiêm, Bến Nghé, Quận 1, Hồ Chí Minh"
goong_XG-ObG9Mt1iniDsudwaj05GPVDGiYY3ie3WwLa9wv-a9QT8qolu48SjXcTunmaM7DaFyN6TBgthHsDYcuwezyUGwXBGQcTbSRdbFHU5Fhkfh0i1QHpweBkXajXCyRBurR,Trường Học Tư,school,10.9121434,106.922394,"Trường Học Tư, Đường không tên, Phước Tân, Long Thành, Đồng Nai"
goong_YIfps_tgcHJXxFk_sBW6yWGyezE5YPvfUcQuhh5zgMhknk0kq3OErGTdWgC3iLIXfqNaRr6e_-hpCvHgNqkmmxGKedwC3qU1NZKDmQoCugFZlmkUWtha2gGeyTT2QF4DA,Chợ Trà Cổ,market,10.946100000000058,106.97900000000004,"Chợ Trà Cổ, Bình Minh, Trảng Bom, Đồng Nai"
goong_nO64SF9HBEOTsooJZV-kvtV3S1GVB5R24Zpyu5d9UL7Xc1-Oo2GCb8uLWwulBJJzyq5HLpVwjnv01itHlHOaduyiK1aUXuF2-7JEUJJikneSUiFcEpASCddKgXy-SBel2,Chợ Long Bình Tân,market,10.903198254000074,106.85045155600005,"Chợ Long Bình Tân, Quốc Lộ 51, Long Bình Tân, Biên Hòa, Đồng Nai"
goong_1Kyae2xseVhivFGUsFe6GeBitb8yGb75htYRZLplRfOKY2kkFmXyy1U6DZzhRCIDuYoaqWq1s78UloEZ1nXOU7xySZyOvfZTreLxKXpxsnPV5hlkKqgqMnHuuUSGcC-fc,Chợ nhân văn ĐHQG HCM,market,10.872057945000051,106.79891126600006,"Chợ nhân văn ĐHQG HCM, Đông Hòa, Dĩ An, Bình Dương"
goong_lrlequrOJ01paEFKtXiQ2HVsUUu-b7rgeERROr2WMfJiRXO6iZENvmpDRaH7kQmiWB9nhKG4-490eFUlopf313VoRQePqPOKbH4iASoiSiCZtHuEevrqYiG8fRTWIpPPI,Trường Học Cây Dương,school,10.9533666,106.5156865,"Trường Học Cây Dương, Đường Số 20, Tân Thông Hội, Củ Chi, Hồ Chí Minh"
goong_g8ppjZLSLb1ApGoRsW6vxEikZyqhRoW7YohcKYUZq61XjVxPg3ykj01SzaSC8b7NtYkCKpGz-Fm9Ap1yNsRi381inaTQ0QJHJW09orZd9jeRIu2obvxudjUCNaTChGvbN,Trường Học Tân Xuân - 8/6B Quốc Lộ 22,school,10.866782,106.599349,"Trường Học Tân Xuân - 8/6B Quốc Lộ 22, xã Tân Xuân, Hóc Môn, Hồ Chí Minh"
goong_apf9iGmkl0dpyFc02p2-syHCAQyM3ho1sZ68gsA3GoItwonU1v22S8mynWE2nRazJXoJpEG6LjuhovyQyRRqeQ3ORihiwGaBHaq5YTI5-jue4lEsYaxiejri8QzOOGfXO,Trường Học Tân Xuân - 1/4 Quốc Lộ 22 - Xã Tân Xuân,school,10.8669177,106.598849,"Trường Học Tân Xuân - 1/4 Quốc Lộ 22 - Xã Tân Xuân, xã Tân Xuân, Hóc Môn, Hồ Chí Minh"
goong_KXS93ET2toxqilEPpHaU9X63eyGnWYyWoppOUEV3WeCTt5BWkmY_0mq2YzmkA73jcdN7LalZqrhO0nHMIovSELXMCZ42-a4RWcLRCVpRklP1xjlFwogKElAKmWXOUA-_U,Truong Hoc Cap 2,school,10.8746169,106.6159878,"Truong Hoc Cap 2, Tô Ký, xã Thới Tam Thôn, Quận 12, Hồ Chí Minh"
goong_ZaB85Zh5f_V_sm0rr7d8x0-vblu1np2cT9gwJqhxlsNThHobqG-klk-9aVy3bKDsSYE4Ea1-sPh-hGIRski71n-uYh6_fZrGer5IIXJ5unvd7hFsIqAgnnnmsU46eCSPe,Công ty Phân phối Đồ ăn vặt và Thức uống Trường học,school,10.8370199,106.6117986,"Công ty Phân phối Đồ ăn vặt và Thức uống Trường học, 45 Tân Thới Nhất 2, Tân Thới Nhất, Quận 12, Hồ Chí Minh"
goong_Y6JwQa4ulHZZtHImvZGuZXanOjSVzrJ0frZjM5OUl71Fpi17o70DZHa4MJy_FIgAc45B66aXuF1qm2QbvePSWH3TaFOSlpdkcLRCVpT9lAJxjlECOopSEA3OmWSmU1O90,Bệnh viện Đa khoa Tâm Trí Sài Gòn,hospital,10.831669145000035,106.62169932600005,"Bệnh viện Đa khoa Tâm Trí Sài Gòn, 171/3 Trường Chinh, Tân Thới Nhất, Quận 12, Hồ Chí Minh"
goong_rJ-Bg2FYV6xKuhwVnGlm0mQjPMKmpa7SeeDTaBU9qs5lKha-ztmUm8UqxNJKDD4KZfd1tIJ17mphzuF8jrGjl3mTfdXqsHr-ffrpMen5qmvOagF8MfwyKmn2oVyeSDeGa,Bệnh viện Đa khoa khu vực Củ Chi,hospital,10.975404553000033,106.47714738700006,"Bệnh viện Đa khoa khu vực Củ Chi, Nguyễn Văn Hoài, Tân An Hội, Củ Chi, Hồ Chí Minh"
goong_P7yPf5WJo1p0jxZBuWKWk26gUXTqSYbLXVXB2a6asmOlAfx9Buk2y4nSgH2ehmO9geaAqNrniouN3jzRrrm8plG6wvkatYg6QdLBSVZBgkPl1igZdpgaAkHeiLV2QB-vQ,Bệnh viện Hoàn Mỹ,hospital,10.81081712200006,106.61314557700007,"Bệnh viện Hoàn Mỹ, Đường CN13, Tây Thạnh, Tân Phú, Hồ Chí Minh"
goong_pjZuM7nvr6Rrg3QopW2_83G1WjuJYMlvboNaELnLvWxmrXgJhxmzimmfeGvmfD3f3X_RGrLlCycpqj31JiHO-jFmfJQ6kbq-La49ZTY9_leZqn0oZuRm9j2j0QjKPGKPP,Chợ Tân Tây,market,10.635569064000038,106.25642002700005,"Chợ Tân Tây, Quốc Lộ 62, Tân Tây, Thạnh Hóa, Long An"
goong_kOBRAKHkA6FHp01Qp1130EeJSlqkvovxcYR5SZ5dbm_99tDklkgDlc5S3UhW8Z5d-QbdBGp917LtrllIV5AKlp2rRWiOgXbn-c7dBVZdnl_5yjVIBoS6Hl3ClWgGXKuzX,Chợ Bờ Ngựa,market,10.714372422000054,106.59047996600003,"Chợ Bờ Ngựa, Hưng Nhơn, Tân Kiên, Bình Chánh, Hồ Chí Minh"
goong_bUG0TbE-Cppgp2NkspRl1FTCLpi6djvkZowioq1NRZ1kSYG2gRFH7HlJrUqB8EyqGZbT6m7VOI4dhw1mArWdA3Xi1KpSte0bvYKSohIR0Eu1hUp6UshI5hGO2Sf-EEz3E,Bệnh viện đa khoa Xuyên Á,hospital,10.927986051000062,106.55808527100004,"Bệnh viện đa khoa Xuyên Á, 42 Quốc Lộ 22, Tân Phú Trung, Củ Chi, Hồ Chí Minh"
goong_AhtYaeW7X8pEl3pzvXKOjGmhYg2zbaP-W640JrBBjfdrk0AIvUCNGqSDAAmKR1yMs5IrG6RvlsRay0QJv0G_hWqTdiuLfKOOaa1bT42h1jeRofUgbu5edjWq_QDBtjfbN,Chợ chiều,market,10.9352499,106.5328176,"Chợ chiều, Đường 92, Tân Phú Trung, Củ Chi, Hồ Chí Minh"
goong_x29GnTcdYrqJcKZcAuBm0dWyujRC9foF1Z6KKOoZ_hrhekSALuEOsJG7I-jeJaYJcb5DLO4hu8WpHvl4pvEOFV1in8ja9RbJYao7nTI5-jktrlI4YuBieQ2m8zjOOGfVD,Chợ,market,10.9776718,106.6513929,"Chợ, Nguyễn Thái Học, Phú Cường, Thủ Dầu Một, Bình Dương"
goong_KlTtpTxT1L9wj3YpAZagpGiIpXI8ZorlNreofC93uOFGiS04S1yk9nG6qC9LS7DGa6ajMDFfhd9AQt7wbWwC0zka3l7pAdrOWchaWtlNmlv9zjKAAWwDWlnGkhiueAZZb,chợ,market,10.9857813,106.6683597,"chợ, Đường Phú Lợi, Thủ Dầu Một, Bình Dương"
goong_jIRpbGmuNcxokyMQihpoiwOVayG5fmrUbJVjTrIZ9o5lrEU3ikWq7nKVRT6lRrLsa8t7M6VRhPC6rUGlZmMDyqbIRaK8RZ-JQaxoT0ox8jOValkkauhqcoGuMQTGMG_e-,Chợ,market,10.9777672,106.6506289,"Chợ, Bạch Đằng, Phú Cường, Thủ Dầu Một, Bình Dương"
goong_OKOJ6ExFqLNQvbcdt0q73lCeZjRUcK3zUIl9D4B-xWX7vW4Eh2CjfHyhRCWEFDv-DYLFIL7BLnoJkxlxhqCaF2H2wL2KofpHqZaFXQ4Fxgehkm0QXtxeRgWazTDyBFvrB,Chợ Phú Hòa,market,10.98349551899184,106.68347143976624,"Chợ Phú Hòa, Phú Hòa, Thủ Dầu Một, Bình Dương"
goong_gpFlougPYoNosCchtqhN6GCPeQGw_o2JULIqRIZLgelXni9hsTr-w1GYcWOrcmX1p7FQO7dyV4FTOFueDhmCnxExGa0OBTK-3eqFXQ-NxrYFkgUQXtxebgWazTDyBFvrB,Trường học,school,10.980321,106.8691937,"Trường học, 0985925862 Đường Nguyễn Khuyến, Trảng Dài, Biên Hòa, Đồng Nai"
goong_jjeUS0NLQpJnokgOsBv9asuRKBG8G52VfXr9yAYtHhqher6I2uVPyy19DrDS5U6D0aJZ9N7ynR-5vQ68KvaCC5mRbdkulbY3Faq5uTI5YjudrlLgYfhiejmm8uDOOGfXO,Bệnh viện Đa khoa Thống Nhất,hospital,10.967659034000064,106.90024501600004,"Bệnh viện Đa khoa Thống Nhất, 234 Quốc Lộ 1A, Tân Biên, Biên Hòa, Đồng Nai"
goong_Wce4yqeCv4lYvUcQpBio52o3Q5CwbW6iaddbCEOGfYZfv48qKH2gP1yUUAO5G_CNab5HLrlHjo1ovSkDvUKW5mf2JYQ24GfTGaq5YTI5-judrlEsYuBiejmm8QzOOGfXO,Bệnh viện Nhi Đồng Nai,hospital,10.955931272000043,106.87523568000006,"Bệnh viện Nhi Đồng Nai, Xa Lộ Hà Nội, Tân Hiệp, Biên Hòa, Đồng Nai"
goong_oyRSSGKWdnG4nyi9u7t2BZFUPq2kXavoQItiXJBws8xG1DdTHoG6SkXitTDeZp7emcLA_FwfTitdAskgjl0yd92-LVA24B6vvdbFHU5Fhkfh0dVQHpweBkYt2XCyRBurR,Chợ Tân Kiểng 2,market,10.74534865000004,106.70480513800004,"Chợ Tân Kiểng 2, 239 Lê Văn Lương, Tân Kiểng, Quận 7, Hồ Chí Minh"
goong_ibDF9gaGfSHN_mG47tEiB3kyxYDSzFaPERLIrHqgXish_YXIhhGWNx723qEatZTjpZRTyfapKBYZhmExEhmGBg3ywLkW3fo3cZaFXQ4Fxgehkm0QXtxeRgWazTDyBFvrB,Chợ Phú Xuân,market,10.70241379500004,106.73797824100006,"Chợ Phú Xuân, Nhà Bè, Nhà Bè, Hồ Chí Minh"
goong_1QdTfrGRnXVvsU8fr72_7kF-ahehopF15rB-LqBxnUdtrUQKpgaR10GgfhG6YLCRQNVEEqJyuPdGi2lUoSiJ75mnflxxo51AyadzRz5hkfh0i1QHpweBkXajXCyRBTurR,Chợ tạm Phước Kiển,market,10.715572850000058,106.70090942300004,"Chợ tạm Phước Kiển, 18/3 Lê Văn Lương, Phước Kiển, Nhà Bè, Hồ Chí Minh"
goong_jUCBW07LSLdqg40ipxmFVGqxi1ji4QX70XJevuytsW9BayI2MvHJ67WShqzWIGyNtbKyWC6fPpH5crlQ_i1BI63OXNLekGxHzaa2NT419SGnkl50buxtAaGq_9jCNGqHN,Chợ Tân Quy,market,10.744943813000077,106.70690880600006,"Chợ Tân Quy, Đường Số 17, Tân Quy, Quận 7, Hồ Chí Minh"
goong_4vAdlHB1a81ukrs-ZGqIi7WsyoblGW7HyayWKCGS9hMBsp2QXIY6lzHaojgpSHrnqaZWLEGRWl2_Dg70zIaJ4qlphuk5dqYiIb6uLSU57i-Jukb0dRh2ni2ybizZGHLnL,Chợ Nhơn Đức,market,10.66381870500004,106.69478383200004,"Chợ Nhơn Đức, Ngô Quang Thắm, Nhơn Đức, Nhà Bè, Hồ Chí Minh"
goong_bxel4kKRtcl1q0Yz-Hu77w3W3oh1OHYzpWZWbT6l6u9Jaqkanj1aL0XVrVs61DqLTXUF_BakfRoNpq41Oc0e-9G-rcBexR4syaqtd1It7vUlukU4dmx2Li2y5RjbwHL3L,Bệnh Viện Đa Khoa Quốc Ánh,hospital,10.7535828,106.5932551,"Bệnh Viện Đa Khoa Quốc Ánh, Đường Số 54, Tân Tạo, Bình Tân, Hồ Chí Minh"
goong_gn_zsntoIqN6bZXQhxFKbqXqrXi7gD7kEZ6h73tIxkJ5lpw07mg6UVkuosCR8aberf-hSH5yTu1B7glZemZybrWaqNF_GZJebf7tNWfJrm61-gV4Nmw2Lm3ypVrLbDCat,Chợ Tân Nhựt,market,10.705556125000044,106.56434346500004,"Chợ Tân Nhựt, Thế Lữ, Tân Nhựt, Bình Chánh, Hồ Chí Minh"
goong_NafR7a2zD5l1jn4Xl2Prkm-9QFCiYLPWd6FUPrt-cShBiGrolJlMHkaPai6UBO7jeKFmdbThbo-Irjje4r252lW-xar-sY46RdbFHU5Fhkfh0i1QHpweBXHajkSyRBupc,Bệnh viện Phụ sản Mêkông,hospital,10.80008729900004,106.66727448000006,"Bệnh viện Phụ sản Mêkông, 243A Hoàng Văn Thụ, Phường 1, Tân Bình, Hồ Chí Minh"
goong_SoJAille3Tz94tlMaZob9qm_AaSERSprAZpmvILt2fYOwn_g9VkuJzrOkcQW2Zrjte6UgMoBiq4d3nENFrGO09UufYRC0EZ7PYaZQRIZ2xu9jnEOGsBAQhmG0S46GEf07,Trường học,school,10.7835487,106.6709512,"Trường học, Đường Cách Mạng Tháng 8, phường 11, Quận 3, Ho Chi Minh City"
