poi_id,poi_type,poi_subtype,name,address_new,address_new_precision,new_ward,new_ward_code,new_province,address_old,old_ward,old_district,old_province,latitude,longitude,location_precision,geocode_confidence,source,source_url,updated_at,ownership
osm:node/10047410618,benh_vien,Bệnh viện,BỆNH VIỆN MẮT,"Hẻm 458 Huỳnh Tấn Phát, Thành phố Hồ Chí Minh",street_from_osm,Phường Tân Thuận,27478,Thành phố Hồ Chí Minh,"Phường Bình Thuận, Quận 7, Thành phố Hồ Chí Minh",Phường Bình Thuận,Quận 7,Thành phố Hồ Chí Minh,10.7442536,106.7274159,osm_node,high,OpenStreetMap,https://www.openstreetmap.org/node/10047410618,2026-09-20T14:14:03+07:00,
osm:way/1010844322,benh_vien,Bệnh viện,BỆNH VIỆN ĐA KHOA TÂM TRÍ SÀI GÒN,"171/3 Trường Chinh, Thành phố Hồ Chí Minh",street_from_osm,Phường Đông Hưng Thuận,26791,Thành phố Hồ Chí Minh,"Phường Tân Thới Nhất, Quận 12, Thành phố Hồ Chí Minh",Phường Tân Thới Nhất,Quận 12,Thành phố Hồ Chí Minh,10.8316195,106.6215219,osm_way_centroid,high,OpenStreetMap,https://www.openstreetmap.org/way/1010844322,2026-09-20T14:14:03+07:00,
osm:node/9586916914,benh_vien,Bệnh viện,Bệnh Viện Hoà Hảo,Thành phố Hồ Chí Minh,ward_from_boundary,Phường Linh Xuân,26800,Thành phố Hồ Chí Minh,"Phường Linh Xuân, Thành phố Thủ Đức, Thành phố Hồ Chí Minh",Phường Linh Xuân,Thành phố Thủ Đức,Thành phố Hồ Chí Minh,10.8699419,106.7631673,osm_node,high,OpenStreetMap,https://www.openstreetmap.org/node/9586916914,2026-09-20T14:14:03+07:00,
osm:node/9593340024,benh_vien,Bệnh viện,Bệnh Viện Hoàn Hảo 2,Thành phố Hồ Chí Minh,ward_from_boundary,Phường Tam Bình,26803,Thành phố Hồ Chí Minh,"Phường Bình Chiểu, Thành phố Thủ Đức, Thành phố Hồ Chí Minh",Phường Bình Chiểu,Thành phố Thủ Đức,Thành phố Hồ Chí Minh,10.8910082,106.7273892,osm_node,high,OpenStreetMap,https://www.openstreetmap.org/node/9593340024,2026-09-20T14:14:03+07:00,
osm:node/5347976523,benh_vien,Bệnh viện,Bệnh Viện Hòa Hảo,Thành phố Hồ Chí Minh,ward_from_boundary,Phường Vườn Lài,27190,Thành phố Hồ Chí Minh,"Phường 4, Quận 10, Thành phố Hồ Chí Minh",Phường 4,Quận 10,Thành phố Hồ Chí Minh,10.7626193,106.6702604,osm_node,high,OpenStreetMap,https://www.openstreetmap.org/node/5347976523,2026-09-20T14:14:03+07:00,
osm:node/4265539889,benh_vien,Bệnh viện,Bệnh Viện Mắt Sài Gòn,"100 Lê Thị Riêng, Thành phố Hồ Chí Minh",street_from_osm,Phường Bến Thành,26743,Thành phố Hồ Chí Minh,"Phường Bến Thành, Quận 1, Thành phố Hồ Chí Minh",Phường Bến Thành,Quận 1,Thành phố Hồ Chí Minh,10.7713711,106.6909391,osm_node,high,OpenStreetMap,https://www.openstreetmap.org/node/4265539889,2026-09-20T14:14:03+07:00,
osm:way/518720150,benh_vien,Bệnh viện,Bệnh Viện Mắt Việt-Nga,"Đường 3 Tháng 2, Phường 11, Quận 10, Thành phố Hồ Chí Minh",street_from_osm,Phường Bàn Cờ,27154,Thành phố Hồ Chí Minh,"Phường 4, Quận 3, Thành phố Hồ Chí Minh",Phường 4,Quận 3,Thành phố Hồ Chí Minh,10.7769291,106.6811338,osm_way_centroid,high,OpenStreetMap,https://www.openstreetmap.org/way/518720150,2026-09-20T14:14:03+07:00,
osm:way/127299415,benh_vien,Bệnh viện,Bệnh Viện Quốc Tế Columbia Asia,"1 Đường Nơ Trang Long, Phường 7, Bình Thạnh, Thành phố Hồ Chí Minh",street_from_osm,Phường Gia Định,26944,Thành phố Hồ Chí Minh,"Phường 1, Quận Bình Thạnh, Thành phố Hồ Chí Minh",Phường 1,Quận Bình Thạnh,Thành phố Hồ Chí Minh,10.8032232,106.6945681,osm_way_centroid,high,OpenStreetMap,https://www.openstreetmap.org/way/127299415,2026-09-20T14:14:03+07:00,
osm:node/4194566940,benh_vien,Bệnh viện,Bệnh Viện Quốc Tế Minh Anh,Thành phố Hồ Chí Minh,ward_from_boundary,Phường An Lạc,27460,Thành phố Hồ Chí Minh,"Phường Bình Trị Đông B, Quận Bình Tân, Thành phố Hồ Chí Minh",Phường Bình Trị Đông B,Quận Bình Tân,Thành phố Hồ Chí Minh,10.747644,106.6143869,osm_node,high,OpenStreetMap,https://www.openstreetmap.org/node/4194566940,2026-09-20T14:14:03+07:00,
osm:node/6315688000,benh_vien,Bệnh viện,Bệnh Viện Sài Gòn ITO,Thành phố Hồ Chí Minh,ward_from_boundary,Phường Tân Sơn Hòa,26977,Thành phố Hồ Chí Minh,"Phường 1, Quận Tân Bình, Thành phố Hồ Chí Minh",Phường 1,Quận Tân Bình,Thành phố Hồ Chí Minh,10.7950017,106.6672345,osm_node,high,OpenStreetMap,https://www.openstreetmap.org/node/6315688000,2026-09-20T14:14:03+07:00,
osm:node/13136131207,benh_vien,Bệnh viện,Bệnh Viện Thẩm Mỹ Siam Thailand,"369B Nguyễn Trãi, Phường Cầu Ông Lãnh, Thành phố Hồ Chí Minh",street_from_osm,Phường Cầu Ông Lãnh,26758,Thành phố Hồ Chí Minh,"Phường Nguyễn Cư Trinh, Quận 1, Thành phố Hồ Chí Minh",Phường Nguyễn Cư Trinh,Quận 1,Thành phố Hồ Chí Minh,10.7605922,106.6855655,osm_node,high,OpenStreetMap,https://www.openstreetmap.org/node/13136131207,2026-09-20T14:14:03+07:00,
osm:way/1353132120,benh_vien,Bệnh viện,Bệnh Viện Đa Khoa Xuyên Á,"42 Phan Văn Khải, Xã Củ Chi, Thành phố Hồ Chí Minh",street_from_osm,Xã Củ Chi,27553,Thành phố Hồ Chí Minh,"Xã Tân Phú Trung, Huyện Củ Chi, Thành phố Hồ Chí Minh",Xã Tân Phú Trung,Huyện Củ Chi,Thành phố Hồ Chí Minh,10.9283804,106.5581117,osm_way_centroid,high,OpenStreetMap,https://www.openstreetmap.org/way/1353132120,2026-09-20T14:14:03+07:00,
osm:way/1137249771,benh_vien,Bệnh viện,Bệnh viên Quân y 4,Thành phố Hồ Chí Minh,ward_from_boundary,Phường Tam Bình,26803,Thành phố Hồ Chí Minh,"Phường Bình Chiểu, Thành phố Thủ Đức, Thành phố Hồ Chí Minh",Phường Bình Chiểu,Thành phố Thủ Đức,Thành phố Hồ Chí Minh,10.8895125,106.741575,osm_way_centroid,high,OpenStreetMap,https://www.openstreetmap.org/way/1137249771,2026-09-20T14:14:03+07:00,
hosp:wikipedia_hospital_01_004,benh_vien,Bệnh viện,Bệnh viện 1A,"Bệnh viện 1A, 1A Lý Thường Kiệt, Phường 7, Tân Bình, Hồ Chí Minh",street_from_goong,Phường Tân Sơn Nhất,26968,Thành phố Hồ Chí Minh,"1A Lý Thường Kiệt, Phường 7, Quận Tân Bình, Thành phố Hồ Chí Minh",Phường 7,Quận Tân Bình,Thành phố Hồ Chí Minh,10.788739397000029,106.65320817500009,goong_poi_point,high,vi.wikipedia.org + Goong,https://docs.goong.io/rest/geocode/,2026-09-20T14:14:03+07:00,
hosp:wikipedia_hospital_01_007,benh_vien,Bệnh viện,Bệnh viện 30-4,"9 Sư Vạn Hạnh, An Đông, Hồ Chí Minh",street_from_goong,Phường An Đông,27316,Thành phố Hồ Chí Minh,"9, Đường Sư Vạn Hạnh, Phường 9, Quận 5, Thành phố Hồ Chí Minh",Phường 9,Quận 5,Thành phố Hồ Chí Minh,10.7591033,106.6730315,goong_poi_point,high,vi.wikipedia.org + Goong,https://docs.goong.io/rest/geocode/,2026-09-20T14:14:03+07:00,
hosp:wikipedia_hospital_03_006,benh_vien,Bệnh viện,Bệnh viện An Bình,"146 An Bình, An Đông, Hồ Chí Minh",street_from_goong,Phường An Đông,27316,Thành phố Hồ Chí Minh,"146, Đường An Bình, Phường 7, Quận 5, Thành phố Hồ Chí Minh",Phường 7,Quận 5,Thành phố Hồ Chí Minh,10.7542613,106.6715847,goong_poi_point,high,vi.wikipedia.org + Goong,https://docs.goong.io/rest/geocode/,2026-09-20T14:14:03+07:00,
hosp:wikipedia_hospital_04_004,benh_vien,Bệnh viện,Bệnh viện An Sinh,"Bệnh viện An Sinh, 10 Trần Huy Liệu, Phường 11, Phú Nhuận, Hồ Chí Minh",street_from_goong,Phường Phú Nhuận,27073,Thành phố Hồ Chí Minh,"10 Trần Huy Liệu, Phường 11, Quận Phú Nhuận, Thành phố Hồ Chí Minh",Phường 11,Quận Phú Nhuận,Thành phố Hồ Chí Minh,10.791312577000042,106.67825967200008,goong_poi_point,high,vi.wikipedia.org + Goong,https://docs.goong.io/rest/geocode/,2026-09-20T14:14:03+07:00,
hosp:wikipedia_hospital_03_013,benh_vien,Bệnh viện,Bệnh viện Bình Dân,"Điện Biên Phủ/371 Số 1, Cư xá Đô Thành, Bàn Cờ, Hồ Chí Minh",street_from_goong,Phường Bàn Cờ,27154,Thành phố Hồ Chí Minh,"371, Đường Điện Biên Phủ, Đường số 1, Cư xá Đô Thành, Phường 4, Quận 3, Thành phố Hồ Chí Minh",Phường 4,Quận 3,Thành phố Hồ Chí Minh,10.7744035,106.6812702,goong_poi_point,high,vi.wikipedia.org + Goong,https://docs.goong.io/rest/geocode/,2026-09-20T14:14:03+07:00,
hosp:wikipedia_hospital_03_017,benh_vien,Bệnh viện,Bệnh viện Bệnh Nhiệt đới,"764 Võ Văn Kiệt, Chợ Quán, Hồ Chí Minh",street_from_goong,Phường Chợ Quán,27301,Thành phố Hồ Chí Minh,"764, Đường Võ Văn Kiệt, Phường 1, Quận 5, Thành phố Hồ Chí Minh",Phường 1,Quận 5,Thành phố Hồ Chí Minh,10.7526606,106.6789164,goong_poi_point,high,vi.wikipedia.org + Goong,https://docs.goong.io/rest/geocode/,2026-09-20T14:14:03+07:00,
hosp:wikipedia_hospital_04_005,benh_vien,Bệnh viện,Bệnh viện Cao Thắng,"Mắt kính bệnh viện Cao Thắng, 135 Đường Trần Bình Trọng, Phường 2, Quận 5, Thành phố Hồ Chí Minh",street_from_goong,Phường Chợ Quán,27301,Thành phố Hồ Chí Minh,"135B Trần Bình Trọng, Phường 2, Quận 5, Thành phố Hồ Chí Minh",Phường 2,Quận 5,Thành phố Hồ Chí Minh,10.757270911000035,106.68085926500004,goong_geocoded_official_address,high,vi.wikipedia.org + Goong,https://infodoanhnghiep.com/thong-tin/Cong-Ty-TNHH-Thuong-Mai-Dich-Vu-Benh-Vien-Cao-Thang-93596.html,2026-09-20T14:14:03+07:00,
hosp:wikipedia_hospital_03_014,benh_vien,Bệnh viện,Bệnh viện Chấn thương Chỉnh hình,"929 Trần Hưng Đạo, Chợ Quán, Hồ Chí Minh",street_from_goong,Phường Chợ Quán,27301,Thành phố Hồ Chí Minh,"929, Đường Trần Hưng Đạo, Phường 1, Quận 5, Thành phố Hồ Chí Minh",Phường 1,Quận 5,Thành phố Hồ Chí Minh,10.7541573,106.6781806,goong_poi_point,high,vi.wikipedia.org + Goong,https://docs.goong.io/rest/geocode/,2026-09-20T14:14:03+07:00,
hosp:wikipedia_hospital_01_001,benh_vien,Bệnh viện,Bệnh viện Chợ Rẫy,"201B Nguyễn Chí Thanh, Chợ Lớn, Hồ Chí Minh",street_from_goong,Phường Chợ Lớn,27343,Thành phố Hồ Chí Minh,"201B, Đường Nguyễn Chí Thanh, Phường 12, Quận 5, Thành phố Hồ Chí Minh",Phường 12,Quận 5,Thành phố Hồ Chí Minh,10.7578646,106.6595131,goong_poi_point,high,vi.wikipedia.org + Goong,https://docs.goong.io/rest/geocode/,2026-09-20T14:14:03+07:00,
osm:way/1486203686,benh_vien,Bệnh viện,Bệnh viện Công an Thành phố Hồ Chí Minh,"359 Đường Trần Hưng Đạo, Thành phố Hồ Chí Minh",street_from_osm,Phường Chợ Lớn,27343,Thành phố Hồ Chí Minh,"Phường 11, Quận 5, Thành phố Hồ Chí Minh",Phường 11,Quận 5,Thành phố Hồ Chí Minh,10.7516111,106.6605225,osm_way_centroid,high,OpenStreetMap,https://www.openstreetmap.org/way/1486203686,2026-09-20T14:14:03+07:00,
hosp:wikipedia_hospital_03_018,benh_vien,Bệnh viện,Bệnh viện Da liễu,"Bệnh Viện Da Liễu, 2 Đường Nguyễn Thông, Phường Võ Thị Sáu, Quận 3, Thành Phố Hồ Chí Minh",street_from_goong,Phường Bàn Cờ,27154,Thành phố Hồ Chí Minh,"2 Đường Nguyễn Thông, Phường Võ Thị Sáu, Quận 3, Thành phố Hồ Chí Minh",Phường Võ Thị Sáu,Quận 3,Thành phố Hồ Chí Minh,10.776445,106.686548,goong_poi_point,high,vi.wikipedia.org + Goong,https://docs.goong.io/rest/geocode/,2026-09-20T14:14:03+07:00,
osm:way/1098416306,benh_vien,Bệnh viện,Bệnh viện Dã chiến Bình Chánh,Thành phố Hồ Chí Minh,ward_from_boundary,Xã Bình Hưng,27619,Thành phố Hồ Chí Minh,"Xã Bình Hưng, Huyện Bình Chánh, Thành phố Hồ Chí Minh",Xã Bình Hưng,Huyện Bình Chánh,Thành phố Hồ Chí Minh,10.7200864,106.6598189,osm_way_centroid,high,OpenStreetMap,https://www.openstreetmap.org/way/1098416306,2026-09-20T14:14:03+07:00,
hosp:wikipedia_hospital_04_008,benh_vien,Bệnh viện,Bệnh viện Gaya Việt Hàn,"Bệnh viện Gaya Việt Hàn, 23-23A Trương Công Định, Phường 14, Tân Bình, Hồ Chí Minh",street_from_goong,Phường Tân Bình,27004,Thành phố Hồ Chí Minh,"23-23A Trương Công Định, Phường 14, Quận Tân Bình, Thành phố Hồ Chí Minh",Phường 14,Quận Tân Bình,Thành phố Hồ Chí Minh,10.795933904000037,106.64100031900006,goong_poi_point,high,vi.wikipedia.org + Goong,https://docs.goong.io/rest/geocode/,2026-09-20T14:14:03+07:00,
hosp:wikipedia_hospital_04_009,benh_vien,Bệnh viện,Bệnh viện Gia An 115,"Bệnh viện Gia An 115, 5 Đường Số 17A, Bình Trị Đông B, Bình Tân, Hồ Chí Minh",street_from_goong,Phường An Lạc,27460,Thành phố Hồ Chí Minh,"5 Đường Số 17A, Phường Bình Trị Đông B, Quận Bình Tân, Thành phố Hồ Chí Minh",Phường Bình Trị Đông B,Quận Bình Tân,Thành phố Hồ Chí Minh,10.740518100000031,106.60775490000009,goong_poi_point,high,vi.wikipedia.org + Goong,https://docs.goong.io/rest/geocode/,2026-09-20T14:14:03+07:00,
hosp:wikipedia_hospital_01_008,benh_vien,Bệnh viện,Bệnh viện Giao thông Vận tải,"Bệnh viện Giao thông Vận tải Hồ Chí Minh, 3 Hẻm 72 Trần Quốc Toản, Võ Thị Sáu, Quận 3, Hồ Chí Minh",street_from_goong,Phường Xuân Hòa,27139,Thành phố Hồ Chí Minh,"3 Hẻm 72 Trần Quốc Toản, Phường Võ Thị Sáu, Quận 3, Thành phố Hồ Chí Minh",Phường Võ Thị Sáu,Quận 3,Thành phố Hồ Chí Minh,10.787489845000039,106.68772278300008,goong_poi_point,high,vi.wikipedia.org + Goong,https://docs.goong.io/rest/geocode/,2026-09-20T14:14:03+07:00,
osm:way/1024308083,benh_vien,Bệnh viện,Bệnh viện Hoàn Mỹ Thủ Đức,Thành phố Hồ Chí Minh,ward_from_boundary,Phường Linh Xuân,26800,Thành phố Hồ Chí Minh,"Phường Linh Xuân, Thành phố Thủ Đức, Thành phố Hồ Chí Minh",Phường Linh Xuân,Thành phố Thủ Đức,Thành phố Hồ Chí Minh,10.887672,106.7737207,osm_way_centroid,high,OpenStreetMap,https://www.openstreetmap.org/way/1024308083,2026-09-20T14:14:03+07:00,
hosp:wikipedia_hospital_03_009,benh_vien,Bệnh viện,Bệnh viện Hùng Vương,"Bệnh viện Hùng Vương, 128 Hồng Bàng, Phường 12, Quận 5, Hồ Chí Minh",street_from_goong,Phường Chợ Lớn,27343,Thành phố Hồ Chí Minh,"128 Hồng Bàng, Phường 12, Quận 5, Thành phố Hồ Chí Minh",Phường 12,Quận 5,Thành phố Hồ Chí Minh,10.755624167000065,106.66178053500005,goong_poi_point,high,vi.wikipedia.org + Goong,https://docs.goong.io/rest/geocode/,2026-09-20T14:14:03+07:00,
hosp:wikipedia_hospital_03_035,benh_vien,Bệnh viện,Bệnh viện Lê Văn Thịnh,"Bệnh Viện Quận 2 Lê Văn Thịnh, Cát Lái, Quận 2, Hồ Chí Minh",street_from_goong,Phường Bình Trưng,27097,Thành phố Hồ Chí Minh,"Quận 2, Phường Cát Lái, Thành phố Thủ Đức, Thành phố Hồ Chí Minh",Phường Cát Lái,Thành phố Thủ Đức,Thành phố Hồ Chí Minh,10.78237,106.769279,goong_poi_point,high,vi.wikipedia.org + Goong,https://docs.goong.io/rest/geocode/,2026-09-20T14:14:03+07:00,
hosp:wikipedia_hospital_03_042,benh_vien,Bệnh viện,Bệnh viện Lê Văn Việt,"Bệnh Viện Quận 9, Đường Lê Văn Việt, Khu Phố 2, Tăng Nhơn Phú A, Quận 9, Hồ Chí Minh",street_from_goong,Phường Tăng Nhơn Phú,26842,Thành phố Hồ Chí Minh,"Đường Lê Văn Việt, Khu Phố 2, Quận 9, Phường Tăng Nhơn Phú A, Thành phố Thủ Đức, Thành phố Hồ Chí Minh",Phường Tăng Nhơn Phú A,Thành phố Thủ Đức,Thành phố Hồ Chí Minh,10.8461646,106.796368,goong_poi_point,high,vi.wikipedia.org + Goong,https://docs.goong.io/rest/geocode/,2026-09-20T14:14:03+07:00,
osm:way/507538758,benh_vien,Bệnh viện,Bệnh viện Lê Văn Việt,"387 Đường Lê Văn Việt, Thành phố Hồ Chí Minh",street_from_osm,Phường Tăng Nhơn Phú,26842,Thành phố Hồ Chí Minh,"Phường Tăng Nhơn Phú A, Thành phố Thủ Đức, Thành phố Hồ Chí Minh",Phường Tăng Nhơn Phú A,Thành phố Thủ Đức,Thành phố Hồ Chí Minh,10.8449005,106.7902318,osm_way_centroid,high,OpenStreetMap,https://www.openstreetmap.org/way/507538758,2026-09-20T14:14:03+07:00,
hosp:wikipedia_hospital_03_019,benh_vien,Bệnh viện,Bệnh viện Mắt,"280 Điện Biên Phủ, Phường, Xuân Hòa, Hồ Chí Minh",street_from_goong,Phường Xuân Hòa,27139,Thành phố Hồ Chí Minh,"280, Đường Điện Biên Phủ, Phường, Phường Võ Thị Sáu, Quận 3, Thành phố Hồ Chí Minh",Phường Võ Thị Sáu,Quận 3,Thành phố Hồ Chí Minh,10.7786717,106.6850252,goong_poi_point,high,vi.wikipedia.org + Goong,https://docs.goong.io/rest/geocode/,2026-09-20T14:14:03+07:00,
hosp:wikipedia_hospital_04_002,benh_vien,Bệnh viện,Bệnh viện Mắt Prima Saigon,"Mắt Kính Bệnh Viện Prima, 27 Đường Kỳ Đồng, Phường 09, Quận 3, Hồ Chí Minh",street_from_goong,Phường Nhiêu Lộc,27142,Thành phố Hồ Chí Minh,"27 Kỳ Đồng, Phường 9, Quận 3, Thành phố Hồ Chí Minh",Phường 9,Quận 3,Thành phố Hồ Chí Minh,10.781034376000036,106.68139639700007,goong_geocoded_official_address,high,vi.wikipedia.org + Goong,https://primahealth.vn/vi/prima-saigon/,2026-09-20T14:14:03+07:00,
hosp:wikipedia_hospital_04_010,benh_vien,Bệnh viện,Bệnh viện Mắt Việt Hàn,"Bệnh viện Mắt Việt Hàn, 355-365 Ngô Gia Tự, Phường 2, Quận 10, Hồ Chí Minh",street_from_goong,Phường Vườn Lài,27190,Thành phố Hồ Chí Minh,"355-365 Ngô Gia Tự, Phường 2, Quận 10, Thành phố Hồ Chí Minh",Phường 2,Quận 10,Thành phố Hồ Chí Minh,10.761508063000065,106.67015387300006,goong_poi_point,high,vi.wikipedia.org + Goong,https://docs.goong.io/rest/geocode/,2026-09-20T14:14:03+07:00,
hosp:wikipedia_hospital_03_005,benh_vien,Bệnh viện,Bệnh viện Nguyễn Tri Phương,"468 Nguyễn Trãi, An Đông, Hồ Chí Minh",street_from_goong,Phường An Đông,27316,Thành phố Hồ Chí Minh,"468, Đường Nguyễn Trãi, Phường 7, Quận 5, Thành phố Hồ Chí Minh",Phường 7,Quận 5,Thành phố Hồ Chí Minh,10.7550025,106.6705345,goong_poi_point,high,vi.wikipedia.org + Goong,https://docs.goong.io/rest/geocode/,2026-09-20T14:14:03+07:00,
hosp:wikipedia_hospital_03_004,benh_vien,Bệnh viện,Bệnh viện Nguyễn Trãi,"314 Nguyễn Trãi, An Đông, Hồ Chí Minh",street_from_goong,Phường An Đông,27316,Thành phố Hồ Chí Minh,"314, Đường Nguyễn Trãi, Phường 7, Quận 5, Thành phố Hồ Chí Minh",Phường 7,Quận 5,Thành phố Hồ Chí Minh,10.7561563,106.6749535,goong_poi_point,high,vi.wikipedia.org + Goong,https://docs.goong.io/rest/geocode/,2026-09-20T14:14:03+07:00,
osm:way/420032369,benh_vien,Bệnh viện,Bệnh viện Ngọc Phú,Thành phố Hồ Chí Minh,ward_from_boundary,Phường Bình Đông,27424,Thành phố Hồ Chí Minh,"Phường 5, Quận 8, Thành phố Hồ Chí Minh",Phường 5,Quận 8,Thành phố Hồ Chí Minh,10.7394843,106.6691079,osm_way_centroid,high,OpenStreetMap,https://www.openstreetmap.org/way/420032369,2026-09-20T14:14:03+07:00,
hosp:wikipedia_hospital_03_010,benh_vien,Bệnh viện,Bệnh viện Nhi đồng 1,"Vườn Lài, Thành phố Hồ Chí Minh, Hồ Chí Minh",street_from_goong,Phường Vườn Lài,27190,Thành phố Hồ Chí Minh,"341 Sư Vạn Hạnh, Phường 10, Quận 10, Thành phố Hồ Chí Minh",Phường 10,Quận 10,Thành phố Hồ Chí Minh,10.76901459100003,106.67101493700005,goong_geocoded_official_address,high,vi.wikipedia.org + Goong,https://benhandientu.moh.gov.vn/benh-vien/617/benh-vien-nhi-dong-1-tp-ho-chi-minh,2026-09-20T14:14:03+07:00,
hosp:wikipedia_hospital_03_011,benh_vien,Bệnh viện,Bệnh viện Nhi đồng 2,"14 Lý Tự Trọng, Sài Gòn, Hồ Chí Minh",street_from_goong,Phường Sài Gòn,26740,Thành phố Hồ Chí Minh,"14, Lý Tự Trọng, Phường Bến Nghé, Quận 1, Thành phố Hồ Chí Minh",Phường Bến Nghé,Quận 1,Thành phố Hồ Chí Minh,10.7807092,106.7028963,goong_poi_point,high,vi.wikipedia.org + Goong,https://docs.goong.io/rest/geocode/,2026-09-20T14:14:03+07:00,
hosp:wikipedia_hospital_03_012,benh_vien,Bệnh viện,Bệnh viện Nhi đồng Thành phố,"15 Đ. Võ Trần Chí, Tân Nhựt, Hồ Chí Minh",street_from_goong,Phường Tân Tạo,27457,Thành phố Hồ Chí Minh,"15, Đường Võ Trần Chí, Xã Tân Kiên, Huyện Bình Chánh, Thành phố Hồ Chí Minh",Xã Tân Kiên,Huyện Bình Chánh,Thành phố Hồ Chí Minh,10.7096267,106.5742113,goong_poi_point,high,vi.wikipedia.org + Goong,https://docs.goong.io/rest/geocode/,2026-09-20T14:14:03+07:00,
hosp:wikipedia_hospital_03_002,benh_vien,Bệnh viện,Bệnh viện Nhân dân 115,"527 Sư Vạn Hạnh, Hòa Hưng, Hồ Chí Minh",street_from_goong,Phường Diên Hồng,27169,Thành phố Hồ Chí Minh,"527, Đường Sư Vạn Hạnh, Phường 12, Quận 10, Thành phố Hồ Chí Minh",Phường 12,Quận 10,Thành phố Hồ Chí Minh,10.7749334,106.6675653,goong_poi_point,high,vi.wikipedia.org + Goong,https://docs.goong.io/rest/geocode/,2026-09-20T14:14:03+07:00,
hosp:wikipedia_hospital_03_001,benh_vien,Bệnh viện,Bệnh viện Nhân dân Gia Định,"1 Nơ Trang Long, Gia Định, Hồ Chí Minh",street_from_goong,Phường Gia Định,26944,Thành phố Hồ Chí Minh,"1, Nơ Trang Long, Phường 7, Quận Bình Thạnh, Thành phố Hồ Chí Minh",Phường 7,Quận Bình Thạnh,Thành phố Hồ Chí Minh,10.8037471,106.6941388,goong_poi_point,high,vi.wikipedia.org + Goong,https://docs.goong.io/rest/geocode/,2026-09-20T14:14:03+07:00,
osm:way/187949834,benh_vien,Bệnh viện,Bệnh viện Nhân dân Gia Định - cơ sở 2,"125 Lê Lợi, Thành phố Hồ Chí Minh",street_from_osm,Phường Bến Thành,26743,Thành phố Hồ Chí Minh,"Phường Bến Thành, Quận 1, Thành phố Hồ Chí Minh",Phường Bến Thành,Quận 1,Thành phố Hồ Chí Minh,10.7720169,106.6994936,osm_way_centroid,high,OpenStreetMap,https://www.openstreetmap.org/way/187949834,2026-09-20T14:14:03+07:00,
hosp:wikipedia_hospital_04_011,benh_vien,Bệnh viện,Bệnh viện Pháp Việt,"Bệnh Viện Việt Pháp - Nguyễn Văn Linh, Khu đô thị Phú Mỹ Hưng, Tân Phú, Quận 7, Hồ Chí Minh",street_from_goong,Phường Tân Mỹ,27487,Thành phố Hồ Chí Minh,"6 Nguyễn Lương Bằng, Phường Tân Phú, Quận 7, Thành phố Hồ Chí Minh",Phường Tân Phú,Quận 7,Thành phố Hồ Chí Minh,10.732618538000054,106.71818953000007,goong_geocoded_official_address,high,vi.wikipedia.org + Goong,https://www.fvhospital.com/lien-he/,2026-09-20T14:14:03+07:00,
osm:way/682250581,benh_vien,Bệnh viện,Bệnh viện Phước An,Thành phố Hồ Chí Minh,ward_from_boundary,Phường Vĩnh Hội,27286,Thành phố Hồ Chí Minh,"Phường 3, Quận 4, Thành phố Hồ Chí Minh",Phường 3,Quận 4,Thành phố Hồ Chí Minh,10.7532099,106.7000398,osm_way_centroid,high,OpenStreetMap,https://www.openstreetmap.org/way/682250581,2026-09-20T14:14:03+07:00,
hosp:wikipedia_hospital_03_022,benh_vien,Bệnh viện,Bệnh viện Phạm Ngọc Thạch,"120 Đ. Hồng Bàng, Chợ Lớn, Hồ Chí Minh",street_from_goong,Phường Chợ Lớn,27343,Thành phố Hồ Chí Minh,"120, Đường Hồng Bàng, Phường 12, Quận 5, Thành phố Hồ Chí Minh",Phường 12,Quận 5,Thành phố Hồ Chí Minh,10.7577077,106.6645795,goong_poi_point,high,vi.wikipedia.org + Goong,https://docs.goong.io/rest/geocode/,2026-09-20T14:14:03+07:00,
osm:node/2679753974,benh_vien,Bệnh viện,Bệnh viện Phụ sản Mekong,Thành phố Hồ Chí Minh,ward_from_boundary,Phường Tân Sơn Hòa,26977,Thành phố Hồ Chí Minh,"Phường 1, Quận Tân Bình, Thành phố Hồ Chí Minh",Phường 1,Quận Tân Bình,Thành phố Hồ Chí Minh,10.7998479,106.6675233,osm_node,high,OpenStreetMap,https://www.openstreetmap.org/node/2679753974,2026-09-20T14:14:03+07:00,
hosp:wikipedia_hospital_03_024,benh_vien,Bệnh viện,Bệnh viện Phục hồi chức năng - Điều trị bệnh nghề nghiệp,"Bệnh viện Phục hồi chức năng - Điều trị bệnh nghề nghiệp, Âu Dương Lân, phường 3, Quận 8, Hồ Chí Minh",street_from_goong,Phường Chánh Hưng,27418,Thành phố Hồ Chí Minh,"Âu Dương Lân, Phường 3, Quận 8, Thành phố Hồ Chí Minh",Phường 3,Quận 8,Thành phố Hồ Chí Minh,10.741392481135204,106.6857425293586,goong_poi_point,high,vi.wikipedia.org + Goong,https://docs.goong.io/rest/geocode/,2026-09-20T14:14:03+07:00,
osm:way/1302162923,benh_vien,Bệnh viện,Bệnh viện Quân Dân y Miền Đông,"50 Đường Lê Văn Việt, Thành phố Hồ Chí Minh",street_from_osm,Phường Tăng Nhơn Phú,26842,Thành phố Hồ Chí Minh,"Phường Hiệp Phú, Thành phố Thủ Đức, Thành phố Hồ Chí Minh",Phường Hiệp Phú,Thành phố Thủ Đức,Thành phố Hồ Chí Minh,10.8448592,106.7777477,osm_way_centroid,high,OpenStreetMap,https://www.openstreetmap.org/way/1302162923,2026-09-20T14:14:03+07:00,
hosp:wikipedia_hospital_01_005,benh_vien,Bệnh viện,Bệnh viện Quân y 175,"786 Nguyễn Kiệm, Hạnh Thông, Hồ Chí Minh",street_from_goong,Phường Hạnh Thông,26890,Thành phố Hồ Chí Minh,"786, Đường Nguyễn Kiệm, Phường 3, Quận Gò Vấp, Thành phố Hồ Chí Minh",Phường 3,Quận Gò Vấp,Thành phố Hồ Chí Minh,10.8175833,106.6805148,goong_poi_point,high,vi.wikipedia.org + Goong,https://docs.goong.io/rest/geocode/,2026-09-20T14:14:03+07:00,
hosp:wikipedia_hospital_01_006,benh_vien,Bệnh viện,Bệnh viện Quân y 7A,"466 Nguyễn Trãi, An Đông, Hồ Chí Minh",street_from_goong,Phường An Đông,27316,Thành phố Hồ Chí Minh,"466, Đường Nguyễn Trãi, Phường 7, Quận 5, Thành phố Hồ Chí Minh",Phường 7,Quận 5,Thành phố Hồ Chí Minh,10.7558263,106.6709538,goong_poi_point,high,vi.wikipedia.org + Goong,https://docs.goong.io/rest/geocode/,2026-09-20T14:14:03+07:00,
osm:node/9965185460,benh_vien,Bệnh viện,Bệnh viện Quận 1 (cơ sở 2),"235-237 Trần Hưng Ðạo, Thành phố Hồ Chí Minh",street_from_osm,Phường Bến Thành,26743,Thành phố Hồ Chí Minh,"Phường Phạm Ngũ Lão, Quận 1, Thành phố Hồ Chí Minh",Phường Phạm Ngũ Lão,Quận 1,Thành phố Hồ Chí Minh,10.7651115,106.6932273,osm_node,high,OpenStreetMap,https://www.openstreetmap.org/node/9965185460,2026-09-20T14:14:03+07:00,
osm:way/462903369,benh_vien,Bệnh viện,Bệnh viện Quận 10,"571 Sư Vạn Hạnh, 12, 10, Ho Chi Minh City",street_from_osm,Phường Hòa Hưng,27163,Thành phố Hồ Chí Minh,"Phường 13, Quận 10, Thành phố Hồ Chí Minh",Phường 13,Quận 10,Thành phố Hồ Chí Minh,10.7760365,106.6664866,osm_way_centroid,high,OpenStreetMap,https://www.openstreetmap.org/way/462903369,2026-09-20T14:14:03+07:00,
osm:way/225056511,benh_vien,Bệnh viện,Bệnh viện Quốc tế Hạnh Phúc,Thành phố Hồ Chí Minh,ward_from_boundary,Phường Hiệp Bình,26809,Thành phố Hồ Chí Minh,"Phường Hiệp Bình Phước, Thành phố Thủ Đức, Thành phố Hồ Chí Minh",Phường Hiệp Bình Phước,Thành phố Thủ Đức,Thành phố Hồ Chí Minh,10.8678097,106.7142927,osm_way_centroid,high,OpenStreetMap,https://www.openstreetmap.org/way/225056511,2026-09-20T14:14:03+07:00,
osm:way/1241980323,benh_vien,Bệnh viện,Bệnh viện Quốc tế Mỹ AIH,"199 Nguyễn Hoàng, An Phú, Thành phố Thủ Đức, Thành phố Hồ Chí Minh",street_from_osm,Phường An Khánh,27094,Thành phố Hồ Chí Minh,"Phường An Phú, Thành phố Thủ Đức, Thành phố Hồ Chí Minh",Phường An Phú,Thành phố Thủ Đức,Thành phố Hồ Chí Minh,10.79377,106.7468051,osm_way_centroid,high,OpenStreetMap,https://www.openstreetmap.org/way/1241980323,2026-09-20T14:14:03+07:00,
osm:way/493155229,benh_vien,Bệnh viện,Bệnh viện Quốc tế Thành Đô,Thành phố Hồ Chí Minh,ward_from_boundary,Phường An Lạc,27460,Thành phố Hồ Chí Minh,"Phường Bình Trị Đông B, Quận Bình Tân, Thành phố Hồ Chí Minh",Phường Bình Trị Đông B,Quận Bình Tân,Thành phố Hồ Chí Minh,10.741251,106.6092346,osm_way_centroid,high,OpenStreetMap,https://www.openstreetmap.org/way/493155229,2026-09-20T14:14:03+07:00,
hosp:wikipedia_hospital_04_012,benh_vien,Bệnh viện,Bệnh viện Quốc Ánh,"Bệnh viện Quốc Ánh, 104-110 Đường Số 54, Tân Tạo, Bình Tân, Hồ Chí Minh",street_from_goong,Phường Bình Tân,27442,Thành phố Hồ Chí Minh,"104-110 Đường Số 54, Phường Tân Tạo, Quận Bình Tân, Thành phố Hồ Chí Minh",Phường Tân Tạo,Quận Bình Tân,Thành phố Hồ Chí Minh,10.753487947000053,106.59299285000009,goong_poi_point,high,vi.wikipedia.org + Goong,https://docs.goong.io/rest/geocode/,2026-09-20T14:14:03+07:00,
hosp:wikipedia_hospital_03_021,benh_vien,Bệnh viện,Bệnh viện Răng Hàm Mặt Thành phố Hồ Chí Minh,"Bệnh viện Răng Hàm Mặt Hồ Chí Minh, 263-265 Trần Hưng Đạo, Cô Giang, Quận 1, Hồ Chí Minh",street_from_goong,Phường Cầu Ông Lãnh,26758,Thành phố Hồ Chí Minh,"263-265 Trần Hưng Đạo, Phường Cô Giang, Quận 1, Thành phố Hồ Chí Minh",Phường Cô Giang,Quận 1,Thành phố Hồ Chí Minh,10.76351607600003,106.69190548200004,goong_poi_point,high,vi.wikipedia.org + Goong,https://docs.goong.io/rest/geocode/,2026-09-20T14:14:03+07:00,
hosp:wikipedia_hospital_01_002,benh_vien,Bệnh viện,Bệnh viện Răng Hàm Mặt Trung ương Thành phố Hồ Chí Minh,"201A Nguyễn Chí Thanh, Chợ Lớn, Hồ Chí Minh",street_from_goong,Phường Chợ Lớn,27343,Thành phố Hồ Chí Minh,"201A, Đường Nguyễn Chí Thanh, Phường 12, Quận 5, Thành phố Hồ Chí Minh",Phường 12,Quận 5,Thành phố Hồ Chí Minh,10.7579557,106.6605166,goong_poi_point,high,vi.wikipedia.org + Goong,https://docs.goong.io/rest/geocode/,2026-09-20T14:14:03+07:00,
hosp:wikipedia_hospital_03_020,benh_vien,Bệnh viện,Bệnh viện Tai Mũi Họng,"155B Trần Quốc Thảo, Nhiêu Lộc, Hồ Chí Minh",street_from_goong,Phường Xuân Hòa,27139,Thành phố Hồ Chí Minh,"155B, Trần Quốc Thảo, Phường 9, Quận 3, Thành phố Hồ Chí Minh",Phường 9,Quận 3,Thành phố Hồ Chí Minh,10.7844841,106.6837027,goong_poi_point,high,vi.wikipedia.org + Goong,https://docs.goong.io/rest/geocode/,2026-09-20T14:14:03+07:00,
hosp:wikipedia_hospital_04_016,benh_vien,Bệnh viện,Bệnh viện Tai Mũi Họng Sài Gòn,"Bệnh viện tai mũi họng Sài Gòn, 1-3 Trịnh Văn Cấn, Cầu Ông Lãnh, Quận 1, Hồ Chí Minh",street_from_goong,Phường Bến Thành,26743,Thành phố Hồ Chí Minh,"1-3 Trịnh Văn Cấn, Phường Cầu Ông Lãnh, Quận 1, Thành phố Hồ Chí Minh",Phường Cầu Ông Lãnh,Quận 1,Thành phố Hồ Chí Minh,10.767417777000048,106.69675224400004,goong_poi_point,high,vi.wikipedia.org + Goong,https://docs.goong.io/rest/geocode/,2026-09-20T14:14:03+07:00,
osm:way/1525476348,benh_vien,Bệnh viện,Bệnh viện Thân Dân,"686 Đường Trần Hưng Ðạo, Thành phố Hồ Chí Minh",street_from_osm,Phường Chợ Quán,27301,Thành phố Hồ Chí Minh,"Phường 2, Quận 5, Thành phố Hồ Chí Minh",Phường 2,Quận 5,Thành phố Hồ Chí Minh,10.7547983,106.678215,osm_way_centroid,high,OpenStreetMap,https://www.openstreetmap.org/way/1525476348,2026-09-20T14:14:03+07:00,
hosp:wikipedia_hospital_01_003,benh_vien,Bệnh viện,Bệnh viện Thống Nhất,"1 Đ. Lý Thường Kiệt, Tân Sơn Nhất, Hồ Chí Minh",street_from_goong,Phường Tân Sơn Nhất,26968,Thành phố Hồ Chí Minh,"1, Đường Lý Thường Kiệt, Phường 7, Quận Tân Bình, Thành phố Hồ Chí Minh",Phường 7,Quận Tân Bình,Thành phố Hồ Chí Minh,10.7922825,106.65387,goong_poi_point,high,vi.wikipedia.org + Goong,https://docs.goong.io/rest/geocode/,2026-09-20T14:14:03+07:00,
hosp:wikipedia_hospital_04_013,benh_vien,Bệnh viện,Bệnh viện Tim Tâm Đức,"Bệnh viện Tim Tâm Đức, 4 Nguyễn Lương Bằng, Tân Phú, Quận 7, Hồ Chí Minh",street_from_goong,Phường Tân Mỹ,27487,Thành phố Hồ Chí Minh,"4 Nguyễn Lương Bằng, Phường Tân Phú, Quận 7, Thành phố Hồ Chí Minh",Phường Tân Phú,Quận 7,Thành phố Hồ Chí Minh,10.733470737000061,106.71797980800005,goong_poi_point,high,vi.wikipedia.org + Goong,https://docs.goong.io/rest/geocode/,2026-09-20T14:14:03+07:00,
hosp:wikipedia_hospital_04_014,benh_vien,Bệnh viện,Bệnh viện Triều An,"Bệnh viện Triều An, 425 Kinh Dương Vương, An Lạc, Bình Tân, Hồ Chí Minh",street_from_goong,Phường An Lạc,27460,Thành phố Hồ Chí Minh,"425 Kinh Dương Vương, Phường An Lạc, Quận Bình Tân, Thành phố Hồ Chí Minh",Phường An Lạc,Quận Bình Tân,Thành phố Hồ Chí Minh,10.739314224000054,106.61707136600006,goong_poi_point,high,vi.wikipedia.org + Goong,https://docs.goong.io/rest/geocode/,2026-09-20T14:14:03+07:00,
osm:way/997884897,benh_vien,Bệnh viện,Bệnh viện Truyền máu - Huyết học (cơ sở 2),"1 Trần Hữu Nghiệp, Thành phố Hồ Chí Minh",street_from_osm,Phường Tân Tạo,27457,Thành phố Hồ Chí Minh,"Xã Tân Kiên, Huyện Bình Chánh, Thành phố Hồ Chí Minh",Xã Tân Kiên,Huyện Bình Chánh,Thành phố Hồ Chí Minh,10.7093154,106.5760857,osm_way_centroid,high,OpenStreetMap,https://www.openstreetmap.org/way/997884897,2026-09-20T14:14:03+07:00,
hosp:wikipedia_hospital_03_016,benh_vien,Bệnh viện,Bệnh viện Truyền máu Huyết học,"Bệnh Viện Truyền Máu Huyết Học, Phạm Viết Chánh, Nguyễn Cư Trinh, Quận 1, Sài Gòn",street_from_goong,Phường Bàn Cờ,27154,Thành phố Hồ Chí Minh,"Phạm Viết Chánh, Sài Gòn, Phường Nguyễn Cư Trinh, Quận 1, Thành phố Hồ Chí Minh",Phường Nguyễn Cư Trinh,Quận 1,Thành phố Hồ Chí Minh,10.7659055,106.6828674,goong_poi_point,high,vi.wikipedia.org + Goong,https://docs.goong.io/rest/geocode/,2026-09-20T14:14:03+07:00,
osm:way/189067554,benh_vien,Bệnh viện,Bệnh viện Truyền máu Huyết học,"118 Đường Hồng Bàng, Thành phố Hồ Chí Minh",street_from_osm,Phường An Đông,27316,Thành phố Hồ Chí Minh,"Phường 9, Quận 5, Thành phố Hồ Chí Minh",Phường 9,Quận 5,Thành phố Hồ Chí Minh,10.7565034,106.6658762,osm_way_centroid,high,OpenStreetMap,https://www.openstreetmap.org/way/189067554,2026-09-20T14:14:03+07:00,
hosp:wikipedia_hospital_03_007,benh_vien,Bệnh viện,Bệnh viện Trưng Vương,"266 Đ. Lý Thường Kiệt, Diên Hồng, Hồ Chí Minh",street_from_goong,Phường Diên Hồng,27169,Thành phố Hồ Chí Minh,"266, Đường Lý Thường Kiệt, Phường 14, Quận 10, Thành phố Hồ Chí Minh",Phường 14,Quận 10,Thành phố Hồ Chí Minh,10.7705055,106.6594484,goong_poi_point,high,vi.wikipedia.org + Goong,https://docs.goong.io/rest/geocode/,2026-09-20T14:14:03+07:00,
hosp:wikipedia_hospital_03_023,benh_vien,Bệnh viện,Bệnh viện Tâm thần,"Bệnh viện tâm thần, 192 Võ Văn Kiệt, Phường 1, Quận 5, Hồ Chí Minh",street_from_goong,Phường Chợ Quán,27301,Thành phố Hồ Chí Minh,"192 Võ Văn Kiệt, Phường 1, Quận 5, Thành phố Hồ Chí Minh",Phường 1,Quận 5,Thành phố Hồ Chí Minh,10.752479872000038,106.67831193900008,goong_poi_point,high,vi.wikipedia.org + Goong,https://docs.goong.io/rest/geocode/,2026-09-20T14:14:03+07:00,
osm:way/1228058612,benh_vien,Bệnh viện,Bệnh viện Tâm thần - Cơ sở Lê Minh Xuân,"F4/12, Lê Minh Xuân, Bình Chánh, Xã Lê Minh Xuân",ward_from_boundary,Xã Tân Vĩnh Lộc,27604,Thành phố Hồ Chí Minh,"Xã Vĩnh Lộc B, Huyện Bình Chánh, Thành phố Hồ Chí Minh",Xã Vĩnh Lộc B,Huyện Bình Chánh,Thành phố Hồ Chí Minh,10.7693286,106.5458486,osm_way_centroid,high,OpenStreetMap,https://www.openstreetmap.org/way/1228058612,2026-09-20T14:14:03+07:00,
hosp:wikipedia_hospital_03_008,benh_vien,Bệnh viện,Bệnh viện Từ Dũ,"284 Cống Quỳnh, Bến Thành, Hồ Chí Minh",street_from_goong,Phường Bàn Cờ,27154,Thành phố Hồ Chí Minh,"284, Đường Cống Quỳnh, Phường Phạm Ngũ Lão, Quận 1, Thành phố Hồ Chí Minh",Phường Phạm Ngũ Lão,Quận 1,Thành phố Hồ Chí Minh,10.7684837,106.6853651,goong_poi_point,high,vi.wikipedia.org + Goong,https://docs.goong.io/rest/geocode/,2026-09-20T14:14:03+07:00,
osm:way/754576787,benh_vien,Bệnh viện,Bệnh viện Từ Dũ - Cơ sở 2,"Lương Văn Nho, Thành phố Hồ Chí Minh",street_from_osm,Xã Cần Giờ,27664,Thành phố Hồ Chí Minh,"Thị trấn Cần Thạnh, Huyện Cần Giờ, Thành phố Hồ Chí Minh",Thị trấn Cần Thạnh,Huyện Cần Giờ,Thành phố Hồ Chí Minh,10.4043915,106.937643,osm_way_centroid,high,OpenStreetMap,https://www.openstreetmap.org/way/754576787,2026-09-20T14:14:03+07:00,
hosp:wikipedia_hospital_03_015,benh_vien,Bệnh viện,Bệnh viện Ung bướu,"Bệnh viện Ung Bướu, Nơ Trang Long, Phường 7, Bình Thạnh, Hồ Chí Minh",street_from_goong,Phường Gia Định,26944,Thành phố Hồ Chí Minh,"Nơ Trang Long, Phường 7, Quận Bình Thạnh, Thành phố Hồ Chí Minh",Phường 7,Quận Bình Thạnh,Thành phố Hồ Chí Minh,10.8048854,106.6946164,goong_poi_point,high,vi.wikipedia.org + Goong,https://docs.goong.io/rest/geocode/,2026-09-20T14:14:03+07:00,
osm:way/605281204,benh_vien,Bệnh viện,Bệnh viện Ung bướu cơ sở 2,"Đường Số 400, Tân Phú, Quận 9, Thành phố Hồ Chí Minh",street_from_osm,Phường Tăng Nhơn Phú,26842,Thành phố Hồ Chí Minh,"Phường Tân Phú, Thành phố Thủ Đức, Thành phố Hồ Chí Minh",Phường Tân Phú,Thành phố Thủ Đức,Thành phố Hồ Chí Minh,10.8702234,106.8093249,osm_way_centroid,high,OpenStreetMap,https://www.openstreetmap.org/way/605281204,2026-09-20T14:14:03+07:00,
hosp:wikipedia_hospital_04_015,benh_vien,Bệnh viện,Bệnh viện Vạn Hạnh,"700 Sư Vạn Hạnh, Hòa Hưng, Hồ Chí Minh",street_from_goong,Phường Vườn Lài,27190,Thành phố Hồ Chí Minh,"700, Đường Sư Vạn Hạnh, Phường 12, Quận 10, Thành phố Hồ Chí Minh",Phường 12,Quận 10,Thành phố Hồ Chí Minh,10.7713273,106.6700533,goong_poi_point,high,vi.wikipedia.org + Goong,https://docs.goong.io/rest/geocode/,2026-09-20T14:14:03+07:00,
osm:way/263444654,benh_vien,Bệnh viện,Bệnh viện Vạn Hạnh,Thành phố Hồ Chí Minh,ward_from_boundary,Phường Vườn Lài,27190,Thành phố Hồ Chí Minh,"Phường 10, Quận 10, Thành phố Hồ Chí Minh",Phường 10,Quận 10,Thành phố Hồ Chí Minh,10.7718189,106.6713752,osm_way_centroid,high,OpenStreetMap,https://www.openstreetmap.org/way/263444654,2026-09-20T14:14:03+07:00,
osm:way/1539963922,benh_vien,Bệnh viện,Bệnh viện Y học Cổ truyền Thành phố Hồ Chí Minh (Cơ sở 2),"218K Đường Trần Hưng Ðạo, Thành phố Hồ Chí Minh",street_from_osm,Phường Chợ Lớn,27343,Thành phố Hồ Chí Minh,"Phường 11, Quận 5, Thành phố Hồ Chí Minh",Phường 11,Quận 5,Thành phố Hồ Chí Minh,10.7525717,106.6656948,osm_way_centroid,high,OpenStreetMap,https://www.openstreetmap.org/way/1539963922,2026-09-20T14:14:03+07:00,
hosp:wikipedia_hospital_03_025,benh_vien,Bệnh viện,Bệnh viện Y học cổ truyền,"Bệnh Viện Y Học Cổ Truyền Cơ Sở 2, Trần Hưng Đạo B, phường 11, Quận 5, Hồ Chí Minh",street_from_goong,Phường Xuân Hòa,27139,Thành phố Hồ Chí Minh,"179 Nam Kỳ Khởi Nghĩa, Phường Võ Thị Sáu, Quận 3, Thành phố Hồ Chí Minh",Phường Võ Thị Sáu,Quận 3,Thành phố Hồ Chí Minh,10.78554661100003,106.68831788200004,goong_geocoded_official_address,high,vi.wikipedia.org + Goong,https://www.yhct.vn/gioi-thieu,2026-09-20T14:14:03+07:00,
hosp:wikipedia_hospital_04_003,benh_vien,Bệnh viện,Bệnh viện quốc tế City,"Bệnh viện Quốc tế City, 3 Đường Số 17A, Bình Trị Đông B, Bình Tân, Hồ Chí Minh",street_from_goong,Phường An Lạc,27460,Thành phố Hồ Chí Minh,"3 Đường Số 17A, Phường Bình Trị Đông B, Quận Bình Tân, Thành phố Hồ Chí Minh",Phường Bình Trị Đông B,Quận Bình Tân,Thành phố Hồ Chí Minh,10.741045254000028,106.60905510800006,goong_poi_point,high,vi.wikipedia.org + Goong,https://docs.goong.io/rest/geocode/,2026-09-20T14:14:03+07:00,
osm:way/585932876,benh_vien,Bệnh viện,Bệnh viện Đa Khoa Vạn Hạnh,Thành phố Hồ Chí Minh,ward_from_boundary,Phường Vườn Lài,27190,Thành phố Hồ Chí Minh,"Phường 10, Quận 10, Thành phố Hồ Chí Minh",Phường 10,Quận 10,Thành phố Hồ Chí Minh,10.7713531,106.670117,osm_way_centroid,high,OpenStreetMap,https://www.openstreetmap.org/way/585932876,2026-09-20T14:14:03+07:00,
hosp:wikipedia_hospital_03_052,benh_vien,Bệnh viện,Bệnh viện Đa khoa Bình Chánh,"Bệnh viện Đa khoa Bình Chánh, E1/20 Tân Túc, Tân Túc, Bình Chánh, Hồ Chí Minh",street_from_goong,Xã Tân Nhựt,27595,Thành phố Hồ Chí Minh,"E1/20 Tân Túc, Thị trấn Tân Túc, Huyện Bình Chánh, Thành phố Hồ Chí Minh",Thị trấn Tân Túc,Huyện Bình Chánh,Thành phố Hồ Chí Minh,10.69127902100007,106.58646999300004,goong_poi_point,high,vi.wikipedia.org + Goong,https://docs.goong.io/rest/geocode/,2026-09-20T14:14:03+07:00,
hosp:wikipedia_hospital_03_039,benh_vien,Bệnh viện,Bệnh viện Đa khoa Bình Phú,"2D Đ. Chợ Lớn, Bình Phú, Hồ Chí Minh",street_from_goong,Phường Phú Lâm,27349,Thành phố Hồ Chí Minh,"2D, Đường Chợ Lớn, Phường 11, Quận 6, Thành phố Hồ Chí Minh",Phường 11,Quận 6,Thành phố Hồ Chí Minh,10.7465392,106.6345087,goong_poi_point,high,vi.wikipedia.org + Goong,https://docs.goong.io/rest/geocode/,2026-09-20T14:14:03+07:00,
hosp:wikipedia_hospital_03_047,benh_vien,Bệnh viện,Bệnh viện Đa khoa Bình Thạnh,"Bệnh viện Bình Thạnh, 112AB Lê Văn Duyệt, Phường 1, Bình Thạnh, Hồ Chí Minh",street_from_goong,Phường Gia Định,26944,Thành phố Hồ Chí Minh,"112AB Lê Văn Duyệt, Phường 1, Quận Bình Thạnh, Thành phố Hồ Chí Minh",Phường 1,Quận Bình Thạnh,Thành phố Hồ Chí Minh,10.798126800000034,106.69658684800004,goong_poi_point,medium,vi.wikipedia.org + Goong,https://docs.goong.io/rest/geocode/,2026-09-20T14:14:03+07:00,
hosp:wikipedia_hospital_03_046,benh_vien,Bệnh viện,Bệnh viện Đa khoa Bình Tân,"Bệnh viện đa khoa Bình Tân, 809 Hương Lộ 2, Bình Trị Đông A, Bình Tân, Hồ Chí Minh",street_from_goong,Phường Bình Tân,27442,Thành phố Hồ Chí Minh,"809 Hương Lộ 2, Phường Bình Trị Đông A, Quận Bình Tân, Thành phố Hồ Chí Minh",Phường Bình Trị Đông A,Quận Bình Tân,Thành phố Hồ Chí Minh,10.764648132000048,106.60334203800005,goong_poi_point,high,vi.wikipedia.org + Goong,https://docs.goong.io/rest/geocode/,2026-09-20T14:14:03+07:00,
hosp:wikipedia_hospital_01_009,benh_vien,Bệnh viện,Bệnh viện Đa khoa Bưu điện,"Lô B9, Đ. Thành Thái, Cư xá Bắc Hải, Hòa Hưng, Hồ Chí Minh",street_from_goong,Phường Tân Hòa,26995,Thành phố Hồ Chí Minh,"Lô B9, Đường Thành Thái, Cư xá Bắc Hải, Phường 14, Quận 10, Thành phố Hồ Chí Minh",Phường 14,Quận 10,Thành phố Hồ Chí Minh,10.780271,106.6604498,goong_poi_point,high,vi.wikipedia.org + Goong,https://docs.goong.io/rest/geocode/,2026-09-20T14:14:03+07:00,
hosp:wikipedia_hospital_03_041,benh_vien,Bệnh viện,Bệnh viện Đa khoa Chánh Hưng,"82 Cao Lỗ, Chánh Hưng, Hồ Chí Minh",street_from_goong,Phường Chánh Hưng,27418,Thành phố Hồ Chí Minh,"82, Cao Lỗ, Phường 4, Quận 8, Thành phố Hồ Chí Minh",Phường 4,Quận 8,Thành phố Hồ Chí Minh,10.7416667,106.6763889,goong_poi_point,high,vi.wikipedia.org + Goong,https://docs.goong.io/rest/geocode/,2026-09-20T14:14:03+07:00,
hosp:wikipedia_hospital_03_053,benh_vien,Bệnh viện,Bệnh viện Đa khoa Củ Chi,"Trạm Cấp Cứu Vệ Tinh Bệnh Viện Huyện Củ Chi, TL8, Tân Thạnh Đông, Củ Chi, Hồ Chí Minh",street_from_goong,Xã An Nhơn Tây,27508,Thành phố Hồ Chí Minh,"1307 Tỉnh Lộ 7, Xã An Nhơn Tây, Huyện Củ Chi, Thành phố Hồ Chí Minh",Xã An Nhơn Tây,Huyện Củ Chi,Thành phố Hồ Chí Minh,11.085091268000042,106.50958809700006,goong_geocoded_official_address,high,vi.wikipedia.org + Goong,https://benhandientu.moh.gov.vn/benh-vien/438/benh-vien-da-khoa-cu-chi-tp-ho-chi-minh,2026-09-20T14:14:03+07:00,
hosp:wikipedia_hospital_03_048,benh_vien,Bệnh viện,Bệnh viện Đa khoa Gò Vấp,"Bệnh viện Đa khoa Gò Vấp, 641 Quang Trung, Phường 11, Gò Vấp, Hồ Chí Minh",street_from_goong,Phường Thông Tây Hội,26898,Thành phố Hồ Chí Minh,"641 Quang Trung, Phường 11, Quận Gò Vấp, Thành phố Hồ Chí Minh",Phường 11,Quận Gò Vấp,Thành phố Hồ Chí Minh,10.835134702000062,106.66171356400008,goong_poi_point,high,vi.wikipedia.org + Goong,https://docs.goong.io/rest/geocode/,2026-09-20T14:14:03+07:00,
osm:way/1023240915,benh_vien,Bệnh viện,Bệnh viện Đa khoa Hoàn Hảo Kei Mei Kai,Thành phố Hồ Chí Minh,ward_from_boundary,Phường Linh Xuân,26800,Thành phố Hồ Chí Minh,"Phường Linh Xuân, Thành phố Thủ Đức, Thành phố Hồ Chí Minh",Phường Linh Xuân,Thành phố Thủ Đức,Thành phố Hồ Chí Minh,10.8698098,106.7627408,osm_way_centroid,high,OpenStreetMap,https://www.openstreetmap.org/way/1023240915,2026-09-20T14:14:03+07:00,
hosp:wikipedia_hospital_04_001,benh_vien,Bệnh viện,Bệnh viện Đa khoa Hoàn Mỹ Sài Gòn,"Bệnh viện Đa Khoa Hoàn Mỹ Sài Gòn, 60-60A Phan Xích Long, Phường 1, Phú Nhuận, Hồ Chí Minh",street_from_goong,Phường Cầu Kiệu,27058,Thành phố Hồ Chí Minh,"60-60A Phan Xích Long, Phường 1, Quận Phú Nhuận, Thành phố Hồ Chí Minh",Phường 1,Quận Phú Nhuận,Thành phố Hồ Chí Minh,10.8001286,106.684241,goong_poi_point,high,vi.wikipedia.org + Goong,https://docs.goong.io/rest/geocode/,2026-09-20T14:14:03+07:00,
osm:way/1086900731,benh_vien,Bệnh viện,Bệnh viện Đa khoa Khu vực Củ Chi (mới),Thành phố Hồ Chí Minh,ward_from_boundary,Xã Tân An Hội,27496,Thành phố Hồ Chí Minh,"Xã Tân An Hội, Huyện Củ Chi, Thành phố Hồ Chí Minh",Xã Tân An Hội,Huyện Củ Chi,Thành phố Hồ Chí Minh,10.9748582,106.4803304,osm_way_centroid,high,OpenStreetMap,https://www.openstreetmap.org/way/1086900731,2026-09-20T14:14:03+07:00,
hosp:wikipedia_hospital_03_037,benh_vien,Bệnh viện,Bệnh viện Đa khoa Khánh Hội,"63 Bến Vân Đồn, Xóm Chiếu, Hồ Chí Minh",street_from_goong,Phường Bến Thành,26743,Thành phố Hồ Chí Minh,"63, Bến Vân Đồn, Phường 13, Quận 4, Thành phố Hồ Chí Minh",Phường 13,Quận 4,Thành phố Hồ Chí Minh,10.7653,106.70218,goong_poi_point,high,vi.wikipedia.org + Goong,https://docs.goong.io/rest/geocode/,2026-09-20T14:14:03+07:00,
hosp:wikipedia_hospital_03_044,benh_vien,Bệnh viện,Bệnh viện Đa khoa Lãnh Binh Thăng,"72 Đường Số 5 - Cư xá Bình Thới, Bình Thới, Hồ Chí Minh",street_from_goong,Phường Bình Thới,27232,Thành phố Hồ Chí Minh,"72, Đường Số 5 - Cư xá Bình Thới, Phường 8, Quận 11, Thành phố Hồ Chí Minh",Phường 8,Quận 11,Thành phố Hồ Chí Minh,10.7605706,106.6481212,goong_poi_point,high,vi.wikipedia.org + Goong,https://docs.goong.io/rest/geocode/,2026-09-20T14:14:03+07:00,
hosp:wikipedia_hospital_04_006,benh_vien,Bệnh viện,Bệnh viện Đa khoa Mắt Sài Gòn,"Bệnh Viện Đa Khoa Mắt Sài Gòn, Cách Mạng Tháng 8, Phường 13, Quận 10, Hồ Chí Minh",street_from_goong,Phường Hòa Hưng,27163,Thành phố Hồ Chí Minh,"Cách Mạng Tháng 8, Phường 13, Quận 10, Thành phố Hồ Chí Minh",Phường 13,Quận 10,Thành phố Hồ Chí Minh,10.781906003932253,106.67387087283377,goong_poi_point,high,vi.wikipedia.org + Goong,https://docs.goong.io/rest/geocode/,2026-09-20T14:14:03+07:00,
hosp:wikipedia_hospital_03_040,benh_vien,Bệnh viện,Bệnh viện Đa khoa Nguyễn Thị Thập,"Đối Diện Bệnh Viện Quận 7 Nguyễn Thị Thập, Bình Thuận, Quận 7, Hồ Chí Minh",street_from_goong,Phường Tân Thuận,27478,Thành phố Hồ Chí Minh,"101 Nguyễn Thị Thập, Phường Tân Phú, Quận 7, Thành phố Hồ Chí Minh",Phường Tân Phú,Quận 7,Thành phố Hồ Chí Minh,10.737722764000068,106.72501069300006,goong_geocoded_official_address,high,vi.wikipedia.org + Goong,https://bvdknguyenthithap.vn/vn/lien-he.html,2026-09-20T14:14:03+07:00,
hosp:wikipedia_hospital_03_054,benh_vien,Bệnh viện,Bệnh viện Đa khoa Nhà Bè,"Bệnh viện huyện Nhà Bè, 281A Lê Văn Lương, Phước Kiển, Nhà Bè, Hồ Chí Minh",street_from_goong,Xã Nhà Bè,27655,Thành phố Hồ Chí Minh,"281A Lê Văn Lương, Xã Phước Kiển, Huyện Nhà Bè, Thành phố Hồ Chí Minh",Xã Phước Kiển,Huyện Nhà Bè,Thành phố Hồ Chí Minh,10.70460548400007,106.70441692900005,goong_poi_point,high,vi.wikipedia.org + Goong,https://docs.goong.io/rest/geocode/,2026-09-20T14:14:03+07:00,
hosp:wikipedia_hospital_03_049,benh_vien,Bệnh viện,Bệnh viện Đa khoa Phú Nhuận,"Bệnh viện Phú Nhuận, 274 Nguyễn Trọng Tuyển, Phường 8, Phú Nhuận, Hồ Chí Minh",street_from_goong,Phường Phú Nhuận,27073,Thành phố Hồ Chí Minh,"274 Nguyễn Trọng Tuyển, Phường 8, Quận Phú Nhuận, Thành phố Hồ Chí Minh",Phường 8,Quận Phú Nhuận,Thành phố Hồ Chí Minh,10.798136147000037,106.67179311600006,goong_poi_point,high,vi.wikipedia.org + Goong,https://docs.goong.io/rest/geocode/,2026-09-20T14:14:03+07:00,
osm:node/3217904580,benh_vien,Bệnh viện,Bệnh viện Đa khoa Quốc Tế Miền Đông,Thành phố Hồ Chí Minh,ward_from_boundary,Phường Tam Bình,26803,Thành phố Hồ Chí Minh,"Phường Bình Chiểu, Thành phố Thủ Đức, Thành phố Hồ Chí Minh",Phường Bình Chiểu,Thành phố Thủ Đức,Thành phố Hồ Chí Minh,10.9034999,106.7102737,osm_node,medium,OpenStreetMap,https://www.openstreetmap.org/node/3217904580,2026-09-20T14:14:03+07:00,
hosp:wikipedia_hospital_04_019,benh_vien,Bệnh viện,Bệnh viện Đa khoa Quốc tế Nam Sài Gòn,"Bệnh viện đa khoa Quốc tế Nam Sài Gòn, 88 Đường Số 8, Bình Hưng, Bình Chánh, Hồ Chí Minh",street_from_goong,Phường Tân Hưng,27475,Thành phố Hồ Chí Minh,"88 Đường Số 8, Xã Bình Hưng, Huyện Bình Chánh, Thành phố Hồ Chí Minh",Xã Bình Hưng,Huyện Bình Chánh,Thành phố Hồ Chí Minh,10.736020082000039,106.69089343100006,goong_poi_point,high,vi.wikipedia.org + Goong,https://docs.goong.io/rest/geocode/,2026-09-20T14:14:03+07:00,
hosp:wikipedia_hospital_03_003,benh_vien,Bệnh viện,Bệnh viện Đa khoa Sài Gòn,"Bệnh viện Đa khoa Sài Gòn, 125 Lê Lợi, Bến Thành, Quận 1, Hồ Chí Minh",street_from_goong,Phường Bến Thành,26743,Thành phố Hồ Chí Minh,"125 Lê Lợi, Phường Bến Thành, Quận 1, Thành phố Hồ Chí Minh",Phường Bến Thành,Quận 1,Thành phố Hồ Chí Minh,10.772152386000073,106.69940974300005,goong_poi_point,high,vi.wikipedia.org + Goong,https://docs.goong.io/rest/geocode/,2026-09-20T14:14:03+07:00,
hosp:wikipedia_hospital_03_033,benh_vien,Bệnh viện,Bệnh viện Đa khoa Thủ Đức,"Bệnh viện Thành phố Thủ Đức, 29 Phú Châu, Tam Phú, Thủ Đức, Hồ Chí Minh",street_from_goong,Phường Tam Bình,26803,Thành phố Hồ Chí Minh,"29 Phú Châu, Phường Tam Phú, Thành phố Thủ Đức, Thành phố Hồ Chí Minh",Phường Tam Phú,Thành phố Thủ Đức,Thành phố Hồ Chí Minh,10.864211677000071,106.74576919800006,goong_poi_point,high,vi.wikipedia.org + Goong,https://docs.goong.io/rest/geocode/,2026-09-20T14:14:03+07:00,
hosp:wikipedia_hospital_03_045,benh_vien,Bệnh viện,Bệnh viện Đa khoa Trung Mỹ Tây,"111 Đường Dương Thị Mười, Trung Mỹ Tây, Hồ Chí Minh",street_from_goong,Phường Trung Mỹ Tây,26785,Thành phố Hồ Chí Minh,"111 Đường, Dương Thị Mười, Phường Tân Chánh Hiệp, Quận 12, Thành phố Hồ Chí Minh",Phường Tân Chánh Hiệp,Quận 12,Thành phố Hồ Chí Minh,10.860611,106.6307806,goong_poi_point,high,vi.wikipedia.org + Goong,https://docs.goong.io/rest/geocode/,2026-09-20T14:14:03+07:00,
hosp:wikipedia_hospital_04_017,benh_vien,Bệnh viện,Bệnh viện Đa khoa Tâm Anh,"Bệnh viện đa khoa Tâm Anh, 2B Phổ Quang, Phường 2, Tân Bình, Hồ Chí Minh",street_from_goong,Phường Tân Sơn Hòa,26977,Thành phố Hồ Chí Minh,"2B Phổ Quang, Phường 2, Quận Tân Bình, Thành phố Hồ Chí Minh",Phường 2,Quận Tân Bình,Thành phố Hồ Chí Minh,10.80278687300006,106.66605110000006,goong_poi_point,high,vi.wikipedia.org + Goong,https://docs.goong.io/rest/geocode/,2026-09-20T14:14:03+07:00,
hosp:wikipedia_hospital_03_050,benh_vien,Bệnh viện,Bệnh viện Đa khoa Tân Bình,"Bệnh viện Tân Bình, 605 Hoàng Văn Thụ, Phường 4, Tân Bình, Hồ Chí Minh",street_from_goong,Phường Tân Sơn Nhất,26968,Thành phố Hồ Chí Minh,"605 Hoàng Văn Thụ, Phường 4, Quận Tân Bình, Thành phố Hồ Chí Minh",Phường 4,Quận Tân Bình,Thành phố Hồ Chí Minh,10.794554178000055,106.65531680600009,goong_poi_point,medium,vi.wikipedia.org + Goong,https://docs.goong.io/rest/geocode/,2026-09-20T14:14:03+07:00,
osm:node/9586251041,benh_vien,Bệnh viện,Bệnh viện Đa khoa Tân Hưng,Thành phố Hồ Chí Minh,ward_from_boundary,Phường Tân Hưng,27475,Thành phố Hồ Chí Minh,"Phường Tân Hưng, Quận 7, Thành phố Hồ Chí Minh",Phường Tân Hưng,Quận 7,Thành phố Hồ Chí Minh,10.7515951,106.696342,osm_node,high,OpenStreetMap,https://www.openstreetmap.org/node/9586251041,2026-09-20T14:14:03+07:00,
hosp:wikipedia_hospital_03_051,benh_vien,Bệnh viện,Bệnh viện Đa khoa Tân Phú,"Bệnh viện quận Tân Phú, 34 Trần Văn Giáp, Hiệp Tân, Tân Phú, Hồ Chí Minh",street_from_goong,Phường Phú Thạnh,27028,Thành phố Hồ Chí Minh,"34 Trần Văn Giáp, Phường Hiệp Tân, Quận Tân Phú, Thành phố Hồ Chí Minh",Phường Hiệp Tân,Quận Tân Phú,Thành phố Hồ Chí Minh,10.776412297000036,106.63091009100003,goong_poi_point,high,vi.wikipedia.org + Goong,https://docs.goong.io/rest/geocode/,2026-09-20T14:14:03+07:00,
osm:way/377308553,benh_vien,Bệnh viện,Bệnh viện Đa khoa Tân Phú,"609-611 Âu Cơ, Thành phố Hồ Chí Minh",street_from_osm,Phường Bảy Hiền,26983,Thành phố Hồ Chí Minh,"Phường 10, Quận Tân Bình, Thành phố Hồ Chí Minh",Phường 10,Quận Tân Bình,Thành phố Hồ Chí Minh,10.7835098,106.6419173,osm_way_centroid,high,OpenStreetMap,https://www.openstreetmap.org/way/377308553,2026-09-20T14:14:03+07:00,
hosp:wikipedia_hospital_03_034,benh_vien,Bệnh viện,Bệnh viện Đa khoa Tân Định,"338 Hai Bà Trưng, Tân Định, Hồ Chí Minh",street_from_goong,Phường Tân Định,26737,Thành phố Hồ Chí Minh,"338, Hai Bà Trưng, Phường Tân Định, Quận 1, Thành phố Hồ Chí Minh",Phường Tân Định,Quận 1,Thành phố Hồ Chí Minh,10.7901324,106.6895943,goong_poi_point,high,vi.wikipedia.org + Goong,https://docs.goong.io/rest/geocode/,2026-09-20T14:14:03+07:00,
hosp:wikipedia_hospital_03_030,benh_vien,Bệnh viện,Bệnh viện Đa khoa khu vực Củ Chi,"Bệnh viện Đa khoa khu vực Củ Chi, Nguyễn Văn Hoài, Tân An Hội, Củ Chi, Hồ Chí Minh",street_from_goong,Xã Tân An Hội,27496,Thành phố Hồ Chí Minh,"Nguyễn Văn Hoài, Xã Tân An Hội, Huyện Củ Chi, Thành phố Hồ Chí Minh",Xã Tân An Hội,Huyện Củ Chi,Thành phố Hồ Chí Minh,10.975404553000033,106.47714738700006,goong_poi_point,high,vi.wikipedia.org + Goong,https://docs.goong.io/rest/geocode/,2026-09-20T14:14:03+07:00,
hosp:wikipedia_hospital_03_031,benh_vien,Bệnh viện,Bệnh viện Đa khoa khu vực Hóc Môn,"Bệnh viện đa khoa khu vực Hóc Môn, 65/2B Bà Triệu, Hóc Môn, Hóc Môn, Hồ Chí Minh",street_from_goong,Xã Hóc Môn,27559,Thành phố Hồ Chí Minh,"65/2B Bà Triệu, Thị trấn Hóc Môn, Huyện Hóc Môn, Thành phố Hồ Chí Minh",Thị trấn Hóc Môn,Huyện Hóc Môn,Thành phố Hồ Chí Minh,10.882615156000043,106.59319113800007,goong_poi_point,high,vi.wikipedia.org + Goong,https://docs.goong.io/rest/geocode/,2026-09-20T14:14:03+07:00,
hosp:wikipedia_hospital_03_032,benh_vien,Bệnh viện,Bệnh viện Đa khoa khu vực Thủ Đức,"Bệnh viện Đa khoa Khu vực Thủ Đức, 64 Lê Văn Chí, Linh Trung, Thủ Đức, Hồ Chí Minh",street_from_goong,Phường Linh Xuân,26800,Thành phố Hồ Chí Minh,"64 Lê Văn Chí, Phường Linh Trung, Thành phố Thủ Đức, Thành phố Hồ Chí Minh",Phường Linh Trung,Thành phố Thủ Đức,Thành phố Hồ Chí Minh,10.861451927000076,106.77986765000009,goong_poi_point,high,vi.wikipedia.org + Goong,https://docs.goong.io/rest/geocode/,2026-09-20T14:14:03+07:00,
osm:way/1531305271,benh_vien,Bệnh viện,Bệnh viện Đại học Quốc tế Hồng Bàng,"1 Đường số 10, Thành phố Hồ Chí Minh",street_from_osm,Phường Hiệp Bình,26809,Thành phố Hồ Chí Minh,"Phường Hiệp Bình Phước, Thành phố Thủ Đức, Thành phố Hồ Chí Minh",Phường Hiệp Bình Phước,Thành phố Thủ Đức,Thành phố Hồ Chí Minh,10.8418218,106.7118006,osm_way_centroid,high,OpenStreetMap,https://www.openstreetmap.org/way/1531305271,2026-09-20T14:14:03+07:00,
osm:way/463034095,benh_vien,Bệnh viện,Bệnh viện Đại học Y Dược - Cơ sở 2,Thành phố Hồ Chí Minh,ward_from_boundary,Phường Chợ Lớn,27343,Thành phố Hồ Chí Minh,"Phường 12, Quận 5, Thành phố Hồ Chí Minh",Phường 12,Quận 5,Thành phố Hồ Chí Minh,10.7579293,106.6612354,osm_way_centroid,high,OpenStreetMap,https://www.openstreetmap.org/way/463034095,2026-09-20T14:14:03+07:00,
hosp:wikipedia_hospital_02_001,benh_vien,Bệnh viện,Bệnh viện Đại học Y Dược Thành phố Hồ Chí Minh,"Bệnh viện Đại học Y dược Thành phố Hồ Chí Minh - Cơ sở 3, 221B Hoàng Văn Thụ, Phường 8, Phú Nhuận, Hồ Chí Minh",street_from_goong,Phường Chợ Lớn,27343,Thành phố Hồ Chí Minh,"215 Hồng Bàng, Phường 11, Quận 5, Thành phố Hồ Chí Minh",Phường 11,Quận 5,Thành phố Hồ Chí Minh,10.75540015100006,106.66438936000009,goong_geocoded_official_address,high,vi.wikipedia.org + Goong,https://www.bvdaihoc.com.vn/Home/ViewContact?csrt=1472686025060859555,2026-09-20T14:14:03+07:00,
hosp:wikipedia_hospital_04_007,benh_vien,Bệnh viện,Bệnh viện đa khoa Mỹ Đức,"Bệnh viện Đa khoa Mỹ Đức, 4 Núi Thành, Phường 13, Tân Bình, Hồ Chí Minh",street_from_goong,Phường Tân Bình,27004,Thành phố Hồ Chí Minh,"4 Núi Thành, Phường 13, Quận Tân Bình, Thành phố Hồ Chí Minh",Phường 13,Quận Tân Bình,Thành phố Hồ Chí Minh,10.799993959000062,106.64156083300009,goong_poi_point,high,vi.wikipedia.org + Goong,https://docs.goong.io/rest/geocode/,2026-09-20T14:14:03+07:00,
hosp:wikipedia_hospital_04_018,benh_vien,Bệnh viện,Bệnh viện đa khoa Phương Nam,"Bệnh Viện Đa Khoa Phương Nam, 18 TC1, Khu phố 6, Bến Cát, Bình Dương",street_from_goong,Phường Tân Mỹ,27487,Thành phố Hồ Chí Minh,"2 Nguyễn Lương Bằng, Phường Tân Phú, Quận 7, Thành phố Hồ Chí Minh",Phường Tân Phú,Quận 7,Thành phố Hồ Chí Minh,10.734528818000058,106.71772020700007,goong_geocoded_official_address,high,vi.wikipedia.org + Goong,https://phuongchau.com/benhvienphuongnam/,2026-09-20T14:14:03+07:00,
osm:way/493155228,benh_vien,Bệnh viện,CI Hospital,Thành phố Hồ Chí Minh,ward_from_boundary,Phường An Lạc,27460,Thành phố Hồ Chí Minh,"Phường Bình Trị Đông B, Quận Bình Tân, Thành phố Hồ Chí Minh",Phường Bình Trị Đông B,Quận Bình Tân,Thành phố Hồ Chí Minh,10.7403535,106.6077583,osm_way_centroid,high,OpenStreetMap,https://www.openstreetmap.org/way/493155228,2026-09-20T14:14:03+07:00,
osm:node/2930719503,benh_vien,Bệnh viện,Columbia Asia Saigon,"8 Alexandre de Rhodes, Thành phố Hồ Chí Minh",street_from_osm,Phường Sài Gòn,26740,Thành phố Hồ Chí Minh,"Phường Bến Nghé, Quận 1, Thành phố Hồ Chí Minh",Phường Bến Nghé,Quận 1,Thành phố Hồ Chí Minh,10.7795758,106.6965213,osm_node,high,OpenStreetMap,https://www.openstreetmap.org/node/2930719503,2026-09-20T14:14:03+07:00,
osm:way/506167683,benh_vien,Bệnh viện,Family Practice,Thành phố Hồ Chí Minh,ward_from_boundary,Phường An Khánh,27094,Thành phố Hồ Chí Minh,"Phường Thảo Điền, Thành phố Thủ Đức, Thành phố Hồ Chí Minh",Phường Thảo Điền,Thành phố Thủ Đức,Thành phố Hồ Chí Minh,10.807607,106.733795,osm_way_centroid,high,OpenStreetMap,https://www.openstreetmap.org/way/506167683,2026-09-20T14:14:03+07:00,
osm:node/11391582959,benh_vien,Bệnh viện,Kyo,"123 Đường D1, Thành phố Hồ Chí Minh",street_from_osm,Phường Long Bình,26833,Thành phố Hồ Chí Minh,"Phường Long Thạnh Mỹ, Thành phố Thủ Đức, Thành phố Hồ Chí Minh",Phường Long Thạnh Mỹ,Thành phố Thủ Đức,Thành phố Hồ Chí Minh,10.8375648,106.8153901,osm_node,high,OpenStreetMap,https://www.openstreetmap.org/node/11391582959,2026-09-20T14:14:03+07:00,
osm:node/12249370630,benh_vien,Bệnh viện,Nha Khoa SingDent,"1 Đường Nguyễn Thị Thập, Phường Tân Hưng, Quận 7, Hồ Chí Minh",street_from_osm,Phường Tân Hưng,27475,Thành phố Hồ Chí Minh,"Phường Tân Hưng, Quận 7, Thành phố Hồ Chí Minh",Phường Tân Hưng,Quận 7,Thành phố Hồ Chí Minh,10.7404252,106.6998107,osm_node,high,OpenStreetMap,https://www.openstreetmap.org/node/12249370630,2026-09-20T14:14:03+07:00,
osm:node/4698549590,benh_vien,Bệnh viện,Nhà Thuốc Thái Thanh,"968 Huỳnh Tấn Phát, Thành phố Hồ Chí Minh",street_from_osm,Phường Phú Thuận,27484,Thành phố Hồ Chí Minh,"Phường Phú Thuận, Quận 7, Thành phố Hồ Chí Minh",Phường Phú Thuận,Quận 7,Thành phố Hồ Chí Minh,10.7255507,106.7339143,osm_node,high,OpenStreetMap,https://www.openstreetmap.org/node/4698549590,2026-09-20T14:14:03+07:00,
osm:way/715982251,benh_vien,Bệnh viện,Nhà Thuốc Tây Quàng Hòa,Thành phố Hồ Chí Minh,ward_from_boundary,Phường Bình Phú,27364,Thành phố Hồ Chí Minh,"Phường 11, Quận 6, Thành phố Hồ Chí Minh",Phường 11,Quận 6,Thành phố Hồ Chí Minh,10.7353073,106.6212215,osm_way_centroid,high,OpenStreetMap,https://www.openstreetmap.org/way/715982251,2026-09-20T14:14:03+07:00,
osm:node/12030710756,benh_vien,Bệnh viện,Phòng Khám Dr Vein,"2 Nội khu Mỹ Toàn 2, Phường Tân Hưng, Thành phố Hồ Chí Minh",street_from_osm,Phường Tân Hưng,27475,Thành phố Hồ Chí Minh,"Phường Tân Phong, Quận 7, Thành phố Hồ Chí Minh",Phường Tân Phong,Quận 7,Thành phố Hồ Chí Minh,10.7278961,106.7080164,osm_node,high,OpenStreetMap,https://www.openstreetmap.org/node/12030710756,2026-09-20T14:14:03+07:00,
osm:node/6953550385,benh_vien,Bệnh viện,Phòng Khám Đa Khoa An Phúc,"502-504 Đường Nguyễn Chí Thanh, Thành phố Hồ Chí Minh",street_from_osm,Phường Diên Hồng,27169,Thành phố Hồ Chí Minh,"Phường 6, Quận 10, Thành phố Hồ Chí Minh",Phường 6,Quận 10,Thành phố Hồ Chí Minh,10.7587193,106.6621153,osm_node,high,OpenStreetMap,https://www.openstreetmap.org/node/6953550385,2026-09-20T14:14:03+07:00,
osm:node/6336841552,benh_vien,Bệnh viện,Phòng Khám Đa Khoa Hữu Nghị,"501-503 Đường số 5, Thành phố Hồ Chí Minh",street_from_osm,Phường Gò Vấp,26884,Thành phố Hồ Chí Minh,"Phường 17, Quận Gò Vấp, Thành phố Hồ Chí Minh",Phường 17,Quận Gò Vấp,Thành phố Hồ Chí Minh,10.848021,106.6783081,osm_node,high,OpenStreetMap,https://www.openstreetmap.org/node/6336841552,2026-09-20T14:14:03+07:00,
osm:node/5436559246,benh_vien,Bệnh viện,Phòng Khám Đa Khoa Thế Giới,"648 Võ Văn Kiệt, 1, 5, Ho Chi Minh City",street_from_osm,Phường Chợ Quán,27301,Thành phố Hồ Chí Minh,"Phường 1, Quận 5, Thành phố Hồ Chí Minh",Phường 1,Quận 5,Thành phố Hồ Chí Minh,10.7519331,106.6843795,osm_node,high,OpenStreetMap,https://www.openstreetmap.org/node/5436559246,2026-09-20T14:14:03+07:00,
osm:node/4351238192,benh_vien,Bệnh viện,Phòng Thí Nghiệm - Kiểm Tra Sức Khoẻ,Thành phố Hồ Chí Minh,ward_from_boundary,Phường Chợ Quán,27301,Thành phố Hồ Chí Minh,"Phường 4, Quận 5, Thành phố Hồ Chí Minh",Phường 4,Quận 5,Thành phố Hồ Chí Minh,10.7603786,106.6798139,osm_node,high,OpenStreetMap,https://www.openstreetmap.org/node/4351238192,2026-09-20T14:14:03+07:00,
osm:node/13597856853,benh_vien,Bệnh viện,Phòng khám Medisen Thư An,"26 Đường Số 27, Phường Tân Phong, Quận 7, Phường Tân Phong",street_from_osm,Phường Tân Hưng,27475,Thành phố Hồ Chí Minh,"Phường Tân Phong, Quận 7, Thành phố Hồ Chí Minh",Phường Tân Phong,Quận 7,Thành phố Hồ Chí Minh,10.7366377,106.7130832,osm_node,high,OpenStreetMap,https://www.openstreetmap.org/node/13597856853,2026-09-20T14:14:03+07:00,
osm:node/13111877476,benh_vien,Bệnh viện,Phòng khám bác sĩ Hồ Cao Vũ,"2 Nội khu Mỹ Toàn 2, Phường Tân Hưng, Hồ Chí Minh",street_from_osm,Phường Tân Hưng,27475,Thành phố Hồ Chí Minh,"Phường Tân Phong, Quận 7, Thành phố Hồ Chí Minh",Phường Tân Phong,Quận 7,Thành phố Hồ Chí Minh,10.7278806,106.708011,osm_node,high,OpenStreetMap,https://www.openstreetmap.org/node/13111877476,2026-09-20T14:14:03+07:00,
osm:node/10170524317,benh_vien,Bệnh viện,Phòng khám đa khoa YHCT Thiên Phúc Đường,"148D Hoàng Diệu 2, Linh Trung, Quan Thu Duc, Phường Linh Chiểu",street_from_osm,Phường Thủ Đức,26824,Thành phố Hồ Chí Minh,"Phường Linh Chiểu, Thành phố Thủ Đức, Thành phố Hồ Chí Minh",Phường Linh Chiểu,Thành phố Thủ Đức,Thành phố Hồ Chí Minh,10.8558331,106.7665022,osm_node,high,OpenStreetMap,https://www.openstreetmap.org/node/10170524317,2026-09-20T14:14:03+07:00,
osm:node/6769858764,benh_vien,Bệnh viện,Phòng khám đa khoa quốc tế Nhân Hậu,"522-524-526 Đường Nguyễn Chí Thanh, Phường Diên Hồng, Ho Chi Minh City",street_from_osm,Phường Diên Hồng,27169,Thành phố Hồ Chí Minh,"Phường 6, Quận 10, Thành phố Hồ Chí Minh",Phường 6,Quận 10,Thành phố Hồ Chí Minh,10.7585783,106.6617832,osm_node,high,OpenStreetMap,https://www.openstreetmap.org/node/6769858764,2026-09-20T14:14:03+07:00,
osm:node/3098834445,benh_vien,Bệnh viện,Trung Tâm Chẩn Đoán Y Khoa Medic - BV Hòa Hảo,Thành phố Hồ Chí Minh,ward_from_boundary,Phường Vườn Lài,27190,Thành phố Hồ Chí Minh,"Phường 4, Quận 10, Thành phố Hồ Chí Minh",Phường 4,Quận 10,Thành phố Hồ Chí Minh,10.762528,106.6701859,osm_node,high,OpenStreetMap,https://www.openstreetmap.org/node/3098834445,2026-09-20T14:14:03+07:00,
osm:node/4981926121,benh_vien,Bệnh viện,Trung Tâm Hiến Múa Nhân Đạo,"Số 6, Thiên Phước, P9, Q. Tân Bình, Thành phố Hồ Chí Minh",street_from_osm,Phường Phú Thọ,27226,Thành phố Hồ Chí Minh,"Phường 15, Quận 11, Thành phố Hồ Chí Minh",Phường 15,Quận 11,Thành phố Hồ Chí Minh,10.775471,106.6559853,osm_node,high,OpenStreetMap,https://www.openstreetmap.org/node/4981926121,2026-09-20T14:14:03+07:00,
osm:node/947763632,benh_vien,Bệnh viện,Trung Tâm Y Tế Dự Phòng - Phòng Khám Tiêm Phòng,Thành phố Hồ Chí Minh,ward_from_boundary,Phường Xóm Chiếu,27259,Thành phố Hồ Chí Minh,"Phường 13, Quận 4, Thành phố Hồ Chí Minh",Phường 13,Quận 4,Thành phố Hồ Chí Minh,10.764268,106.707021,osm_node,high,OpenStreetMap,https://www.openstreetmap.org/node/947763632,2026-09-20T14:14:03+07:00,
osm:way/420287586,benh_vien,Bệnh viện,Trung tâm Y tế Dự phòng Quận 8,Thành phố Hồ Chí Minh,ward_from_boundary,Phường Phú Định,27427,Thành phố Hồ Chí Minh,"Phường Xóm Củi, Quận 8, Thành phố Hồ Chí Minh",Phường Xóm Củi,Quận 8,Thành phố Hồ Chí Minh,10.7480741,106.6633623,osm_way_centroid,high,OpenStreetMap,https://www.openstreetmap.org/way/420287586,2026-09-20T14:14:03+07:00,
osm:way/1469357721,benh_vien,Bệnh viện,Trung tâm Y tế Khu vực Chợ Lớn (Cơ sở 2),"591A Đường Nguyễn Trãi, Thành phố Hồ Chí Minh",street_from_osm,Phường An Đông,27316,Thành phố Hồ Chí Minh,"Phường 7, Quận 5, Thành phố Hồ Chí Minh",Phường 7,Quận 5,Thành phố Hồ Chí Minh,10.7538853,106.6669045,osm_way_centroid,high,OpenStreetMap,https://www.openstreetmap.org/way/1469357721,2026-09-20T14:14:03+07:00,
hosp:wikipedia_hospital_03_055,benh_vien,Bệnh viện,Trung tâm Y tế huyện Cần Giờ,"Trung tâm Y tế Huyện Cần Giờ, Lương Văn Nho, Khu phố Miễu Ba, Cần Giờ, Hồ Chí Minh",street_from_goong,Xã Cần Giờ,27664,Thành phố Hồ Chí Minh,"Lương Văn Nho, Khu phố Miễu Ba, Thị trấn Cần Thạnh, Huyện Cần Giờ, Thành phố Hồ Chí Minh",Thị trấn Cần Thạnh,Huyện Cần Giờ,Thành phố Hồ Chí Minh,10.4078635,106.9643211,goong_poi_point,high,vi.wikipedia.org + Goong,https://docs.goong.io/rest/geocode/,2026-09-20T14:14:03+07:00,
osm:way/986884996,benh_vien,Bệnh viện,Trung tâm Y tế khu vực Thủ Dầu Một,Thành phố Hồ Chí Minh,ward_from_boundary,Xã Bình Mỹ,27544,Thành phố Hồ Chí Minh,"Xã Bình Mỹ, Huyện Củ Chi, Thành phố Hồ Chí Minh",Xã Bình Mỹ,Huyện Củ Chi,Thành phố Hồ Chí Minh,10.9781083,106.6542386,osm_way_centroid,high,OpenStreetMap,https://www.openstreetmap.org/way/986884996,2026-09-20T14:14:03+07:00,
hosp:wikipedia_hospital_03_043,benh_vien,Bệnh viện,Trung tâm Y tế quận 10,"Trung tâm Y tế Quận 10, 403 Cách Mạng Tháng 8, Phường 13, Quận 10, Hồ Chí Minh",street_from_goong,Phường Nhiêu Lộc,27142,Thành phố Hồ Chí Minh,"403 Cách Mạng Tháng 8, Phường 13, Quận 10, Thành phố Hồ Chí Minh",Phường 13,Quận 10,Thành phố Hồ Chí Minh,10.780973047000032,106.67558563300008,goong_poi_point,high,vi.wikipedia.org + Goong,https://docs.goong.io/rest/geocode/,2026-09-20T14:14:03+07:00,
hosp:wikipedia_hospital_03_036,benh_vien,Bệnh viện,Trung tâm Y tế quận 3,"Trung Tâm Y Tế Quận 3, 116 Trần Quốc Thảo, Phường Võ Thị Sáu, Quận 3, Thành Phố Hồ Chí Minh",street_from_goong,Phường Xuân Hòa,27139,Thành phố Hồ Chí Minh,"116 Trần Quốc Thảo, Phường Võ Thị Sáu, Quận 3, Thành phố Hồ Chí Minh",Phường Võ Thị Sáu,Quận 3,Thành phố Hồ Chí Minh,10.784801,106.683835,goong_poi_point,high,vi.wikipedia.org + Goong,https://docs.goong.io/rest/geocode/,2026-09-20T14:14:03+07:00,
hosp:wikipedia_hospital_03_038,benh_vien,Bệnh viện,Trung tâm Y tế quận 5,"Trung tâm y tế quận 5, 136G Nguyễn Tri Phương, Phường 9, Quận 5, Hồ Chí Minh",street_from_goong,Phường An Đông,27316,Thành phố Hồ Chí Minh,"136G Nguyễn Tri Phương, Phường 9, Quận 5, Thành phố Hồ Chí Minh",Phường 9,Quận 5,Thành phố Hồ Chí Minh,10.758496273000048,106.66929503200004,goong_poi_point,high,vi.wikipedia.org + Goong,https://docs.goong.io/rest/geocode/,2026-09-20T14:14:03+07:00,
osm:way/291853364,benh_vien,Bệnh viện,Trung tâm Điều dưỡng Người bệnh Tâm Thần Thủ Đức,"37 Phú Châu, Thành phố Hồ Chí Minh",street_from_osm,Phường Tam Bình,26803,Thành phố Hồ Chí Minh,"Phường Tam Bình, Thành phố Thủ Đức, Thành phố Hồ Chí Minh",Phường Tam Bình,Thành phố Thủ Đức,Thành phố Hồ Chí Minh,10.8671055,106.7463839,osm_way_centroid,high,OpenStreetMap,https://www.openstreetmap.org/way/291853364,2026-09-20T14:14:03+07:00,
osm:node/7017574263,benh_vien,Bệnh viện,Trạm Y Tế Phường 7 Quận Phú Nhuận,Thành phố Hồ Chí Minh,ward_from_boundary,Phường Cầu Kiệu,27058,Thành phố Hồ Chí Minh,"Phường 7, Quận Phú Nhuận, Thành phố Hồ Chí Minh",Phường 7,Quận Phú Nhuận,Thành phố Hồ Chí Minh,10.8037745,106.6866028,osm_node,high,OpenStreetMap,https://www.openstreetmap.org/node/7017574263,2026-09-20T14:14:03+07:00,
osm:way/705136274,benh_vien,Bệnh viện,Trạm Y Tế phường Bình Hưng Hòa,"716 Tân Kỳ Tân Quý, Bình Hưng Hòa, Bình Tân, Phường Bình Hưng Hòa",street_from_osm,Phường Bình Hưng Hòa,27439,Thành phố Hồ Chí Minh,"Phường Bình Hưng Hòa A, Quận Bình Tân, Thành phố Hồ Chí Minh",Phường Bình Hưng Hòa A,Quận Bình Tân,Thành phố Hồ Chí Minh,10.7916713,106.6047985,osm_way_centroid,high,OpenStreetMap,https://www.openstreetmap.org/way/705136274,2026-09-20T14:14:03+07:00,
osm:way/1271884826,benh_vien,Bệnh viện,Trạm Y tế phường Bình Trưng Đông,Thành phố Hồ Chí Minh,ward_from_boundary,Phường Bình Trưng,27097,Thành phố Hồ Chí Minh,"Phường Bình Trưng Đông, Thành phố Thủ Đức, Thành phố Hồ Chí Minh",Phường Bình Trưng Đông,Thành phố Thủ Đức,Thành phố Hồ Chí Minh,10.7896008,106.7720079,osm_way_centroid,high,OpenStreetMap,https://www.openstreetmap.org/way/1271884826,2026-09-20T14:14:03+07:00,
osm:way/1087651849,benh_vien,Bệnh viện,Trạm Y tế phường Chợ Lớn,"642A Nguyễn Trãi, Phường Chợ Lớn, Thành phố Hồ Chí Minh",street_from_osm,Phường Chợ Lớn,27343,Thành phố Hồ Chí Minh,"Phường 11, Quận 5, Thành phố Hồ Chí Minh",Phường 11,Quận 5,Thành phố Hồ Chí Minh,10.7541267,106.665782,osm_way_centroid,high,OpenStreetMap,https://www.openstreetmap.org/way/1087651849,2026-09-20T14:14:03+07:00,
osm:way/314222713,benh_vien,Bệnh viện,Trạm y tế Phước Bình,Thành phố Hồ Chí Minh,ward_from_boundary,Phường Phước Long,26848,Thành phố Hồ Chí Minh,"Phường Phước Bình, Thành phố Thủ Đức, Thành phố Hồ Chí Minh",Phường Phước Bình,Thành phố Thủ Đức,Thành phố Hồ Chí Minh,10.8158227,106.7731278,osm_way_centroid,high,OpenStreetMap,https://www.openstreetmap.org/way/314222713,2026-09-20T14:14:03+07:00,
osm:way/432386630,benh_vien,Bệnh viện,Trạm y tế phường 9 quận 8,"8, Ho Chi Minh City",ward_from_boundary,Phường Chánh Hưng,27418,Thành phố Hồ Chí Minh,"Phường Hưng Phú, Quận 8, Thành phố Hồ Chí Minh",Phường Hưng Phú,Quận 8,Thành phố Hồ Chí Minh,10.745995,106.6701652,osm_way_centroid,high,OpenStreetMap,https://www.openstreetmap.org/way/432386630,2026-09-20T14:14:03+07:00,
osm:way/193092896,benh_vien,Bệnh viện,Viện Pasteur Thành phố Hồ Chí Minh,"167 Đường Pasteur, Thành phố Hồ Chí Minh",street_from_osm,Phường Xuân Hòa,27139,Thành phố Hồ Chí Minh,"Phường Võ Thị Sáu, Quận 3, Thành phố Hồ Chí Minh",Phường Võ Thị Sáu,Quận 3,Thành phố Hồ Chí Minh,10.7862639,106.688855,osm_way_centroid,high,OpenStreetMap,https://www.openstreetmap.org/way/193092896,2026-09-20T14:14:03+07:00,
hosp:wikipedia_hospital_03_027,benh_vien,Bệnh viện,Viện Tim,"Bệnh viện Tim Thành phố Hồ Chí Minh, 4 Dương Quang Trung, Phường 12, Quận 10, Hồ Chí Minh",street_from_goong,Phường Diên Hồng,27169,Thành phố Hồ Chí Minh,"4 Dương Quang Trung, Phường 12, Quận 10, Thành phố Hồ Chí Minh",Phường 12,Quận 10,Thành phố Hồ Chí Minh,10.773750731000064,106.66669631400003,goong_poi_point,high,vi.wikipedia.org + Goong,https://docs.goong.io/rest/geocode/,2026-09-20T14:14:03+07:00,
hosp:wikipedia_hospital_03_026,benh_vien,Bệnh viện,Viện Y dược học dân tộc,"Viện Y Dược học Dân tộc Thành phố Hồ Chí Minh, 273 Nguyễn Văn Trỗi, Phường 10, Phú Nhuận, Hồ Chí Minh",street_from_goong,Phường Phú Nhuận,27073,Thành phố Hồ Chí Minh,"273 Nguyễn Văn Trỗi, Phường 10, Quận Phú Nhuận, Thành phố Hồ Chí Minh",Phường 10,Quận Phú Nhuận,Thành phố Hồ Chí Minh,10.797434848000023,106.67138331800004,goong_poi_point,high,vi.wikipedia.org + Goong,https://docs.goong.io/rest/geocode/,2026-09-20T14:14:03+07:00,
osm:node/12522128792,benh_vien,Bệnh viện,Viện thấm mỹ Bác sĩ Minh,"126 Lê Hồng Phong, Phường 3, Quận 5, Ho Chi Minh City",street_from_osm,Phường Chợ Quán,27301,Thành phố Hồ Chí Minh,"Phường 2, Quận 5, Thành phố Hồ Chí Minh",Phường 2,Quận 5,Thành phố Hồ Chí Minh,10.7575935,106.6782304,osm_node,high,OpenStreetMap,https://www.openstreetmap.org/node/12522128792,2026-09-20T14:14:03+07:00,
osm:node/9585117683,benh_vien,Cơ sở y tế,Bệnh Viện Thẩm Mỹ Emcas,Thành phố Hồ Chí Minh,ward_from_boundary,Phường Hòa Hưng,27163,Thành phố Hồ Chí Minh,"Phường 12, Quận 10, Thành phố Hồ Chí Minh",Phường 12,Quận 10,Thành phố Hồ Chí Minh,10.776072,106.6742753,osm_node,high,OpenStreetMap,https://www.openstreetmap.org/node/9585117683,2026-09-20T14:14:03+07:00,
osm:node/9587618749,benh_vien,Cơ sở y tế,Family Medical Practice,Thành phố Hồ Chí Minh,ward_from_boundary,Phường An Khánh,27094,Thành phố Hồ Chí Minh,"Phường Thảo Điền, Thành phố Thủ Đức, Thành phố Hồ Chí Minh",Phường Thảo Điền,Thành phố Thủ Đức,Thành phố Hồ Chí Minh,10.8075755,106.7338567,osm_node,high,OpenStreetMap,https://www.openstreetmap.org/node/9587618749,2026-09-20T14:14:03+07:00,
osm:way/585932779,benh_vien,Cơ sở y tế,Phòng Khám Bệnh Viện Đại Học Y Dược 1,Thành phố Hồ Chí Minh,ward_from_boundary,Phường Diên Hồng,27169,Thành phố Hồ Chí Minh,"Phường 14, Quận 10, Thành phố Hồ Chí Minh",Phường 14,Quận 10,Thành phố Hồ Chí Minh,10.774235,106.6676024,osm_way_centroid,high,OpenStreetMap,https://www.openstreetmap.org/way/585932779,2026-09-20T14:14:03+07:00,
osm:node/9587300730,benh_vien,Cơ sở y tế,Phòng Khám Victoria,Thành phố Hồ Chí Minh,ward_from_boundary,Phường An Khánh,27094,Thành phố Hồ Chí Minh,"Phường An Khánh, Thành phố Thủ Đức, Thành phố Hồ Chí Minh",Phường An Khánh,Thành phố Thủ Đức,Thành phố Hồ Chí Minh,10.7863532,106.7313284,osm_node,high,OpenStreetMap,https://www.openstreetmap.org/node/9587300730,2026-09-20T14:14:03+07:00,
osm:node/9585091187,benh_vien,Cơ sở y tế,Phòng Khám Đa Khoa Hoàn Mỹ Sài Gòn,Thành phố Hồ Chí Minh,ward_from_boundary,Phường Tân Sơn Nhất,26968,Thành phố Hồ Chí Minh,"Phường 4, Quận Tân Bình, Thành phố Hồ Chí Minh",Phường 4,Quận Tân Bình,Thành phố Hồ Chí Minh,10.7973106,106.6591179,osm_node,high,OpenStreetMap,https://www.openstreetmap.org/node/9585091187,2026-09-20T14:14:03+07:00,
osm:node/9585117678,benh_vien,Cơ sở y tế,Phòng khám Y Khoa - Trung tâm XN và CĐ Y Khoa Medical Diag Center,Thành phố Hồ Chí Minh,ward_from_boundary,Phường Hòa Hưng,27163,Thành phố Hồ Chí Minh,"Phường 12, Quận 10, Thành phố Hồ Chí Minh",Phường 12,Quận 10,Thành phố Hồ Chí Minh,10.7752717,106.672759,osm_node,high,OpenStreetMap,https://www.openstreetmap.org/node/9585117678,2026-09-20T14:14:03+07:00,
osm:way/1153040545,benh_vien,Cơ sở y tế,Phòng khám đa khoa Pacific,"4B Đường Lê Quý Đôn, Phường 6, Quận 3, Thành Phố Hồ Chí Minh",street_from_osm,Phường Xuân Hòa,27139,Thành phố Hồ Chí Minh,"Phường Võ Thị Sáu, Quận 3, Thành phố Hồ Chí Minh",Phường Võ Thị Sáu,Quận 3,Thành phố Hồ Chí Minh,10.7798643,106.6926165,osm_way_centroid,high,OpenStreetMap,https://www.openstreetmap.org/way/1153040545,2026-09-20T14:14:03+07:00,
osm:node/9585108824,benh_vien,Cơ sở y tế,Thẩm Mỹ Viện AZ Nose,Thành phố Hồ Chí Minh,ward_from_boundary,Phường Vườn Lài,27190,Thành phố Hồ Chí Minh,"Phường 10, Quận 10, Thành phố Hồ Chí Minh",Phường 10,Quận 10,Thành phố Hồ Chí Minh,10.7704314,106.6723273,osm_node,high,OpenStreetMap,https://www.openstreetmap.org/node/9585108824,2026-09-20T14:14:03+07:00,
osm:node/13336316398,benh_vien,Cơ sở y tế,Tiêm chủng Long Châu,"372A Hà Huy Giáp, Khu phố 44, Phường An Phú Đông",street_from_osm,Phường An Phú Đông,26767,Thành phố Hồ Chí Minh,"Phường Thạnh Lộc, Quận 12, Thành phố Hồ Chí Minh",Phường Thạnh Lộc,Quận 12,Thành phố Hồ Chí Minh,10.8665959,106.6798955,osm_node,high,OpenStreetMap,https://www.openstreetmap.org/node/13336316398,2026-09-20T14:14:03+07:00,
osm:node/6316421552,benh_vien,Cơ sở y tế,Trung Tâm Chăm Sóc Sức Khoẻ Happy Plus Nhà Bè,Thành phố Hồ Chí Minh,ward_from_boundary,Xã Nhà Bè,27655,Thành phố Hồ Chí Minh,"Thị trấn Nhà Bè, Huyện Nhà Bè, Thành phố Hồ Chí Minh",Thị trấn Nhà Bè,Huyện Nhà Bè,Thành phố Hồ Chí Minh,10.6975718,106.7393303,osm_node,high,OpenStreetMap,https://www.openstreetmap.org/node/6316421552,2026-09-20T14:14:03+07:00,
osm:node/4489715502,benh_vien,Cơ sở y tế,Trung Tâm Chăm Sóc Sức Khoẻ Happy Sư Vạn Hạnh,"343/48 Sư Vạn Hạnh, Thành phố Hồ Chí Minh",street_from_osm,Phường Vườn Lài,27190,Thành phố Hồ Chí Minh,"Phường 10, Quận 10, Thành phố Hồ Chí Minh",Phường 10,Quận 10,Thành phố Hồ Chí Minh,10.7696445,106.669714,osm_node,high,OpenStreetMap,https://www.openstreetmap.org/node/4489715502,2026-09-20T14:14:03+07:00,
osm:node/11056123949,benh_vien,Cơ sở y tế,Trung Tâm Kiểm Soát Bệnh Tật Thành Phố Hồ Chí Minh (HCDC),"366A Âu Dương Lân, 3, 8, Ho Chi Minh City",street_from_osm,Phường Chánh Hưng,27418,Thành phố Hồ Chí Minh,"Phường Rạch Ông, Quận 8, Thành phố Hồ Chí Minh",Phường Rạch Ông,Quận 8,Thành phố Hồ Chí Minh,10.740889,106.685637,osm_node,high,OpenStreetMap,https://www.openstreetmap.org/node/11056123949,2026-09-20T14:14:03+07:00,
osm:node/9587253813,benh_vien,Cơ sở y tế,Trung Tâm Tiêm Chủng VNVC - Quận 7,Thành phố Hồ Chí Minh,ward_from_boundary,Phường Tân Mỹ,27487,Thành phố Hồ Chí Minh,"Phường Tân Phú, Quận 7, Thành phố Hồ Chí Minh",Phường Tân Phú,Quận 7,Thành phố Hồ Chí Minh,10.7287556,106.7214578,osm_node,high,OpenStreetMap,https://www.openstreetmap.org/node/9587253813,2026-09-20T14:14:03+07:00,
osm:node/9593196266,benh_vien,Cơ sở y tế,Trung Tâm Tiêm Chủng VNVC Quận 12,Thành phố Hồ Chí Minh,ward_from_boundary,Phường Trung Mỹ Tây,26785,Thành phố Hồ Chí Minh,"Phường Trung Mỹ Tây, Quận 12, Thành phố Hồ Chí Minh",Phường Trung Mỹ Tây,Quận 12,Thành phố Hồ Chí Minh,10.8485769,106.6137001,osm_node,high,OpenStreetMap,https://www.openstreetmap.org/node/9593196266,2026-09-20T14:14:03+07:00,
osm:node/9587493571,benh_vien,Cơ sở y tế,Trung tâm Xét nghiệm và Chuẩn đoán Y khoa Diag,Thành phố Hồ Chí Minh,ward_from_boundary,Phường An Khánh,27094,Thành phố Hồ Chí Minh,"Phường An Khánh, Thành phố Thủ Đức, Thành phố Hồ Chí Minh",Phường An Khánh,Thành phố Thủ Đức,Thành phố Hồ Chí Minh,10.7921455,106.7302946,osm_node,high,OpenStreetMap,https://www.openstreetmap.org/node/9587493571,2026-09-20T14:14:03+07:00,
osm:node/11407122680,benh_vien,Cơ sở y tế,Trung tâm Y khoa Bernard,"22 Phan Đình Giót, Phường 2, Tân Bình, Thành phố Hồ Chí Minh",street_from_osm,Phường Tân Sơn Hòa,26977,Thành phố Hồ Chí Minh,"Phường 2, Quận Tân Bình, Thành phố Hồ Chí Minh",Phường 2,Quận Tân Bình,Thành phố Hồ Chí Minh,10.804236,106.6649049,osm_node,high,OpenStreetMap,https://www.openstreetmap.org/node/11407122680,2026-09-20T14:14:03+07:00,
osm:node/13456334757,benh_vien,Cơ sở y tế,Trung tâm tiêm chủng VNVC,"97 Thạnh Lộc 19, Phường An Phú Đông, Thành phố Hồ Chí Minh",street_from_osm,Phường An Phú Đông,26767,Thành phố Hồ Chí Minh,"Phường Thạnh Lộc, Quận 12, Thành phố Hồ Chí Minh",Phường Thạnh Lộc,Quận 12,Thành phố Hồ Chí Minh,10.8662247,106.6810857,osm_node,high,OpenStreetMap,https://www.openstreetmap.org/node/13456334757,2026-09-20T14:14:03+07:00,
osm:node/9587300722,benh_vien,Cơ sở y tế,Trung tâm tiêm chủng VNVC - Bình Tân,Thành phố Hồ Chí Minh,ward_from_boundary,Phường An Lạc,27460,Thành phố Hồ Chí Minh,"Phường Bình Trị Đông B, Quận Bình Tân, Thành phố Hồ Chí Minh",Phường Bình Trị Đông B,Quận Bình Tân,Thành phố Hồ Chí Minh,10.7468595,106.6148971,osm_node,high,OpenStreetMap,https://www.openstreetmap.org/node/9587300722,2026-09-20T14:14:03+07:00,
osm:way/794216599,benh_vien,Cơ sở y tế,Trung tâm y tế dự phòng Quân 2,Thành phố Hồ Chí Minh,ward_from_boundary,Phường Bình Trưng,27097,Thành phố Hồ Chí Minh,"Phường Bình Trưng Tây, Thành phố Thủ Đức, Thành phố Hồ Chí Minh",Phường Bình Trưng Tây,Thành phố Thủ Đức,Thành phố Hồ Chí Minh,10.7829869,106.7573639,osm_way_centroid,high,OpenStreetMap,https://www.openstreetmap.org/way/794216599,2026-09-20T14:14:03+07:00,
osm:node/9586883311,benh_vien,Cơ sở y tế,VNVC Bình Chánh,Thành phố Hồ Chí Minh,ward_from_boundary,Xã Bình Hưng,27619,Thành phố Hồ Chí Minh,"Xã Bình Hưng, Huyện Bình Chánh, Thành phố Hồ Chí Minh",Xã Bình Hưng,Huyện Bình Chánh,Thành phố Hồ Chí Minh,10.7331418,106.689249,osm_node,high,OpenStreetMap,https://www.openstreetmap.org/node/9586883311,2026-09-20T14:14:03+07:00,
osm:node/9587493569,benh_vien,Cơ sở y tế,VNVC Bình Thạnh,Thành phố Hồ Chí Minh,ward_from_boundary,Phường Bình Thạnh,26929,Thành phố Hồ Chí Minh,"Phường 26, Quận Bình Thạnh, Thành phố Hồ Chí Minh",Phường 26,Quận Bình Thạnh,Thành phố Hồ Chí Minh,10.8163464,106.7062683,osm_node,high,OpenStreetMap,https://www.openstreetmap.org/node/9587493569,2026-09-20T14:14:03+07:00,
osm:node/9587171469,benh_vien,Cơ sở y tế,VNVC Thủ Đức,Thành phố Hồ Chí Minh,ward_from_boundary,Phường Thủ Đức,26824,Thành phố Hồ Chí Minh,"Phường Bình Thọ, Thành phố Thủ Đức, Thành phố Hồ Chí Minh",Phường Bình Thọ,Thành phố Thủ Đức,Thành phố Hồ Chí Minh,10.8443936,106.7630145,osm_node,high,OpenStreetMap,https://www.openstreetmap.org/node/9587171469,2026-09-20T14:14:03+07:00,
osm:way/1525476309,benh_vien,Phòng khám,724 Trần Hưng Đạo,"724 Đường Trần Hưng Ðạo, Thành phố Hồ Chí Minh",street_from_osm,Phường Chợ Quán,27301,Thành phố Hồ Chí Minh,"Phường 2, Quận 5, Thành phố Hồ Chí Minh",Phường 2,Quận 5,Thành phố Hồ Chí Minh,10.7545611,106.6775691,osm_way_centroid,high,OpenStreetMap,https://www.openstreetmap.org/way/1525476309,2026-09-20T14:14:03+07:00,
osm:node/9587268695,benh_vien,Phòng khám,Aura Clinic,"R1-96 Nội Khu Hưng Gia 2, Thành phố Hồ Chí Minh",street_from_osm,Phường Tân Hưng,27475,Thành phố Hồ Chí Minh,"Phường Tân Phong, Quận 7, Thành phố Hồ Chí Minh",Phường Tân Phong,Quận 7,Thành phố Hồ Chí Minh,10.7331899,106.7082987,osm_node,high,OpenStreetMap,https://www.openstreetmap.org/node/9587268695,2026-09-20T14:14:03+07:00,
osm:node/13597237901,benh_vien,Phòng khám,BS Mẫu Đơn,Thành phố Hồ Chí Minh,ward_from_boundary,Phường Linh Xuân,26800,Thành phố Hồ Chí Minh,"Phường Linh Xuân, Thành phố Thủ Đức, Thành phố Hồ Chí Minh",Phường Linh Xuân,Thành phố Thủ Đức,Thành phố Hồ Chí Minh,10.8724302,106.764772,osm_node,high,OpenStreetMap,https://www.openstreetmap.org/node/13597237901,2026-09-20T14:14:03+07:00,
osm:way/1444550399,benh_vien,Phòng khám,Bonedoc,"512 Đường Ngô Gia Tự, Thành phố Hồ Chí Minh",street_from_osm,Phường An Đông,27316,Thành phố Hồ Chí Minh,"Phường 9, Quận 5, Thành phố Hồ Chí Minh",Phường 9,Quận 5,Thành phố Hồ Chí Minh,10.7589251,106.6679132,osm_way_centroid,high,OpenStreetMap,https://www.openstreetmap.org/way/1444550399,2026-09-20T14:14:03+07:00,
osm:node/6811490331,benh_vien,Phòng khám,Bác Sĩ Da Liễu Võ Thị Bạch Sương,"123 Hòa Hưng, Thành phố Hồ Chí Minh",street_from_osm,Phường Hòa Hưng,27163,Thành phố Hồ Chí Minh,"Phường 13, Quận 10, Thành phố Hồ Chí Minh",Phường 13,Quận 10,Thành phố Hồ Chí Minh,10.7784526,106.6725978,osm_node,high,OpenStreetMap,https://www.openstreetmap.org/node/6811490331,2026-09-20T14:14:03+07:00,
osm:way/1463633171,benh_vien,Phòng khám,Bệnh viện Chuyên khoa Mắt Cao Thắng,"135-135B-137 Đường Trần Bình Trọng, Thành phố Hồ Chí Minh",street_from_osm,Phường Chợ Quán,27301,Thành phố Hồ Chí Minh,"Phường 2, Quận 5, Thành phố Hồ Chí Minh",Phường 2,Quận 5,Thành phố Hồ Chí Minh,10.7573182,106.6807553,osm_way_centroid,high,OpenStreetMap,https://www.openstreetmap.org/way/1463633171,2026-09-20T14:14:03+07:00,
osm:way/1444550204,benh_vien,Phòng khám,Bệnh viện Đa khoa Đức Khang,"500 Đường Ngô Gia Tự, Thành phố Hồ Chí Minh",street_from_osm,Phường An Đông,27316,Thành phố Hồ Chí Minh,"Phường 9, Quận 5, Thành phố Hồ Chí Minh",Phường 9,Quận 5,Thành phố Hồ Chí Minh,10.7593912,106.6682175,osm_way_centroid,high,OpenStreetMap,https://www.openstreetmap.org/way/1444550204,2026-09-20T14:14:03+07:00,
osm:node/14026247967,benh_vien,Phòng khám,Bồi An Đường,"310 Đường Trần Hưng Ðạo, Thành phố Hồ Chí Minh",street_from_osm,Phường Chợ Lớn,27343,Thành phố Hồ Chí Minh,"Phường 11, Quận 5, Thành phố Hồ Chí Minh",Phường 11,Quận 5,Thành phố Hồ Chí Minh,10.752204,106.662533,osm_node,high,OpenStreetMap,https://www.openstreetmap.org/node/14026247967,2026-09-20T14:14:03+07:00,
osm:way/801950722,benh_vien,Phòng khám,Centre Medical International,"1 Hàn Thuyên, Thành phố Hồ Chí Minh",street_from_osm,Phường Sài Gòn,26740,Thành phố Hồ Chí Minh,"Phường Bến Nghé, Quận 1, Thành phố Hồ Chí Minh",Phường Bến Nghé,Quận 1,Thành phố Hồ Chí Minh,10.7792719,106.6987366,osm_way_centroid,high,OpenStreetMap,https://www.openstreetmap.org/way/801950722,2026-09-20T14:14:03+07:00,
osm:way/1473579995,benh_vien,Phòng khám,Chac,"110A Đường Ngô Quyền, Thành phố Hồ Chí Minh",street_from_osm,Phường Chợ Lớn,27343,Thành phố Hồ Chí Minh,"Phường 11, Quận 5, Thành phố Hồ Chí Minh",Phường 11,Quận 5,Thành phố Hồ Chí Minh,10.7544369,106.6666237,osm_way_centroid,high,OpenStreetMap,https://www.openstreetmap.org/way/1473579995,2026-09-20T14:14:03+07:00,
osm:way/1463054019,benh_vien,Phòng khám,Dr. Hải Lê,"552-554 Đường Trần Hưng Ðạo, Thành phố Hồ Chí Minh",street_from_osm,Phường Chợ Quán,27301,Thành phố Hồ Chí Minh,"Phường 2, Quận 5, Thành phố Hồ Chí Minh",Phường 2,Quận 5,Thành phố Hồ Chí Minh,10.7554509,106.6807706,osm_way_centroid,high,OpenStreetMap,https://www.openstreetmap.org/way/1463054019,2026-09-20T14:14:03+07:00,
osm:way/1463053984,benh_vien,Phòng khám,Dr. Tùng,"46D Đường Lê Hồng Phong, Thành phố Hồ Chí Minh",street_from_osm,Phường Chợ Quán,27301,Thành phố Hồ Chí Minh,"Phường 2, Quận 5, Thành phố Hồ Chí Minh",Phường 2,Quận 5,Thành phố Hồ Chí Minh,10.7549992,106.678989,osm_way_centroid,high,OpenStreetMap,https://www.openstreetmap.org/way/1463053984,2026-09-20T14:14:03+07:00,
osm:way/1536253271,benh_vien,Phòng khám,Eyes,"990 Đường Trần Hưng Ðạo, Thành phố Hồ Chí Minh",street_from_osm,Phường An Đông,27316,Thành phố Hồ Chí Minh,"Phường 7, Quận 5, Thành phố Hồ Chí Minh",Phường 7,Quận 5,Thành phố Hồ Chí Minh,10.7531271,106.6721653,osm_way_centroid,high,OpenStreetMap,https://www.openstreetmap.org/way/1536253271,2026-09-20T14:14:03+07:00,
osm:way/1525682053,benh_vien,Phòng khám,Haco VN,"48 Đường Huỳnh Mẫn Đạt, Thành phố Hồ Chí Minh",street_from_osm,Phường Chợ Quán,27301,Thành phố Hồ Chí Minh,"Phường 2, Quận 5, Thành phố Hồ Chí Minh",Phường 2,Quận 5,Thành phố Hồ Chí Minh,10.7548501,106.6768162,osm_way_centroid,high,OpenStreetMap,https://www.openstreetmap.org/way/1525682053,2026-09-20T14:14:03+07:00,
osm:node/6383115286,benh_vien,Phòng khám,Hiếu Tâm Eye Wear Store,Thành phố Hồ Chí Minh,ward_from_boundary,Phường Bến Thành,26743,Thành phố Hồ Chí Minh,"Phường Bến Thành, Quận 1, Thành phố Hồ Chí Minh",Phường Bến Thành,Quận 1,Thành phố Hồ Chí Minh,10.7743134,106.6974766,osm_node,high,OpenStreetMap,https://www.openstreetmap.org/node/6383115286,2026-09-20T14:14:03+07:00,
osm:way/1493380343,benh_vien,Phòng khám,Hoàn Cầu,"80-82 Đường Châu Văn Liêm, Thành phố Hồ Chí Minh",street_from_osm,Phường Chợ Lớn,27343,Thành phố Hồ Chí Minh,"Phường 14, Quận 5, Thành phố Hồ Chí Minh",Phường 14,Quận 5,Thành phố Hồ Chí Minh,10.7526718,106.6590648,osm_way_centroid,high,OpenStreetMap,https://www.openstreetmap.org/way/1493380343,2026-09-20T14:14:03+07:00,
osm:way/1529700672,benh_vien,Phòng khám,Hà Tuấn Khánh,"349/1 Đường Nguyễn Trãi, Thành phố Hồ Chí Minh",street_from_osm,Phường An Đông,27316,Thành phố Hồ Chí Minh,"Phường 7, Quận 5, Thành phố Hồ Chí Minh",Phường 7,Quận 5,Thành phố Hồ Chí Minh,10.7555867,106.6749751,osm_way_centroid,high,OpenStreetMap,https://www.openstreetmap.org/way/1529700672,2026-09-20T14:14:03+07:00,
osm:node/6772848762,benh_vien,Phòng khám,Hồng An Đường Phòng Khám Y Học Cổ Truyền,"Đường Nguyễn Du, Thành phố Hồ Chí Minh",street_from_osm,Phường An Nhơn,26876,Thành phố Hồ Chí Minh,"Phường 5, Quận Gò Vấp, Thành phố Hồ Chí Minh",Phường 5,Quận Gò Vấp,Thành phố Hồ Chí Minh,10.8256042,106.6856816,osm_node,high,OpenStreetMap,https://www.openstreetmap.org/node/6772848762,2026-09-20T14:14:03+07:00,
osm:way/1444550305,benh_vien,Phòng khám,Khám phụ khoa Minh Phúc,"137A1 Đường Nguyễn Chí Thanh, Thành phố Hồ Chí Minh",street_from_osm,Phường An Đông,27316,Thành phố Hồ Chí Minh,"Phường 9, Quận 5, Thành phố Hồ Chí Minh",Phường 9,Quận 5,Thành phố Hồ Chí Minh,10.7593021,106.666883,osm_way_centroid,high,OpenStreetMap,https://www.openstreetmap.org/way/1444550305,2026-09-20T14:14:03+07:00,
osm:node/8149536115,benh_vien,Phòng khám,KidCare Phòng Khám Nhi Đồng,Thành phố Hồ Chí Minh,ward_from_boundary,Phường An Hội Đông,26878,Thành phố Hồ Chí Minh,"Phường 16, Quận Gò Vấp, Thành phố Hồ Chí Minh",Phường 16,Quận Gò Vấp,Thành phố Hồ Chí Minh,10.8491586,106.6567041,osm_node,high,OpenStreetMap,https://www.openstreetmap.org/node/8149536115,2026-09-20T14:14:03+07:00,
osm:way/1531436980,benh_vien,Phòng khám,Lê Hoàng Ninh,"313/8-10 Đường Nguyễn Trãi, Thành phố Hồ Chí Minh",street_from_osm,Phường An Đông,27316,Thành phố Hồ Chí Minh,"Phường 7, Quận 5, Thành phố Hồ Chí Minh",Phường 7,Quận 5,Thành phố Hồ Chí Minh,10.7556661,106.6756903,osm_way_centroid,high,OpenStreetMap,https://www.openstreetmap.org/way/1531436980,2026-09-20T14:14:03+07:00,
osm:way/1551376085,benh_vien,Phòng khám,Lê Phi Long,"44 Đường Ký Hòa, Thành phố Hồ Chí Minh",street_from_osm,Phường Chợ Lớn,27343,Thành phố Hồ Chí Minh,"Phường 11, Quận 5, Thành phố Hồ Chí Minh",Phường 11,Quận 5,Thành phố Hồ Chí Minh,10.7545263,106.6612794,osm_way_centroid,high,OpenStreetMap,https://www.openstreetmap.org/way/1551376085,2026-09-20T14:14:03+07:00,
osm:way/1529700703,benh_vien,Phòng khám,Lý Thị Thu Vân,"128/1 Đường Bùi Hữu Nghĩa, Thành phố Hồ Chí Minh",street_from_osm,Phường An Đông,27316,Thành phố Hồ Chí Minh,"Phường 7, Quận 5, Thành phố Hồ Chí Minh",Phường 7,Quận 5,Thành phố Hồ Chí Minh,10.7553714,106.6745756,osm_way_centroid,high,OpenStreetMap,https://www.openstreetmap.org/way/1529700703,2026-09-20T14:14:03+07:00,
osm:way/1463633169,benh_vien,Phòng khám,Medpadiag,"141 Đường Trần Bình Trọng, Thành phố Hồ Chí Minh",street_from_osm,Phường Chợ Quán,27301,Thành phố Hồ Chí Minh,"Phường 2, Quận 5, Thành phố Hồ Chí Minh",Phường 2,Quận 5,Thành phố Hồ Chí Minh,10.7574837,106.6807251,osm_way_centroid,high,OpenStreetMap,https://www.openstreetmap.org/way/1463633169,2026-09-20T14:14:03+07:00,
osm:way/1456717187,benh_vien,Phòng khám,Minh Nam,"44 Đường Phước Hưng, Thành phố Hồ Chí Minh",street_from_osm,Phường An Đông,27316,Thành phố Hồ Chí Minh,"Phường 7, Quận 5, Thành phố Hồ Chí Minh",Phường 7,Quận 5,Thành phố Hồ Chí Minh,10.7555667,106.6687946,osm_way_centroid,high,OpenStreetMap,https://www.openstreetmap.org/way/1456717187,2026-09-20T14:14:03+07:00,
osm:way/1551376070,benh_vien,Phòng khám,Nam Long,"18A Đường Ký Hòa, Thành phố Hồ Chí Minh",street_from_osm,Phường Chợ Lớn,27343,Thành phố Hồ Chí Minh,"Phường 11, Quận 5, Thành phố Hồ Chí Minh",Phường 11,Quận 5,Thành phố Hồ Chí Minh,10.7545332,106.6621941,osm_way_centroid,high,OpenStreetMap,https://www.openstreetmap.org/way/1551376070,2026-09-20T14:14:03+07:00,
osm:way/1559934736,benh_vien,Phòng khám,Nguyễn Ngọc Hoa,"61 Đường Tản Đà, Thành phố Hồ Chí Minh",street_from_osm,Phường Chợ Lớn,27343,Thành phố Hồ Chí Minh,"Phường 11, Quận 5, Thành phố Hồ Chí Minh",Phường 11,Quận 5,Thành phố Hồ Chí Minh,10.7519277,106.6642967,osm_way_centroid,high,OpenStreetMap,https://www.openstreetmap.org/way/1559934736,2026-09-20T14:14:03+07:00,
osm:way/1533234115,benh_vien,Phòng khám,Nguyễn Quốc Thắng,"580 Đường Phan Văn Trị, Thành phố Hồ Chí Minh",street_from_osm,Phường An Đông,27316,Thành phố Hồ Chí Minh,"Phường 7, Quận 5, Thành phố Hồ Chí Minh",Phường 7,Quận 5,Thành phố Hồ Chí Minh,10.7545675,106.6738266,osm_way_centroid,high,OpenStreetMap,https://www.openstreetmap.org/way/1533234115,2026-09-20T14:14:03+07:00,
osm:way/1532551016,benh_vien,Phòng khám,Nguyễn Thị Cẩm Hường,"323 Đường Phan Văn Trị, Thành phố Hồ Chí Minh",street_from_osm,Phường Chợ Quán,27301,Thành phố Hồ Chí Minh,"Phường 2, Quận 5, Thành phố Hồ Chí Minh",Phường 2,Quận 5,Thành phố Hồ Chí Minh,10.7556365,106.6778245,osm_way_centroid,high,OpenStreetMap,https://www.openstreetmap.org/way/1532551016,2026-09-20T14:14:03+07:00,
osm:way/1473780194,benh_vien,Phòng khám,Nguyễn Tất Thắng,"1057 Đường Nguyễn Trãi, Thành phố Hồ Chí Minh",street_from_osm,Phường Chợ Lớn,27343,Thành phố Hồ Chí Minh,"Phường 14, Quận 5, Thành phố Hồ Chí Minh",Phường 14,Quận 5,Thành phố Hồ Chí Minh,10.7530109,106.6511718,osm_way_centroid,high,OpenStreetMap,https://www.openstreetmap.org/way/1473780194,2026-09-20T14:14:03+07:00,
osm:way/1456717178,benh_vien,Phòng khám,Phòng Chẩn trị Y học Cổ truyền 555,"4 Đường Phước Hưng, Thành phố Hồ Chí Minh",street_from_osm,Phường An Đông,27316,Thành phố Hồ Chí Minh,"Phường 7, Quận 5, Thành phố Hồ Chí Minh",Phường 7,Quận 5,Thành phố Hồ Chí Minh,10.7548282,106.6689471,osm_way_centroid,high,OpenStreetMap,https://www.openstreetmap.org/way/1456717178,2026-09-20T14:14:03+07:00,
osm:node/4603181493,benh_vien,Phòng khám,Phòng Khám Cao Bá Nhạ,Thành phố Hồ Chí Minh,ward_from_boundary,Phường Cầu Ông Lãnh,26758,Thành phố Hồ Chí Minh,"Phường Cô Giang, Quận 1, Thành phố Hồ Chí Minh",Phường Cô Giang,Quận 1,Thành phố Hồ Chí Minh,10.7629993,106.6903313,osm_node,high,OpenStreetMap,https://www.openstreetmap.org/node/4603181493,2026-09-20T14:14:03+07:00,
osm:node/14045811516,benh_vien,Phòng khám,Phòng Khám Hiệp Lợi - Chuyên Cơ Xương Khớp,"262/3 Lũy Bán Bích, Tân Phú, Thành phố Hồ Chí Minh",street_from_osm,Phường Phú Thạnh,27028,Thành phố Hồ Chí Minh,"Phường Hiệp Tân, Quận Tân Phú, Thành phố Hồ Chí Minh",Phường Hiệp Tân,Quận Tân Phú,Thành phố Hồ Chí Minh,10.7726685,106.6326597,osm_node,high,OpenStreetMap,https://www.openstreetmap.org/node/14045811516,2026-09-20T14:14:03+07:00,
osm:node/12878285660,benh_vien,Phòng khám,Phòng Khám Nhi Đồng 315,"180 Đường Hải Thượng Lãn Ông, Thành phố Hồ Chí Minh",street_from_osm,Phường Chợ Lớn,27343,Thành phố Hồ Chí Minh,"Phường 13, Quận 5, Thành phố Hồ Chí Minh",Phường 13,Quận 5,Thành phố Hồ Chí Minh,10.7508046,106.659441,osm_node,high,OpenStreetMap,https://www.openstreetmap.org/node/12878285660,2026-09-20T14:14:03+07:00,
osm:way/1115082340,benh_vien,Phòng khám,Phòng Khám Nội Tổng Quát Bs Nguyễn Ngọc Quang,"60 Dân Chủ, Thành phố Hồ Chí Minh",street_from_osm,Phường Thủ Đức,26824,Thành phố Hồ Chí Minh,"Phường Bình Thọ, Thành phố Thủ Đức, Thành phố Hồ Chí Minh",Phường Bình Thọ,Thành phố Thủ Đức,Thành phố Hồ Chí Minh,10.8492686,106.7670911,osm_way_centroid,high,OpenStreetMap,https://www.openstreetmap.org/way/1115082340,2026-09-20T14:14:03+07:00,
osm:way/1548568093,benh_vien,Phòng khám,Phòng Khám Đa Khoa Kiến Thành,"3 Đường 28A, Thành phố Hồ Chí Minh",street_from_osm,Phường An Lạc,27460,Thành phố Hồ Chí Minh,"Phường Bình Trị Đông B, Quận Bình Tân, Thành phố Hồ Chí Minh",Phường Bình Trị Đông B,Quận Bình Tân,Thành phố Hồ Chí Minh,10.7539202,106.6140633,osm_way_centroid,high,OpenStreetMap,https://www.openstreetmap.org/way/1548568093,2026-09-20T14:14:03+07:00,
osm:node/6315672837,benh_vien,Phòng khám,Phòng Khám Đa Khoa Quốc Tế Vinmec Sài Gòn,Thành phố Hồ Chí Minh,ward_from_boundary,Phường Sài Gòn,26740,Thành phố Hồ Chí Minh,"Phường Đa Kao, Quận 1, Thành phố Hồ Chí Minh",Phường Đa Kao,Quận 1,Thành phố Hồ Chí Minh,10.7855135,106.6984477,osm_node,high,OpenStreetMap,https://www.openstreetmap.org/node/6315672837,2026-09-20T14:14:03+07:00,
osm:way/1153818778,benh_vien,Phòng khám,Phòng Khám Đa Khoa Quốc Tế Yersin,"10 Đường Trương Định, Phường 6, Quận 3, Thành Phố Hồ Chí Minh",street_from_osm,Phường Bến Thành,26743,Thành phố Hồ Chí Minh,"Phường Bến Thành, Quận 1, Thành phố Hồ Chí Minh",Phường Bến Thành,Quận 1,Thành phố Hồ Chí Minh,10.7765792,106.6913559,osm_way_centroid,high,OpenStreetMap,https://www.openstreetmap.org/way/1153818778,2026-09-20T14:14:03+07:00,
osm:node/5598916948,benh_vien,Phòng khám,Phòng Khám Đa Khoa Vietlife,"583 Sư Vạn Hạnh, Thành phố Hồ Chí Minh",street_from_osm,Phường Hòa Hưng,27163,Thành phố Hồ Chí Minh,"Phường 13, Quận 10, Thành phố Hồ Chí Minh",Phường 13,Quận 10,Thành phố Hồ Chí Minh,10.7770563,106.666008,osm_node,high,OpenStreetMap,https://www.openstreetmap.org/node/5598916948,2026-09-20T14:14:03+07:00,
osm:node/6406557897,benh_vien,Phòng khám,Phòng Khám Đa khoa Đại Học Nguyễn Tất Thành,Thành phố Hồ Chí Minh,ward_from_boundary,Phường Xóm Chiếu,27259,Thành phố Hồ Chí Minh,"Phường 13, Quận 4, Thành phố Hồ Chí Minh",Phường 13,Quận 4,Thành phố Hồ Chí Minh,10.7615427,106.709619,osm_node,high,OpenStreetMap,https://www.openstreetmap.org/node/6406557897,2026-09-20T14:14:03+07:00,
osm:node/13963848456,benh_vien,Phòng khám,Phòng chẩn trị YHCT Minh Quân,"138 Đường Liên Ấp 2-3-4, xã Bình Chánh, TP Hồ Chính Minh",street_from_osm,Xã Bình Chánh,27637,Thành phố Hồ Chí Minh,"Xã Tân Quý Tây, Huyện Bình Chánh, Thành phố Hồ Chí Minh",Xã Tân Quý Tây,Huyện Bình Chánh,Thành phố Hồ Chí Minh,10.6600743,106.5869643,osm_node,high,OpenStreetMap,https://www.openstreetmap.org/node/13963848456,2026-09-20T14:14:03+07:00,
osm:way/1532742909,benh_vien,Phòng khám,Phòng khám Chuyên khoa Chấn thương Chỉnh hình,"342 Đường Phan Văn Trị, Thành phố Hồ Chí Minh",street_from_osm,Phường Chợ Quán,27301,Thành phố Hồ Chí Minh,"Phường 2, Quận 5, Thành phố Hồ Chí Minh",Phường 2,Quận 5,Thành phố Hồ Chí Minh,10.7558451,106.6777657,osm_way_centroid,high,OpenStreetMap,https://www.openstreetmap.org/way/1532742909,2026-09-20T14:14:03+07:00,
osm:way/1539963925,benh_vien,Phòng khám,Phòng khám Chuyên khoa Chẩn đoán Hình ảnh Việt Nhật - Trần Hưng Đạo,"218 Đường Trần Hưng Ðạo, Thành phố Hồ Chí Minh",street_from_osm,Phường Chợ Lớn,27343,Thành phố Hồ Chí Minh,"Phường 11, Quận 5, Thành phố Hồ Chí Minh",Phường 11,Quận 5,Thành phố Hồ Chí Minh,10.7525634,106.6655822,osm_way_centroid,high,OpenStreetMap,https://www.openstreetmap.org/way/1539963925,2026-09-20T14:14:03+07:00,
osm:way/1525476346,benh_vien,Phòng khám,Phòng khám Chấn thương - Chỉnh hình 696,"696 Đường Trần Hưng Ðạo, Thành phố Hồ Chí Minh",street_from_osm,Phường Chợ Quán,27301,Thành phố Hồ Chí Minh,"Phường 2, Quận 5, Thành phố Hồ Chí Minh",Phường 2,Quận 5,Thành phố Hồ Chí Minh,10.7547035,106.6780974,osm_way_centroid,high,OpenStreetMap,https://www.openstreetmap.org/way/1525476346,2026-09-20T14:14:03+07:00,
osm:node/13897981064,benh_vien,Phòng khám,Phòng khám Chấn thương Chỉnh hình,"56 Đường Trần Hưng Ðạo, Thành phố Hồ Chí Minh",street_from_osm,Phường An Đông,27316,Thành phố Hồ Chí Minh,"Phường 7, Quận 5, Thành phố Hồ Chí Minh",Phường 7,Quận 5,Thành phố Hồ Chí Minh,10.7529363,106.6706717,osm_node,high,OpenStreetMap,https://www.openstreetmap.org/node/13897981064,2026-09-20T14:14:03+07:00,
osm:way/1491399173,benh_vien,Phòng khám,Phòng khám Mắt BS. Kiệt,"805 Đường Nguyễn Trãi, Thành phố Hồ Chí Minh",street_from_osm,Phường Chợ Lớn,27343,Thành phố Hồ Chí Minh,"Phường 14, Quận 5, Thành phố Hồ Chí Minh",Phường 14,Quận 5,Thành phố Hồ Chí Minh,10.7528113,106.658239,osm_way_centroid,high,OpenStreetMap,https://www.openstreetmap.org/way/1491399173,2026-09-20T14:14:03+07:00,
osm:node/9586952124,benh_vien,Phòng khám,Phòng khám Nhi Khoa Nancy,Thành phố Hồ Chí Minh,ward_from_boundary,Phường Chợ Quán,27301,Thành phố Hồ Chí Minh,"Phường 1, Quận 5, Thành phố Hồ Chí Minh",Phường 1,Quận 5,Thành phố Hồ Chí Minh,10.7563127,106.6851589,osm_node,high,OpenStreetMap,https://www.openstreetmap.org/node/9586952124,2026-09-20T14:14:03+07:00,
osm:way/804925976,benh_vien,Phòng khám,Phòng khám Nhi đồng Thành phố,Thành phố Hồ Chí Minh,ward_from_boundary,Phường Sài Gòn,26740,Thành phố Hồ Chí Minh,"Phường Bến Nghé, Quận 1, Thành phố Hồ Chí Minh",Phường Bến Nghé,Quận 1,Thành phố Hồ Chí Minh,10.7795075,106.7027355,osm_way_centroid,high,OpenStreetMap,https://www.openstreetmap.org/way/804925976,2026-09-20T14:14:03+07:00,
osm:node/11438719434,benh_vien,Phòng khám,Phòng khám Phụ sản 315,Thành phố Hồ Chí Minh,ward_from_boundary,Phường Tân Bình,27004,Thành phố Hồ Chí Minh,"Phường 14, Quận Tân Bình, Thành phố Hồ Chí Minh",Phường 14,Quận Tân Bình,Thành phố Hồ Chí Minh,10.79218,106.6427491,osm_node,high,OpenStreetMap,https://www.openstreetmap.org/node/11438719434,2026-09-20T14:14:03+07:00,
osm:way/1435603828,benh_vien,Phòng khám,Phòng khám Song An Healthcare,"2D Đường Phạm Hữu Chí, Thành phố Hồ Chí Minh",street_from_osm,Phường Chợ Lớn,27343,Thành phố Hồ Chí Minh,"Phường 12, Quận 5, Thành phố Hồ Chí Minh",Phường 12,Quận 5,Thành phố Hồ Chí Minh,10.7569546,106.662629,osm_way_centroid,high,OpenStreetMap,https://www.openstreetmap.org/way/1435603828,2026-09-20T14:14:03+07:00,
osm:node/4809174022,benh_vien,Phòng khám,Phòng khám Sản Phụ khoa - BS Khánh Từ Dũ,"134/40 Đoàn Văn Bơ, Thành phố Hồ Chí Minh",street_from_osm,Phường Khánh Hội,27265,Thành phố Hồ Chí Minh,"Phường 8, Quận 4, Thành phố Hồ Chí Minh",Phường 8,Quận 4,Thành phố Hồ Chí Minh,10.7626579,106.7035202,osm_node,high,OpenStreetMap,https://www.openstreetmap.org/node/4809174022,2026-09-20T14:14:03+07:00,
osm:way/1435603818,benh_vien,Phòng khám,Phòng khám Sản phụ khoa Phương Ngoan,"2G Đường Lý Thường Kiệt, Thành phố Hồ Chí Minh",street_from_osm,Phường Chợ Lớn,27343,Thành phố Hồ Chí Minh,"Phường 12, Quận 5, Thành phố Hồ Chí Minh",Phường 12,Quận 5,Thành phố Hồ Chí Minh,10.7571274,106.6621334,osm_way_centroid,high,OpenStreetMap,https://www.openstreetmap.org/way/1435603818,2026-09-20T14:14:03+07:00,
osm:node/6645934385,benh_vien,Phòng khám,Phòng khám Tuệ Lãn,"210/11E Đường Cách Mạng Tháng Tám, Thành phố Hồ Chí Minh",street_from_osm,Phường Nhiêu Lộc,27142,Thành phố Hồ Chí Minh,"Phường 9, Quận 3, Thành phố Hồ Chí Minh",Phường 9,Quận 3,Thành phố Hồ Chí Minh,10.7800623,106.6786844,osm_node,high,OpenStreetMap,https://www.openstreetmap.org/node/6645934385,2026-09-20T14:14:03+07:00,
osm:node/4742335223,benh_vien,Phòng khám,Phòng khám Victoria Healthcare,"Nguyễn Văn Trỗi, Thành phố Hồ Chí Minh",street_from_osm,Phường Phú Nhuận,27073,Thành phố Hồ Chí Minh,"Phường 11, Quận Phú Nhuận, Thành phố Hồ Chí Minh",Phường 11,Quận Phú Nhuận,Thành phố Hồ Chí Minh,10.794274,106.6773511,osm_node,high,OpenStreetMap,https://www.openstreetmap.org/node/4742335223,2026-09-20T14:14:03+07:00,
osm:node/9584833464,benh_vien,Phòng khám,Phòng khám quốc tế Victoria Healthcare,Thành phố Hồ Chí Minh,ward_from_boundary,Phường Sài Gòn,26740,Thành phố Hồ Chí Minh,"Phường Đa Kao, Quận 1, Thành phố Hồ Chí Minh",Phường Đa Kao,Quận 1,Thành phố Hồ Chí Minh,10.7889134,106.699228,osm_node,high,OpenStreetMap,https://www.openstreetmap.org/node/9584833464,2026-09-20T14:14:03+07:00,
osm:node/11494702068,benh_vien,Phòng khám,Phòng khám Đa khoa Phước Linh,Thành phố Hồ Chí Minh,ward_from_boundary,Phường Bình Hưng Hòa,27439,Thành phố Hồ Chí Minh,"Phường Bình Hưng Hòa, Quận Bình Tân, Thành phố Hồ Chí Minh",Phường Bình Hưng Hòa,Quận Bình Tân,Thành phố Hồ Chí Minh,10.813747,106.6019597,osm_node,high,OpenStreetMap,https://www.openstreetmap.org/node/11494702068,2026-09-20T14:14:03+07:00,
osm:way/806860820,benh_vien,Phòng khám,Phòng khám Đa khoa Quốc tế Sài Gòn,"9-15 Trịnh Văn Cấn, Thành phố Hồ Chí Minh",street_from_osm,Phường Bến Thành,26743,Thành phố Hồ Chí Minh,"Phường Cầu Ông Lãnh, Quận 1, Thành phố Hồ Chí Minh",Phường Cầu Ông Lãnh,Quận 1,Thành phố Hồ Chí Minh,10.7672164,106.6966307,osm_way_centroid,high,OpenStreetMap,https://www.openstreetmap.org/way/806860820,2026-09-20T14:14:03+07:00,
osm:way/1435603819,benh_vien,Phòng khám,Phòng khám Đa khoa Trọng Nghĩa,"2F Đường Lý Thường Kiệt, Thành phố Hồ Chí Minh",street_from_osm,Phường Chợ Lớn,27343,Thành phố Hồ Chí Minh,"Phường 12, Quận 5, Thành phố Hồ Chí Minh",Phường 12,Quận 5,Thành phố Hồ Chí Minh,10.7570897,106.662141,osm_way_centroid,high,OpenStreetMap,https://www.openstreetmap.org/way/1435603819,2026-09-20T14:14:03+07:00,
osm:node/10910879301,benh_vien,Phòng khám,Phòng khám Đa khoa Viện Gút,"13A Hồng Hà, Ward 2, Tan Binh, Thành phố Hồ Chí Minh",street_from_osm,Phường Tân Sơn Hòa,26977,Thành phố Hồ Chí Minh,"Phường 2, Quận Tân Bình, Thành phố Hồ Chí Minh",Phường 2,Quận Tân Bình,Thành phố Hồ Chí Minh,10.8132305,106.6690362,osm_node,high,OpenStreetMap,https://www.openstreetmap.org/node/10910879301,2026-09-20T14:14:03+07:00,
osm:way/420287562,benh_vien,Phòng khám,Phòng khám đa khoa Xóm Củi,"379 Tùng Thiện Vương, 12, 8, Phường 12",street_from_osm,Phường Phú Định,27427,Thành phố Hồ Chí Minh,"Phường Xóm Củi, Quận 8, Thành phố Hồ Chí Minh",Phường Xóm Củi,Quận 8,Thành phố Hồ Chí Minh,10.745478,106.6590068,osm_way_centroid,high,OpenStreetMap,https://www.openstreetmap.org/way/420287562,2026-09-20T14:14:03+07:00,
osm:way/1014035885,benh_vien,Phòng khám,Phòng khám đa khoa khu vực An Bình,Thành phố Hồ Chí Minh,ward_from_boundary,Phường Linh Xuân,26800,Thành phố Hồ Chí Minh,"Phường Linh Tây, Thành phố Thủ Đức, Thành phố Hồ Chí Minh",Phường Linh Tây,Thành phố Thủ Đức,Thành phố Hồ Chí Minh,10.8740602,106.7554846,osm_way_centroid,medium,OpenStreetMap,https://www.openstreetmap.org/way/1014035885,2026-09-20T14:14:03+07:00,
osm:node/10743482323,benh_vien,Phòng khám,Phòng y tế,Thành phố Hồ Chí Minh,ward_from_boundary,Phường Tân Hưng,27475,Thành phố Hồ Chí Minh,"Phường Tân Phong, Quận 7, Thành phố Hồ Chí Minh",Phường Tân Phong,Quận 7,Thành phố Hồ Chí Minh,10.7316148,106.6979743,osm_node,high,OpenStreetMap,https://www.openstreetmap.org/node/10743482323,2026-09-20T14:14:03+07:00,
osm:way/1539963899,benh_vien,Phòng khám,Phục Sanh Đường,"218L Đường Trần Hưng Ðạo, Thành phố Hồ Chí Minh",street_from_osm,Phường Chợ Lớn,27343,Thành phố Hồ Chí Minh,"Phường 11, Quận 5, Thành phố Hồ Chí Minh",Phường 11,Quận 5,Thành phố Hồ Chí Minh,10.7525686,106.6656562,osm_way_centroid,high,OpenStreetMap,https://www.openstreetmap.org/way/1539963899,2026-09-20T14:14:03+07:00,
osm:node/2672659276,benh_vien,Phòng khám,Santa Clinic,Thành phố Hồ Chí Minh,ward_from_boundary,Phường Thạnh Mỹ Tây,26956,Thành phố Hồ Chí Minh,"Phường 22, Quận Bình Thạnh, Thành phố Hồ Chí Minh",Phường 22,Quận Bình Thạnh,Thành phố Hồ Chí Minh,10.793578,106.717871,osm_node,high,OpenStreetMap,https://www.openstreetmap.org/node/2672659276,2026-09-20T14:14:03+07:00,
osm:way/1551376005,benh_vien,Phòng khám,Sen An,"20D Đường Ký Hòa, Thành phố Hồ Chí Minh",street_from_osm,Phường Chợ Lớn,27343,Thành phố Hồ Chí Minh,"Phường 11, Quận 5, Thành phố Hồ Chí Minh",Phường 11,Quận 5,Thành phố Hồ Chí Minh,10.7544734,106.6621242,osm_way_centroid,high,OpenStreetMap,https://www.openstreetmap.org/way/1551376005,2026-09-20T14:14:03+07:00,
osm:node/13667388819,benh_vien,Phòng khám,Thiên Phước,"798D Đường Nguyễn Trãi, Thành phố Hồ Chí Minh",street_from_osm,Phường Chợ Lớn,27343,Thành phố Hồ Chí Minh,"Phường 14, Quận 5, Thành phố Hồ Chí Minh",Phường 14,Quận 5,Thành phố Hồ Chí Minh,10.753063,106.6581348,osm_node,high,OpenStreetMap,https://www.openstreetmap.org/node/13667388819,2026-09-20T14:14:03+07:00,
osm:way/1540713694,benh_vien,Phòng khám,Thái Hòa,"60B-62 Đường Tản Đà, Thành phố Hồ Chí Minh",street_from_osm,Phường Chợ Lớn,27343,Thành phố Hồ Chí Minh,"Phường 11, Quận 5, Thành phố Hồ Chí Minh",Phường 11,Quận 5,Thành phố Hồ Chí Minh,10.7524623,106.6645269,osm_way_centroid,high,OpenStreetMap,https://www.openstreetmap.org/way/1540713694,2026-09-20T14:14:03+07:00,
osm:node/13679642001,benh_vien,Phòng khám,Tokyo family clinic,"127 Hồng Hà, Thành phố Hồ Chí Minh",street_from_osm,Phường Đức Nhuận,27043,Thành phố Hồ Chí Minh,"Phường 9, Quận Phú Nhuận, Thành phố Hồ Chí Minh",Phường 9,Quận Phú Nhuận,Thành phố Hồ Chí Minh,10.809956,106.672519,osm_node,high,OpenStreetMap,https://www.openstreetmap.org/node/13679642001,2026-09-20T14:14:03+07:00,
osm:way/1481721925,benh_vien,Phòng khám,Trung Dung,"993 Đường Nguyễn Trãi, Thành phố Hồ Chí Minh",street_from_osm,Phường Chợ Lớn,27343,Thành phố Hồ Chí Minh,"Phường 14, Quận 5, Thành phố Hồ Chí Minh",Phường 14,Quận 5,Thành phố Hồ Chí Minh,10.7525759,106.652924,osm_way_centroid,high,OpenStreetMap,https://www.openstreetmap.org/way/1481721925,2026-09-20T14:14:03+07:00,
osm:node/7094702393,benh_vien,Phòng khám,Trung Tâm Bảo Vệ Sức Khoẻ Lao Động,Thành phố Hồ Chí Minh,ward_from_boundary,Phường Sài Gòn,26740,Thành phố Hồ Chí Minh,"Phường Đa Kao, Quận 1, Thành phố Hồ Chí Minh",Phường Đa Kao,Quận 1,Thành phố Hồ Chí Minh,10.7905774,106.6978689,osm_node,high,OpenStreetMap,https://www.openstreetmap.org/node/7094702393,2026-09-20T14:14:03+07:00,
osm:way/684359470,benh_vien,Phòng khám,Trung Tâm Cai Nghiện Ấp An Nghĩa,Thành phố Hồ Chí Minh,ward_from_boundary,Xã An Thới Đông,27673,Thành phố Hồ Chí Minh,"Xã An Thới Đông, Huyện Cần Giờ, Thành phố Hồ Chí Minh",Xã An Thới Đông,Huyện Cần Giờ,Thành phố Hồ Chí Minh,10.5446871,106.8433359,osm_way_centroid,high,OpenStreetMap,https://www.openstreetmap.org/way/684359470,2026-09-20T14:14:03+07:00,
osm:node/4548017594,benh_vien,Phòng khám,"Trung Tâm Y Tế -  Phường 13, Quận 11",Thành phố Hồ Chí Minh,ward_from_boundary,Phường Phú Thọ,27226,Thành phố Hồ Chí Minh,"Phường 11, Quận 11, Thành phố Hồ Chí Minh",Phường 11,Quận 11,Thành phố Hồ Chí Minh,10.7626922,106.6525954,osm_node,high,OpenStreetMap,https://www.openstreetmap.org/node/4548017594,2026-09-20T14:14:03+07:00,
osm:way/504157834,benh_vien,Phòng khám,Trung tâm Y tế khu vực Bình Chánh,"100 Tân Túc, Thành phố Hồ Chí Minh",street_from_osm,Xã Tân Nhựt,27595,Thành phố Hồ Chí Minh,"Thị trấn Tân Túc, Huyện Bình Chánh, Thành phố Hồ Chí Minh",Thị trấn Tân Túc,Huyện Bình Chánh,Thành phố Hồ Chí Minh,10.6914162,106.5850549,osm_way_centroid,high,OpenStreetMap,https://www.openstreetmap.org/way/504157834,2026-09-20T14:14:03+07:00,
osm:way/1044668058,benh_vien,Phòng khám,Trung tâm Y tế khu vực Bình Thạnh,"99/6 Hẻm 99 Nơ Trang Long, Thành phố Hồ Chí Minh",street_from_osm,Phường Gia Định,26944,Thành phố Hồ Chí Minh,"Phường 7, Quận Bình Thạnh, Thành phố Hồ Chí Minh",Phường 7,Quận Bình Thạnh,Thành phố Hồ Chí Minh,10.8109015,106.6947361,osm_way_centroid,high,OpenStreetMap,https://www.openstreetmap.org/way/1044668058,2026-09-20T14:14:03+07:00,
osm:way/606556315,benh_vien,Phòng khám,Trung tâm Y tế khu vực Bình Tân,"1014/88/1 Hẻm 1014/88 Tân Kỳ Tân Quý, Thành phố Hồ Chí Minh",street_from_osm,Phường Bình Hưng Hòa,27439,Thành phố Hồ Chí Minh,"Phường Bình Hưng Hòa A, Quận Bình Tân, Thành phố Hồ Chí Minh",Phường Bình Hưng Hòa A,Quận Bình Tân,Thành phố Hồ Chí Minh,10.7917416,106.597438,osm_way_centroid,high,OpenStreetMap,https://www.openstreetmap.org/way/606556315,2026-09-20T14:14:03+07:00,
osm:way/1044673702,benh_vien,Phòng khám,Trung tâm Y tế khu vực Gò Vấp,"662-664-666 Lê Đức Thọ, Thành phố Hồ Chí Minh",street_from_osm,Phường Gò Vấp,26884,Thành phố Hồ Chí Minh,"Phường 17, Quận Gò Vấp, Thành phố Hồ Chí Minh",Phường 17,Quận Gò Vấp,Thành phố Hồ Chí Minh,10.8460074,106.6720282,osm_way_centroid,high,OpenStreetMap,https://www.openstreetmap.org/way/1044673702,2026-09-20T14:14:03+07:00,
osm:way/532651460,benh_vien,Phòng khám,Trung tâm Y tế khu vực Nhà Bè,"1 Đường số 18, Thành phố Hồ Chí Minh",street_from_osm,Xã Nhà Bè,27655,Thành phố Hồ Chí Minh,"Xã Phú Xuân, Huyện Nhà Bè, Thành phố Hồ Chí Minh",Xã Phú Xuân,Huyện Nhà Bè,Thành phố Hồ Chí Minh,10.6768565,106.7354036,osm_way_centroid,high,OpenStreetMap,https://www.openstreetmap.org/way/532651460,2026-09-20T14:14:03+07:00,
osm:way/136495081,benh_vien,Phòng khám,Trung tâm Y tế khu vực Phú Nhuận,"23 Nguyễn Văn Đậu, Thành phố Hồ Chí Minh",street_from_osm,Phường Đức Nhuận,27043,Thành phố Hồ Chí Minh,"Phường 5, Quận Phú Nhuận, Thành phố Hồ Chí Minh",Phường 5,Quận Phú Nhuận,Thành phố Hồ Chí Minh,10.8050679,106.6868109,osm_way_centroid,high,OpenStreetMap,https://www.openstreetmap.org/way/136495081,2026-09-20T14:14:03+07:00,
osm:way/907749120,benh_vien,Phòng khám,Trung tâm Y tế khu vực Thủ Đức,"48A Tăng Nhơn Phú, Thành phố Hồ Chí Minh",street_from_osm,Phường Tăng Nhơn Phú,26842,Thành phố Hồ Chí Minh,"Phường Tăng Nhơn Phú B, Thành phố Thủ Đức, Thành phố Hồ Chí Minh",Phường Tăng Nhơn Phú B,Thành phố Thủ Đức,Thành phố Hồ Chí Minh,10.8333163,106.7799848,osm_way_centroid,high,OpenStreetMap,https://www.openstreetmap.org/way/907749120,2026-09-20T14:14:03+07:00,
osm:way/1229638771,benh_vien,Phòng khám,Trung tâm Y tế khu vực Tân Bình,"12 Tân Hải, Thành phố Hồ Chí Minh",street_from_osm,Phường Tân Bình,27004,Thành phố Hồ Chí Minh,"Phường 13, Quận Tân Bình, Thành phố Hồ Chí Minh",Phường 13,Quận Tân Bình,Thành phố Hồ Chí Minh,10.8006643,106.6401341,osm_way_centroid,high,OpenStreetMap,https://www.openstreetmap.org/way/1229638771,2026-09-20T14:14:03+07:00,
osm:way/606556313,benh_vien,Phòng khám,Trung tâm Y tế khu vực Tân Phú,"83/1 Hẻm 83 Vườn Lài, Thành phố Hồ Chí Minh",street_from_osm,Phường Phú Thọ Hòa,27022,Thành phố Hồ Chí Minh,"Phường Tân Thành, Quận Tân Phú, Thành phố Hồ Chí Minh",Phường Tân Thành,Quận Tân Phú,Thành phố Hồ Chí Minh,10.7872611,106.6335262,osm_way_centroid,high,OpenStreetMap,https://www.openstreetmap.org/way/606556313,2026-09-20T14:14:03+07:00,
osm:way/1023277568,benh_vien,Phòng khám,Trung tâm y tế Thành phố Thủ Đức - Cơ sở 3,Thành phố Hồ Chí Minh,ward_from_boundary,Phường Linh Xuân,26800,Thành phố Hồ Chí Minh,"Phường Linh Tây, Thành phố Thủ Đức, Thành phố Hồ Chí Minh",Phường Linh Tây,Thành phố Thủ Đức,Thành phố Hồ Chí Minh,10.8543951,106.7546852,osm_way_centroid,high,OpenStreetMap,https://www.openstreetmap.org/way/1023277568,2026-09-20T14:14:03+07:00,
osm:node/4548017645,benh_vien,Phòng khám,Trạm Y Tế Phường 14 Quận 6,"137 bis Đường Tân Hòa Đông, 14, 6, Ho Chi Minh City",street_from_osm,Phường Phú Lâm,27349,Thành phố Hồ Chí Minh,"Phường 14, Quận 6, Thành phố Hồ Chí Minh",Phường 14,Quận 6,Thành phố Hồ Chí Minh,10.759215,106.629618,osm_node,high,OpenStreetMap,https://www.openstreetmap.org/node/4548017645,2026-09-20T14:14:03+07:00,
osm:way/1144380320,benh_vien,Phòng khám,Trạm Y Tế Phường Dĩ An,Thành phố Hồ Chí Minh,ward_from_boundary,Phường Linh Xuân,26800,Thành phố Hồ Chí Minh,"Phường Linh Xuân, Thành phố Thủ Đức, Thành phố Hồ Chí Minh",Phường Linh Xuân,Thành phố Thủ Đức,Thành phố Hồ Chí Minh,10.9056572,106.7699734,osm_way_centroid,medium,OpenStreetMap,https://www.openstreetmap.org/way/1144380320,2026-09-20T14:14:03+07:00,
osm:node/3049905420,benh_vien,Phòng khám,Trạm Y Tế Phường Linh Chiểu,"2 Chương Dương, Thành phố Hồ Chí Minh",street_from_osm,Phường Thủ Đức,26824,Thành phố Hồ Chí Minh,"Phường Linh Chiểu, Thành phố Thủ Đức, Thành phố Hồ Chí Minh",Phường Linh Chiểu,Thành phố Thủ Đức,Thành phố Hồ Chí Minh,10.8510831,106.7599561,osm_node,high,OpenStreetMap,https://www.openstreetmap.org/node/3049905420,2026-09-20T14:14:03+07:00,
osm:way/1115082344,benh_vien,Phòng khám,Trạm Y Tế Phường Linh Chiểu,Thành phố Hồ Chí Minh,ward_from_boundary,Phường Thủ Đức,26824,Thành phố Hồ Chí Minh,"Phường Linh Chiểu, Thành phố Thủ Đức, Thành phố Hồ Chí Minh",Phường Linh Chiểu,Thành phố Thủ Đức,Thành phố Hồ Chí Minh,10.8547328,106.7645435,osm_way_centroid,high,OpenStreetMap,https://www.openstreetmap.org/way/1115082344,2026-09-20T14:14:03+07:00,
osm:way/1115082328,benh_vien,Phòng khám,Trạm Y Tế Phường Linh Trung,Thành phố Hồ Chí Minh,ward_from_boundary,Phường Linh Xuân,26800,Thành phố Hồ Chí Minh,"Phường Linh Trung, Thành phố Thủ Đức, Thành phố Hồ Chí Minh",Phường Linh Trung,Thành phố Thủ Đức,Thành phố Hồ Chí Minh,10.8646123,106.7619449,osm_way_centroid,high,OpenStreetMap,https://www.openstreetmap.org/way/1115082328,2026-09-20T14:14:03+07:00,
osm:node/4582296797,benh_vien,Phòng khám,Trạm Y Tế Phường Tân Thới Hòa,"149/23 Lý Thánh Tông, Tân Thới Hòa, Tân Phú, Ho Chi Minh City",street_from_osm,Phường Phú Thạnh,27028,Thành phố Hồ Chí Minh,"Phường Tân Thới Hòa, Quận Tân Phú, Thành phố Hồ Chí Minh",Phường Tân Thới Hòa,Quận Tân Phú,Thành phố Hồ Chí Minh,10.7654613,106.6258808,osm_node,high,OpenStreetMap,https://www.openstreetmap.org/node/4582296797,2026-09-20T14:14:03+07:00,
osm:way/1456906150,benh_vien,Phòng khám,Trạm Y Tế xã Quy Đức,Thành phố Hồ Chí Minh,ward_from_boundary,Xã Hưng Long,27628,Thành phố Hồ Chí Minh,"Xã Qui Đức, Huyện Bình Chánh, Thành phố Hồ Chí Minh",Xã Qui Đức,Huyện Bình Chánh,Thành phố Hồ Chí Minh,10.6489184,106.649901,osm_way_centroid,high,OpenStreetMap,https://www.openstreetmap.org/way/1456906150,2026-09-20T14:14:03+07:00,
osm:way/290403938,benh_vien,Phòng khám,Trạm Y tế,Thành phố Hồ Chí Minh,ward_from_boundary,Phường Tăng Nhơn Phú,26842,Thành phố Hồ Chí Minh,"Phường Tân Phú, Thành phố Thủ Đức, Thành phố Hồ Chí Minh",Phường Tân Phú,Thành phố Thủ Đức,Thành phố Hồ Chí Minh,10.8779977,106.8076874,osm_way_centroid,medium,OpenStreetMap,https://www.openstreetmap.org/way/290403938,2026-09-20T14:14:03+07:00,
osm:node/4563552019,benh_vien,Phòng khám,Trạm Y tế Phường 1 Quận 11,"8/32 Tân Hoá, 1, 11, Ho Chi Minh City",street_from_osm,Phường Minh Phụng,27238,Thành phố Hồ Chí Minh,"Phường 1, Quận 11, Thành phố Hồ Chí Minh",Phường 1,Quận 11,Thành phố Hồ Chí Minh,10.7564534,106.6384396,osm_node,high,OpenStreetMap,https://www.openstreetmap.org/node/4563552019,2026-09-20T14:14:03+07:00,
osm:node/4548017646,benh_vien,Phòng khám,"Trạm Y tế Phường 9, Quận Tân Bình","238 Âu Cơ, 9, Tân Bình, Ho Chi Minh City",street_from_osm,Phường Tân Hòa,26995,Thành phố Hồ Chí Minh,"Phường 9, Quận Tân Bình, Thành phố Hồ Chí Minh",Phường 9,Quận Tân Bình,Thành phố Hồ Chí Minh,10.7723581,106.6497831,osm_node,high,OpenStreetMap,https://www.openstreetmap.org/node/4548017646,2026-09-20T14:14:03+07:00,
osm:way/682199575,benh_vien,Phòng khám,Trạm Y tế phường 1,Thành phố Hồ Chí Minh,ward_from_boundary,Phường Vĩnh Hội,27286,Thành phố Hồ Chí Minh,"Phường 1, Quận 4, Thành phố Hồ Chí Minh",Phường 1,Quận 4,Thành phố Hồ Chí Minh,10.7547314,106.6913028,osm_way_centroid,high,OpenStreetMap,https://www.openstreetmap.org/way/682199575,2026-09-20T14:14:03+07:00,
osm:way/906434467,benh_vien,Phòng khám,Trạm Y tế phường 13,"21 Bình Lợi, Phường 13, Quận Bình Thạnh, Phường 13",street_from_osm,Phường Bình Lợi Trung,26905,Thành phố Hồ Chí Minh,"Phường 13, Quận Bình Thạnh, Thành phố Hồ Chí Minh",Phường 13,Quận Bình Thạnh,Thành phố Hồ Chí Minh,10.8263905,106.7062064,osm_way_centroid,high,OpenStreetMap,https://www.openstreetmap.org/way/906434467,2026-09-20T14:14:03+07:00,
osm:way/1308615193,benh_vien,Phòng khám,Trạm Y tế phường 14,"397 Đường Phan Huy Ích, Phường 14, Gò Vấp, Phường 14",street_from_osm,Phường An Hội Tây,26882,Thành phố Hồ Chí Minh,"Phường 14, Quận Gò Vấp, Thành phố Hồ Chí Minh",Phường 14,Quận Gò Vấp,Thành phố Hồ Chí Minh,10.8424301,106.6382067,osm_way_centroid,high,OpenStreetMap,https://www.openstreetmap.org/way/1308615193,2026-09-20T14:14:03+07:00,
osm:way/682415580,benh_vien,Phòng khám,Trạm Y tế phường 5,Thành phố Hồ Chí Minh,ward_from_boundary,Phường Cầu Ông Lãnh,26758,Thành phố Hồ Chí Minh,"Phường Cô Giang, Quận 1, Thành phố Hồ Chí Minh",Phường Cô Giang,Quận 1,Thành phố Hồ Chí Minh,10.7602008,106.6965043,osm_way_centroid,high,OpenStreetMap,https://www.openstreetmap.org/way/682415580,2026-09-20T14:14:03+07:00,
osm:way/1313916563,benh_vien,Phòng khám,Trạm Y tế phường 5,"18 Đường Số 1, Phường 5, Quận 8, Phường 5",street_from_osm,Phường Bình Đông,27424,Thành phố Hồ Chí Minh,"Phường 5, Quận 8, Thành phố Hồ Chí Minh",Phường 5,Quận 8,Thành phố Hồ Chí Minh,10.7369528,106.6665149,osm_way_centroid,high,OpenStreetMap,https://www.openstreetmap.org/way/1313916563,2026-09-20T14:14:03+07:00,
osm:way/687727978,benh_vien,Phòng khám,Trạm Y tế phường 7,"Hẻm 2683 Phạm Thế Hiển, Phường 7, Quận 8, Thành phố Hồ Chí Minh",street_from_osm,Phường Phú Định,27427,Thành phố Hồ Chí Minh,"Phường 15, Quận 8, Thành phố Hồ Chí Minh",Phường 15,Quận 8,Thành phố Hồ Chí Minh,10.7257684,106.6375316,osm_way_centroid,high,OpenStreetMap,https://www.openstreetmap.org/way/687727978,2026-09-20T14:14:03+07:00,
osm:way/1210579559,benh_vien,Phòng khám,Trạm Y tế phường 8,"958/24K Hẻm 958 Lò Gốm, Phường 8, Quận 6, Phường 8",street_from_osm,Phường Bình Tiên,27373,Thành phố Hồ Chí Minh,"Phường 8, Quận 6, Thành phố Hồ Chí Minh",Phường 8,Quận 6,Thành phố Hồ Chí Minh,10.7442701,106.6401487,osm_way_centroid,high,OpenStreetMap,https://www.openstreetmap.org/way/1210579559,2026-09-20T14:14:03+07:00,
osm:way/907749180,benh_vien,Phòng khám,Trạm Y tế phường Bình Thới (điểm chính),"72A Đường số 5, Phường Bình Thới, Thành phố Hồ Chí Minh",street_from_osm,Phường Bình Thới,27232,Thành phố Hồ Chí Minh,"Phường 8, Quận 11, Thành phố Hồ Chí Minh",Phường 8,Quận 11,Thành phố Hồ Chí Minh,10.7603615,106.6478293,osm_way_centroid,high,OpenStreetMap,https://www.openstreetmap.org/way/907749180,2026-09-20T14:14:03+07:00,
osm:way/1544394455,benh_vien,Phòng khám,Trạm Y tế phường Bình Thới (điểm y tế 1),"238/18A Hẻm 238 Đội Cung, Phường Bình Thới, Thành phố Hồ Chí Minh",street_from_osm,Phường Bình Thới,27232,Thành phố Hồ Chí Minh,"Phường 10, Quận 11, Thành phố Hồ Chí Minh",Phường 10,Quận 11,Thành phố Hồ Chí Minh,10.7630108,106.6456108,osm_way_centroid,high,OpenStreetMap,https://www.openstreetmap.org/way/1544394455,2026-09-20T14:14:03+07:00,
osm:way/1306624210,benh_vien,Phòng khám,Trạm Y tế phường Cát Lái,"705/2 Hẻm 705 Nguyễn Thị Định, Cát Lái, Thủ Đức, Phường Cát Lái",street_from_osm,Phường Bình Trưng,27097,Thành phố Hồ Chí Minh,"Phường Bình Trưng Đông, Thành phố Thủ Đức, Thành phố Hồ Chí Minh",Phường Bình Trưng Đông,Thành phố Thủ Đức,Thành phố Hồ Chí Minh,10.7746668,106.7702595,osm_way_centroid,high,OpenStreetMap,https://www.openstreetmap.org/way/1306624210,2026-09-20T14:14:03+07:00,
osm:way/1314190872,benh_vien,Phòng khám,Trạm Y tế phường Linh Đông,"48 Đường Lý Tế Xuyên, Phường Linh Đông, Thành phố Thủ Đức, Phường Linh Đông",street_from_osm,Phường Tam Bình,26803,Thành phố Hồ Chí Minh,"Phường Tam Phú, Thành phố Thủ Đức, Thành phố Hồ Chí Minh",Phường Tam Phú,Thành phố Thủ Đức,Thành phố Hồ Chí Minh,10.8554468,106.7475289,osm_way_centroid,high,OpenStreetMap,https://www.openstreetmap.org/way/1314190872,2026-09-20T14:14:03+07:00,
osm:way/456499254,benh_vien,Phòng khám,Trạm Y tế phường Phú Lâm,Thành phố Hồ Chí Minh,ward_from_boundary,Phường Phú Lâm,27349,Thành phố Hồ Chí Minh,"Phường 13, Quận 6, Thành phố Hồ Chí Minh",Phường 13,Quận 6,Thành phố Hồ Chí Minh,10.7542213,106.6295615,osm_way_centroid,high,OpenStreetMap,https://www.openstreetmap.org/way/456499254,2026-09-20T14:14:03+07:00,
osm:way/471462340,benh_vien,Phòng khám,Trạm Y tế phường Phú Thọ,"62/13 Đường số 2, Phường Phú Thọ, Thành phố Hồ Chí Minh",street_from_osm,Phường Tân Hòa,26995,Thành phố Hồ Chí Minh,"Phường 9, Quận Tân Bình, Thành phố Hồ Chí Minh",Phường 9,Quận Tân Bình,Thành phố Hồ Chí Minh,10.7718118,106.6536929,osm_way_centroid,high,OpenStreetMap,https://www.openstreetmap.org/way/471462340,2026-09-20T14:14:03+07:00,
osm:way/693895939,benh_vien,Phòng khám,Trạm Y tế phường Thạnh Mỹ Lợi,"564 Trương Gia Mô, phường Thạnh Mỹ Lợi, Quận 2, TP. Hồ Chí Minh",street_from_osm,Phường Cát Lái,27112,Thành phố Hồ Chí Minh,"Phường Thạnh Mỹ Lợi, Thành phố Thủ Đức, Thành phố Hồ Chí Minh",Phường Thạnh Mỹ Lợi,Thành phố Thủ Đức,Thành phố Hồ Chí Minh,10.7704356,106.7699485,osm_way_centroid,high,OpenStreetMap,https://www.openstreetmap.org/way/693895939,2026-09-20T14:14:03+07:00,
osm:way/549509805,benh_vien,Phòng khám,Trạm Y tế phường Tân Hưng Thuận,"Tân Hưng Thuận, 12, Hồ Chí Minh",ward_from_boundary,Phường Đông Hưng Thuận,26791,Thành phố Hồ Chí Minh,"Phường Đông Hưng Thuận, Quận 12, Thành phố Hồ Chí Minh",Phường Đông Hưng Thuận,Quận 12,Thành phố Hồ Chí Minh,10.8409152,106.6241701,osm_way_centroid,high,OpenStreetMap,https://www.openstreetmap.org/way/549509805,2026-09-20T14:14:03+07:00,
osm:node/12690298852,benh_vien,Phòng khám,Trạm Y tế phường Tân Phong,"946 Nguyễn Văn Linh, Thành phố Hồ Chí Minh",street_from_osm,Phường Tân Hưng,27475,Thành phố Hồ Chí Minh,"Phường Tân Phong, Quận 7, Thành phố Hồ Chí Minh",Phường Tân Phong,Quận 7,Thành phố Hồ Chí Minh,10.7293745,106.7102084,osm_node,high,OpenStreetMap,https://www.openstreetmap.org/node/12690298852,2026-09-20T14:14:03+07:00,
osm:way/1546527729,benh_vien,Phòng khám,Trạm Y tế phường Tân Thới Hiệp,Thành phố Hồ Chí Minh,ward_from_boundary,Phường Tân Thới Hiệp,26782,Thành phố Hồ Chí Minh,"Phường Hiệp Thành, Quận 12, Thành phố Hồ Chí Minh",Phường Hiệp Thành,Quận 12,Thành phố Hồ Chí Minh,10.8789633,106.638542,osm_way_centroid,high,OpenStreetMap,https://www.openstreetmap.org/way/1546527729,2026-09-20T14:14:03+07:00,
osm:way/1313270546,benh_vien,Phòng khám,Trạm Y tế phường Tân Tạo A,"Đường Số 2, Phường Tân Tạo A, Quận Bình Tân, Phường Tân Tạo A",street_from_osm,Phường Bình Tân,27442,Thành phố Hồ Chí Minh,"Phường Tân Tạo, Quận Bình Tân, Thành phố Hồ Chí Minh",Phường Tân Tạo,Quận Bình Tân,Thành phố Hồ Chí Minh,10.7510348,106.5918017,osm_way_centroid,high,OpenStreetMap,https://www.openstreetmap.org/way/1313270546,2026-09-20T14:14:03+07:00,
osm:way/1309226749,benh_vien,Phòng khám,Trạm Y tế phường Tây Thạnh,"200/14 Hẻm 200 Nguyễn Hữu Tiến, Phường Tây Thạnh, Quận Tân Phú, Phường Tây Thạnh",street_from_osm,Phường Tây Thạnh,27013,Thành phố Hồ Chí Minh,"Phường Tây Thạnh, Quận Tân Phú, Thành phố Hồ Chí Minh",Phường Tây Thạnh,Quận Tân Phú,Thành phố Hồ Chí Minh,10.8131991,106.6238898,osm_way_centroid,high,OpenStreetMap,https://www.openstreetmap.org/way/1309226749,2026-09-20T14:14:03+07:00,
osm:way/907923129,benh_vien,Phòng khám,Trạm Y tế phường Xuân Hòa,"18 Võ Văn Tần, Thành phố Hồ Chí Minh",street_from_osm,Phường Xuân Hòa,27139,Thành phố Hồ Chí Minh,"Phường Võ Thị Sáu, Quận 3, Thành phố Hồ Chí Minh",Phường Võ Thị Sáu,Quận 3,Thành phố Hồ Chí Minh,10.7804967,106.6927491,osm_way_centroid,high,OpenStreetMap,https://www.openstreetmap.org/way/907923129,2026-09-20T14:14:03+07:00,
osm:way/754264574,benh_vien,Phòng khám,Trạm Y tế thị trấn cần Thạnh,Thành phố Hồ Chí Minh,ward_from_boundary,Xã Cần Giờ,27664,Thành phố Hồ Chí Minh,"Thị trấn Cần Thạnh, Huyện Cần Giờ, Thành phố Hồ Chí Minh",Thị trấn Cần Thạnh,Huyện Cần Giờ,Thành phố Hồ Chí Minh,10.4117008,106.9703056,osm_way_centroid,high,OpenStreetMap,https://www.openstreetmap.org/way/754264574,2026-09-20T14:14:03+07:00,
osm:way/1314671873,benh_vien,Phòng khám,Trạm Y tế xã Bà Điểm,"Xã Bà Điểm, Huyện Hóc Môn, Xã Bà Điểm",ward_from_boundary,Xã Bà Điểm,27592,Thành phố Hồ Chí Minh,"Xã Bà Điểm, Huyện Hóc Môn, Thành phố Hồ Chí Minh",Xã Bà Điểm,Huyện Hóc Môn,Thành phố Hồ Chí Minh,10.8349481,106.5943997,osm_way_centroid,high,OpenStreetMap,https://www.openstreetmap.org/way/1314671873,2026-09-20T14:14:03+07:00,
osm:way/1544097940,benh_vien,Phòng khám,Trạm Y tế xã Củ Chi (điểm chính),"347 Phan Văn Khải, Xã Củ Chi, Thành phố Hồ Chí Minh",street_from_osm,Xã Củ Chi,27553,Thành phố Hồ Chí Minh,"Xã Tân Thông Hội, Huyện Củ Chi, Thành phố Hồ Chí Minh",Xã Tân Thông Hội,Huyện Củ Chi,Thành phố Hồ Chí Minh,10.9583725,106.5059647,osm_way_centroid,high,OpenStreetMap,https://www.openstreetmap.org/way/1544097940,2026-09-20T14:14:03+07:00,
osm:way/1544097999,benh_vien,Phòng khám,Trạm Y tế xã Củ Chi (điểm y tế 1),Thành phố Hồ Chí Minh,ward_from_boundary,Xã Củ Chi,27553,Thành phố Hồ Chí Minh,"Xã Phước Vĩnh An, Huyện Củ Chi, Thành phố Hồ Chí Minh",Xã Phước Vĩnh An,Huyện Củ Chi,Thành phố Hồ Chí Minh,10.9853117,106.5210897,osm_way_centroid,high,OpenStreetMap,https://www.openstreetmap.org/way/1544097999,2026-09-20T14:14:03+07:00,
osm:way/1544097995,benh_vien,Phòng khám,Trạm Y tế xã Củ Chi (điểm y tế 2),"Đường Số 78, Xã Củ Chi, Thành phố Hồ Chí Minh",street_from_osm,Xã Củ Chi,27553,Thành phố Hồ Chí Minh,"Xã Tân Phú Trung, Huyện Củ Chi, Thành phố Hồ Chí Minh",Xã Tân Phú Trung,Huyện Củ Chi,Thành phố Hồ Chí Minh,10.9432358,106.5400168,osm_way_centroid,high,OpenStreetMap,https://www.openstreetmap.org/way/1544097995,2026-09-20T14:14:03+07:00,
osm:way/1085246192,benh_vien,Phòng khám,Trạm Y tế xã Hóc Môn,"75 Bà Triệu, Thành phố Hồ Chí Minh",street_from_osm,Xã Hóc Môn,27559,Thành phố Hồ Chí Minh,"Thị trấn Hóc Môn, Huyện Hóc Môn, Thành phố Hồ Chí Minh",Thị trấn Hóc Môn,Huyện Hóc Môn,Thành phố Hồ Chí Minh,10.8816192,106.5930587,osm_way_centroid,high,OpenStreetMap,https://www.openstreetmap.org/way/1085246192,2026-09-20T14:14:03+07:00,
osm:way/837884954,benh_vien,Phòng khám,Trạm Y tế xã Long Hoà,Thành phố Hồ Chí Minh,ward_from_boundary,Xã Cần Giờ,27664,Thành phố Hồ Chí Minh,"Xã Long Hòa, Huyện Cần Giờ, Thành phố Hồ Chí Minh",Xã Long Hòa,Huyện Cần Giờ,Thành phố Hồ Chí Minh,10.3850622,106.909522,osm_way_centroid,high,OpenStreetMap,https://www.openstreetmap.org/way/837884954,2026-09-20T14:14:03+07:00,
osm:way/1314671841,benh_vien,Phòng khám,Trạm Y tế xã Nhị Bình,"29 Bùi Công Trừng, Xã Nhị Bình, Huyện Hóc Môn, Xã Nhị Bình",street_from_osm,Xã Đông Thạnh,27568,Thành phố Hồ Chí Minh,"Xã Nhị Bình, Huyện Hóc Môn, Thành phố Hồ Chí Minh",Xã Nhị Bình,Huyện Hóc Môn,Thành phố Hồ Chí Minh,10.9113416,106.6734558,osm_way_centroid,high,OpenStreetMap,https://www.openstreetmap.org/way/1314671841,2026-09-20T14:14:03+07:00,
osm:way/1086980045,benh_vien,Phòng khám,Trạm Y tế xã Tân An Hội,"Vũ Duy Chí, Xã Tân An Hội, Thành phố Hồ Chí Minh",street_from_osm,Xã Tân An Hội,27496,Thành phố Hồ Chí Minh,"Thị trấn Củ Chi, Huyện Củ Chi, Thành phố Hồ Chí Minh",Thị trấn Củ Chi,Huyện Củ Chi,Thành phố Hồ Chí Minh,10.9760869,106.5021661,osm_way_centroid,high,OpenStreetMap,https://www.openstreetmap.org/way/1086980045,2026-09-20T14:14:03+07:00,
osm:way/1431677103,benh_vien,Phòng khám,Trạm y tế Phường Thạnh Lộc (Cũ),"538/2 Thạnh Lộc 29, Phường An Phú Đông, Thành phố Hồ Chí Minh",street_from_osm,Phường Thới An,26773,Thành phố Hồ Chí Minh,"Phường Thạnh Xuân, Quận 12, Thành phố Hồ Chí Minh",Phường Thạnh Xuân,Quận 12,Thành phố Hồ Chí Minh,10.8772955,106.678127,osm_way_centroid,high,OpenStreetMap,https://www.openstreetmap.org/way/1431677103,2026-09-20T14:14:03+07:00,
osm:way/1536912820,benh_vien,Phòng khám,Trạm y tế phường 7,"123 Đường Bùi Hữu Nghĩa, Thành phố Hồ Chí Minh",street_from_osm,Phường An Đông,27316,Thành phố Hồ Chí Minh,"Phường 5, Quận 5, Thành phố Hồ Chí Minh",Phường 5,Quận 5,Thành phố Hồ Chí Minh,10.7540809,106.6744931,osm_way_centroid,high,OpenStreetMap,https://www.openstreetmap.org/way/1536912820,2026-09-20T14:14:03+07:00,
osm:node/14048221529,benh_vien,Phòng khám,Trạm y tế phường Bình Thới (điểm y tế 2),"111/2A Lạc Long Quân, Phường Bình Thới, Thành phố Hồ Chí Minh",street_from_osm,Phường Bình Thới,27232,Thành phố Hồ Chí Minh,"Phường 3, Quận 11, Thành phố Hồ Chí Minh",Phường 3,Quận 11,Thành phố Hồ Chí Minh,10.7609116,106.6418396,osm_node,high,OpenStreetMap,https://www.openstreetmap.org/node/14048221529,2026-09-20T14:14:03+07:00,
osm:way/516932899,benh_vien,Phòng khám,Trạm y tế phường Bình Trị Đông,"Bình Trị Đông, Bình Tân, Ho Chi Minh City",ward_from_boundary,Phường Bình Trị Đông,27448,Thành phố Hồ Chí Minh,"Phường Bình Trị Đông, Quận Bình Tân, Thành phố Hồ Chí Minh",Phường Bình Trị Đông,Quận Bình Tân,Thành phố Hồ Chí Minh,10.7640348,106.6219342,osm_way_centroid,high,OpenStreetMap,https://www.openstreetmap.org/way/516932899,2026-09-20T14:14:03+07:00,
osm:way/1545402610,benh_vien,Phòng khám,Trạm y tế phường Chợ Lớn (Điểm y tế 1),"225B Đường Trần Hưng Ðạo, Thành phố Hồ Chí Minh",street_from_osm,Phường Chợ Lớn,27343,Thành phố Hồ Chí Minh,"Phường 11, Quận 5, Thành phố Hồ Chí Minh",Phường 11,Quận 5,Thành phố Hồ Chí Minh,10.7520341,106.6639836,osm_way_centroid,high,OpenStreetMap,https://www.openstreetmap.org/way/1545402610,2026-09-20T14:14:03+07:00,
osm:way/1245344404,benh_vien,Phòng khám,Trạm y tế phường Tân Sơn Nhì,"8 Nguyễn Thế Truyện, Thành phố Hồ Chí Minh",street_from_osm,Phường Phú Thọ Hòa,27022,Thành phố Hồ Chí Minh,"Phường Tân Thành, Quận Tân Phú, Thành phố Hồ Chí Minh",Phường Tân Thành,Quận Tân Phú,Thành phố Hồ Chí Minh,10.795201,106.6318375,osm_way_centroid,high,OpenStreetMap,https://www.openstreetmap.org/way/1245344404,2026-09-20T14:14:03+07:00,
osm:way/489591412,benh_vien,Phòng khám,Trạm y tế xã An Phú Tây,Thành phố Hồ Chí Minh,ward_from_boundary,Xã Bình Chánh,27637,Thành phố Hồ Chí Minh,"Xã An Phú Tây, Huyện Bình Chánh, Thành phố Hồ Chí Minh",Xã An Phú Tây,Huyện Bình Chánh,Thành phố Hồ Chí Minh,10.6829396,106.6160066,osm_way_centroid,high,OpenStreetMap,https://www.openstreetmap.org/way/489591412,2026-09-20T14:14:03+07:00,
osm:way/597712894,benh_vien,Phòng khám,Trạm y tế xã Phong Phú,"Phong Phú, Bình Chánh, Hồ Chí Minh",ward_from_boundary,Xã Bình Hưng,27619,Thành phố Hồ Chí Minh,"Xã Phong Phú, Huyện Bình Chánh, Thành phố Hồ Chí Minh",Xã Phong Phú,Huyện Bình Chánh,Thành phố Hồ Chí Minh,10.6914228,106.6454803,osm_way_centroid,high,OpenStreetMap,https://www.openstreetmap.org/way/597712894,2026-09-20T14:14:03+07:00,
osm:way/494796874,benh_vien,Phòng khám,Trạm y tế xã Vĩnh Lộc A,"Vĩnh Lộc A, Bình Chánh, Xã Vĩnh Lộc A",ward_from_boundary,Xã Vĩnh Lộc,27601,Thành phố Hồ Chí Minh,"Xã Vĩnh Lộc A, Huyện Bình Chánh, Thành phố Hồ Chí Minh",Xã Vĩnh Lộc A,Huyện Bình Chánh,Thành phố Hồ Chí Minh,10.8126364,106.5772559,osm_way_centroid,high,OpenStreetMap,https://www.openstreetmap.org/way/494796874,2026-09-20T14:14:03+07:00,
osm:way/1470052575,benh_vien,Phòng khám,Trần Thuỵ Nhã Phương,"557 Đường Nguyễn Trãi, Thành phố Hồ Chí Minh",street_from_osm,Phường An Đông,27316,Thành phố Hồ Chí Minh,"Phường 7, Quận 5, Thành phố Hồ Chí Minh",Phường 7,Quận 5,Thành phố Hồ Chí Minh,10.7541314,106.6678681,osm_way_centroid,high,OpenStreetMap,https://www.openstreetmap.org/way/1470052575,2026-09-20T14:14:03+07:00,
osm:way/1536253267,benh_vien,Phòng khám,Trần Thịnh,"980 Đường Trần Hưng Ðạo, Thành phố Hồ Chí Minh",street_from_osm,Phường An Đông,27316,Thành phố Hồ Chí Minh,"Phường 5, Quận 5, Thành phố Hồ Chí Minh",Phường 5,Quận 5,Thành phố Hồ Chí Minh,10.7531339,106.6723825,osm_way_centroid,high,OpenStreetMap,https://www.openstreetmap.org/way/1536253267,2026-09-20T14:14:03+07:00,
osm:node/13523383060,benh_vien,Phòng khám,Tâm An,"1002 Đường Nguyễn Trãi, Thành phố Hồ Chí Minh",street_from_osm,Phường Chợ Lớn,27343,Thành phố Hồ Chí Minh,"Phường 14, Quận 5, Thành phố Hồ Chí Minh",Phường 14,Quận 5,Thành phố Hồ Chí Minh,10.7529522,106.6524845,osm_node,high,OpenStreetMap,https://www.openstreetmap.org/node/13523383060,2026-09-20T14:14:03+07:00,
osm:node/5687768223,benh_vien,Phòng khám,Tổng Hội Y Học Bác Sĩ Trung Quốc,Thành phố Hồ Chí Minh,ward_from_boundary,Phường Vườn Lài,27190,Thành phố Hồ Chí Minh,"Phường 9, Quận 10, Thành phố Hồ Chí Minh",Phường 9,Quận 10,Thành phố Hồ Chí Minh,10.7675718,106.6683486,osm_node,high,OpenStreetMap,https://www.openstreetmap.org/node/5687768223,2026-09-20T14:14:03+07:00,
osm:way/1463053915,benh_vien,Phòng khám,Từ Tâm Đường,"153A Đường Nguyễn Trãi, Thành phố Hồ Chí Minh",street_from_osm,Phường Chợ Quán,27301,Thành phố Hồ Chí Minh,"Phường 2, Quận 5, Thành phố Hồ Chí Minh",Phường 2,Quận 5,Thành phố Hồ Chí Minh,10.7572958,106.6788191,osm_way_centroid,high,OpenStreetMap,https://www.openstreetmap.org/way/1463053915,2026-09-20T14:14:03+07:00,
osm:node/14026247959,benh_vien,Phòng khám,Vạn Đức Đường,"320 Đường Trần Hưng Ðạo, Thành phố Hồ Chí Minh",street_from_osm,Phường Chợ Lớn,27343,Thành phố Hồ Chí Minh,"Phường 11, Quận 5, Thành phố Hồ Chí Minh",Phường 11,Quận 5,Thành phố Hồ Chí Minh,10.7521909,106.6623725,osm_node,high,OpenStreetMap,https://www.openstreetmap.org/node/14026247959,2026-09-20T14:14:03+07:00,
osm:node/12315789355,benh_vien,Phòng khám,Wedo Skin Clinic,"17 Thái Thuận, Phường An Phú, Thành phố Thủ Đức, Phường An Phú",street_from_osm,Phường An Khánh,27094,Thành phố Hồ Chí Minh,"Phường An Phú, Thành phố Thủ Đức, Thành phố Hồ Chí Minh",Phường An Phú,Thành phố Thủ Đức,Thành phố Hồ Chí Minh,10.7982784,106.7384179,osm_node,high,OpenStreetMap,https://www.openstreetmap.org/node/12315789355,2026-09-20T14:14:03+07:00,
osm:node/12315783825,benh_vien,Phòng khám,Wedo Skin Clinic Quan 1,"11 Trần Doãn Khanh, Tân Định, Ho Chi Minh City",street_from_osm,Phường Sài Gòn,26740,Thành phố Hồ Chí Minh,"Phường Đa Kao, Quận 1, Thành phố Hồ Chí Minh",Phường Đa Kao,Quận 1,Thành phố Hồ Chí Minh,10.7889205,106.6974826,osm_node,high,OpenStreetMap,https://www.openstreetmap.org/node/12315783825,2026-09-20T14:14:03+07:00,
osm:way/1444550394,benh_vien,Phòng khám,Âu Châu,"508 Đường Ngô Gia Tự, Thành phố Hồ Chí Minh",street_from_osm,Phường An Đông,27316,Thành phố Hồ Chí Minh,"Phường 9, Quận 5, Thành phố Hồ Chí Minh",Phường 9,Quận 5,Thành phố Hồ Chí Minh,10.7589921,106.6679632,osm_way_centroid,high,OpenStreetMap,https://www.openstreetmap.org/way/1444550394,2026-09-20T14:14:03+07:00,
osm:node/13521003912,benh_vien,Phòng khám,Điag,"1075 Đường Nguyễn Trãi, Thành phố Hồ Chí Minh",street_from_osm,Phường Bình Tây,27367,Thành phố Hồ Chí Minh,"Phường 2, Quận 6, Thành phố Hồ Chí Minh",Phường 2,Quận 6,Thành phố Hồ Chí Minh,10.7531746,106.6508074,osm_node,high,OpenStreetMap,https://www.openstreetmap.org/node/13521003912,2026-09-20T14:14:03+07:00,
osm:way/1444550263,benh_vien,Phòng khám chuyên khoa,Amber Dentist,"143 Đường Nguyễn Chí Thanh, Thành phố Hồ Chí Minh",street_from_osm,Phường An Đông,27316,Thành phố Hồ Chí Minh,"Phường 9, Quận 5, Thành phố Hồ Chí Minh",Phường 9,Quận 5,Thành phố Hồ Chí Minh,10.759165,106.6664438,osm_way_centroid,high,OpenStreetMap,https://www.openstreetmap.org/way/1444550263,2026-09-20T14:14:03+07:00,
osm:node/4347611094,benh_vien,Phòng khám chuyên khoa,Bác Sĩ Diễm - Chuyên Khoa Nhi,Thành phố Hồ Chí Minh,ward_from_boundary,Phường Chánh Hưng,27418,Thành phố Hồ Chí Minh,"Phường 4, Quận 8, Thành phố Hồ Chí Minh",Phường 4,Quận 8,Thành phố Hồ Chí Minh,10.7414182,106.6729758,osm_node,high,OpenStreetMap,https://www.openstreetmap.org/node/4347611094,2026-09-20T14:14:03+07:00,
osm:node/6689879285,benh_vien,Phòng khám chuyên khoa,Bác Sĩ Hiền,Thành phố Hồ Chí Minh,ward_from_boundary,Phường Hòa Hưng,27163,Thành phố Hồ Chí Minh,"Phường 15, Quận 10, Thành phố Hồ Chí Minh",Phường 15,Quận 10,Thành phố Hồ Chí Minh,10.7825593,106.6642237,osm_node,high,OpenStreetMap,https://www.openstreetmap.org/node/6689879285,2026-09-20T14:14:03+07:00,
osm:node/946794503,benh_vien,Phòng khám chuyên khoa,Bác Sĩ Phạm Đình Hòa,Thành phố Hồ Chí Minh,ward_from_boundary,Phường Thạnh Mỹ Tây,26956,Thành phố Hồ Chí Minh,"Phường 19, Quận Bình Thạnh, Thành phố Hồ Chí Minh",Phường 19,Quận Bình Thạnh,Thành phố Hồ Chí Minh,10.7901955,106.710302,osm_node,high,OpenStreetMap,https://www.openstreetmap.org/node/946794503,2026-09-20T14:14:03+07:00,
osm:node/14106746827,benh_vien,Phòng khám chuyên khoa,Bác Sĩ Thanh,"77 Đường số 6, Phường An Lạc, Thành phố Hồ Chí Minh",street_from_osm,Phường An Lạc,27460,Thành phố Hồ Chí Minh,"Phường An Lạc A, Quận Bình Tân, Thành phố Hồ Chí Minh",Phường An Lạc A,Quận Bình Tân,Thành phố Hồ Chí Minh,10.7497356,106.618403,osm_node,high,OpenStreetMap,https://www.openstreetmap.org/node/14106746827,2026-09-20T14:14:03+07:00,
osm:node/4554827394,benh_vien,Phòng khám chuyên khoa,Bác Sĩ Toàn,Thành phố Hồ Chí Minh,ward_from_boundary,Phường Bình Đông,27424,Thành phố Hồ Chí Minh,"Phường 6, Quận 8, Thành phố Hồ Chí Minh",Phường 6,Quận 8,Thành phố Hồ Chí Minh,10.7301351,106.6529174,osm_node,high,OpenStreetMap,https://www.openstreetmap.org/node/4554827394,2026-09-20T14:14:03+07:00,
osm:node/5059248821,benh_vien,Phòng khám chuyên khoa,Bác dĩ da liễu Thu Thảo,"06 Đường số 12, Thành phố Hồ Chí Minh",street_from_osm,Phường Linh Xuân,26800,Thành phố Hồ Chí Minh,"Phường Linh Xuân, Thành phố Thủ Đức, Thành phố Hồ Chí Minh",Phường Linh Xuân,Thành phố Thủ Đức,Thành phố Hồ Chí Minh,10.8903406,106.7654585,osm_node,high,OpenStreetMap,https://www.openstreetmap.org/node/5059248821,2026-09-20T14:14:03+07:00,
osm:node/10201281118,benh_vien,Phòng khám chuyên khoa,Bệnh Viện Thẩm Mỹ Gangwhoo,"576 - 578 Đường Cộng Hòa, Phường 13, Tân Bình, Ho Chi Minh City",street_from_osm,Phường Tân Bình,27004,Thành phố Hồ Chí Minh,"Phường 13, Quận Tân Bình, Thành phố Hồ Chí Minh",Phường 13,Quận Tân Bình,Thành phố Hồ Chí Minh,10.8031329,106.6390376,osm_node,high,OpenStreetMap,https://www.openstreetmap.org/node/10201281118,2026-09-20T14:14:03+07:00,
osm:node/12348248415,benh_vien,Phòng khám chuyên khoa,DR 4 YOU,Thành phố Hồ Chí Minh,ward_from_boundary,Phường Bình Trưng,27097,Thành phố Hồ Chí Minh,"Phường Bình Trưng Tây, Thành phố Thủ Đức, Thành phố Hồ Chí Minh",Phường Bình Trưng Tây,Thành phố Thủ Đức,Thành phố Hồ Chí Minh,10.7773626,106.7517782,osm_node,high,OpenStreetMap,https://www.openstreetmap.org/node/12348248415,2026-09-20T14:14:03+07:00,
osm:way/316899160,benh_vien,Phòng khám chuyên khoa,Dental Clinic: Phòng Nha khoa NS Đậu Đình Ân,"117/2 Vườn Chuối, Phường 4, Quận 3, Hồ Chí Minh city",street_from_osm,Phường Bàn Cờ,27154,Thành phố Hồ Chí Minh,"Phường 4, Quận 3, Thành phố Hồ Chí Minh",Phường 4,Quận 3,Thành phố Hồ Chí Minh,10.7748358,106.6819657,osm_way_centroid,high,OpenStreetMap,https://www.openstreetmap.org/way/316899160,2026-09-20T14:14:03+07:00,
osm:node/5009400221,benh_vien,Phòng khám chuyên khoa,Nha Khoa Bác Sĩ Hùng,Thành phố Hồ Chí Minh,ward_from_boundary,Phường Bến Thành,26743,Thành phố Hồ Chí Minh,"Phường Phạm Ngũ Lão, Quận 1, Thành phố Hồ Chí Minh",Phường Phạm Ngũ Lão,Quận 1,Thành phố Hồ Chí Minh,10.7669494,106.6878258,osm_node,high,OpenStreetMap,https://www.openstreetmap.org/node/5009400221,2026-09-20T14:14:03+07:00,
osm:node/6345378486,benh_vien,Phòng khám chuyên khoa,Nha Khoa Cống Quỳnh,"254-256 Cống Quỳnh, Thành phố Hồ Chí Minh",street_from_osm,Phường Cầu Ông Lãnh,26758,Thành phố Hồ Chí Minh,"Phường Nguyễn Cư Trinh, Quận 1, Thành phố Hồ Chí Minh",Phường Nguyễn Cư Trinh,Quận 1,Thành phố Hồ Chí Minh,10.7673508,106.6868571,osm_node,high,OpenStreetMap,https://www.openstreetmap.org/node/6345378486,2026-09-20T14:14:03+07:00,
osm:node/4713257392,benh_vien,Phòng khám chuyên khoa,Nha Khoa Dr.Toàn,Thành phố Hồ Chí Minh,ward_from_boundary,Phường Xuân Hòa,27139,Thành phố Hồ Chí Minh,"Phường Võ Thị Sáu, Quận 3, Thành phố Hồ Chí Minh",Phường Võ Thị Sáu,Quận 3,Thành phố Hồ Chí Minh,10.7768302,106.687918,osm_node,high,OpenStreetMap,https://www.openstreetmap.org/node/4713257392,2026-09-20T14:14:03+07:00,
osm:node/4261904389,benh_vien,Phòng khám chuyên khoa,Nha Khoa Hồng,"101 Đường Bùi Viện, Thành phố Hồ Chí Minh",street_from_osm,Phường Bến Thành,26743,Thành phố Hồ Chí Minh,"Phường Phạm Ngũ Lão, Quận 1, Thành phố Hồ Chí Minh",Phường Phạm Ngũ Lão,Quận 1,Thành phố Hồ Chí Minh,10.7668177,106.6927979,osm_node,high,OpenStreetMap,https://www.openstreetmap.org/node/4261904389,2026-09-20T14:14:03+07:00,
osm:node/4558430508,benh_vien,Phòng khám chuyên khoa,Nha Khoa Ismile,"134 Nguyễn Xí, Thành phố Hồ Chí Minh",street_from_osm,Phường Bình Thạnh,26929,Thành phố Hồ Chí Minh,"Phường 26, Quận Bình Thạnh, Thành phố Hồ Chí Minh",Phường 26,Quận Bình Thạnh,Thành phố Hồ Chí Minh,10.8138978,106.709043,osm_node,high,OpenStreetMap,https://www.openstreetmap.org/node/4558430508,2026-09-20T14:14:03+07:00,
osm:node/5349532656,benh_vien,Phòng khám chuyên khoa,Nha Khoa Liên Nguyễn,Thành phố Hồ Chí Minh,ward_from_boundary,Phường Tân Sơn Hòa,26977,Thành phố Hồ Chí Minh,"Phường 3, Quận Tân Bình, Thành phố Hồ Chí Minh",Phường 3,Quận Tân Bình,Thành phố Hồ Chí Minh,10.7927847,106.6623665,osm_node,high,OpenStreetMap,https://www.openstreetmap.org/node/5349532656,2026-09-20T14:14:03+07:00,
osm:node/10129735799,benh_vien,Phòng khám chuyên khoa,Nha Khoa Lux Smile Studio,"19 Đường Số 34A, An Phu, 2, Ho Chi Minh City",street_from_osm,Phường An Khánh,27094,Thành phố Hồ Chí Minh,"Phường An Phú, Thành phố Thủ Đức, Thành phố Hồ Chí Minh",Phường An Phú,Thành phố Thủ Đức,Thành phố Hồ Chí Minh,10.7930316,106.7406993,osm_node,high,OpenStreetMap,https://www.openstreetmap.org/node/10129735799,2026-09-20T14:14:03+07:00,
osm:node/7941577495,benh_vien,Phòng khám chuyên khoa,Nha Khoa Lê Hoàng,"188 Đường Lê Hồng Phong, Phường 4, Quận 5, Thành phố Hồ Chí Minh",street_from_osm,Phường Chợ Quán,27301,Thành phố Hồ Chí Minh,"Phường 4, Quận 5, Thành phố Hồ Chí Minh",Phường 4,Quận 5,Thành phố Hồ Chí Minh,10.7592419,106.6776196,osm_node,high,OpenStreetMap,https://www.openstreetmap.org/node/7941577495,2026-09-20T14:14:03+07:00,
osm:node/6793546377,benh_vien,Phòng khám chuyên khoa,Nha Khoa Minh Khai,"199 Nguyễn Thị Minh Khai, Thành phố Hồ Chí Minh",street_from_osm,Phường Bàn Cờ,27154,Thành phố Hồ Chí Minh,"Phường 2, Quận 3, Thành phố Hồ Chí Minh",Phường 2,Quận 3,Thành phố Hồ Chí Minh,10.7679839,106.6843329,osm_node,high,OpenStreetMap,https://www.openstreetmap.org/node/6793546377,2026-09-20T14:14:03+07:00,
osm:node/3204046187,benh_vien,Phòng khám chuyên khoa,Nha Khoa Nụ Cười Duyên,"15-17 Đường Cách Mạng Tháng Tám, 1, hồ chi minh",street_from_osm,Phường Bến Thành,26743,Thành phố Hồ Chí Minh,"Phường Bến Thành, Quận 1, Thành phố Hồ Chí Minh",Phường Bến Thành,Quận 1,Thành phố Hồ Chí Minh,10.7716248,106.6930005,osm_node,high,OpenStreetMap,https://www.openstreetmap.org/node/3204046187,2026-09-20T14:14:03+07:00,
osm:node/946794453,benh_vien,Phòng khám chuyên khoa,Nha Khoa PT,Thành phố Hồ Chí Minh,ward_from_boundary,Phường Khánh Hội,27265,Thành phố Hồ Chí Minh,"Phường 9, Quận 4, Thành phố Hồ Chí Minh",Phường 9,Quận 4,Thành phố Hồ Chí Minh,10.7616876,106.7012758,osm_node,high,OpenStreetMap,https://www.openstreetmap.org/node/946794453,2026-09-20T14:14:03+07:00,
osm:node/5349532965,benh_vien,Phòng khám chuyên khoa,Nha Khoa Phước Trang,Thành phố Hồ Chí Minh,ward_from_boundary,Phường Tân Sơn Hòa,26977,Thành phố Hồ Chí Minh,"Phường 3, Quận Tân Bình, Thành phố Hồ Chí Minh",Phường 3,Quận Tân Bình,Thành phố Hồ Chí Minh,10.7926767,106.6627903,osm_node,high,OpenStreetMap,https://www.openstreetmap.org/node/5349532965,2026-09-20T14:14:03+07:00,
osm:node/8149539328,benh_vien,Phòng khám chuyên khoa,Nha Khoa Sao Việt,Thành phố Hồ Chí Minh,ward_from_boundary,Phường An Hội Đông,26878,Thành phố Hồ Chí Minh,"Phường 16, Quận Gò Vấp, Thành phố Hồ Chí Minh",Phường 16,Quận Gò Vấp,Thành phố Hồ Chí Minh,10.8473989,106.6568463,osm_node,high,OpenStreetMap,https://www.openstreetmap.org/node/8149539328,2026-09-20T14:14:03+07:00,
osm:node/4214863989,benh_vien,Phòng khám chuyên khoa,Nha Khoa Starlight,Thành phố Hồ Chí Minh,ward_from_boundary,Phường Sài Gòn,26740,Thành phố Hồ Chí Minh,"Phường Đa Kao, Quận 1, Thành phố Hồ Chí Minh",Phường Đa Kao,Quận 1,Thành phố Hồ Chí Minh,10.7829567,106.6964173,osm_node,high,OpenStreetMap,https://www.openstreetmap.org/node/4214863989,2026-09-20T14:14:03+07:00,
osm:node/5352152241,benh_vien,Phòng khám chuyên khoa,Nha Khoa Sunleaf,Thành phố Hồ Chí Minh,ward_from_boundary,Phường Phú Nhuận,27073,Thành phố Hồ Chí Minh,"Phường 8, Quận Phú Nhuận, Thành phố Hồ Chí Minh",Phường 8,Quận Phú Nhuận,Thành phố Hồ Chí Minh,10.7967945,106.6776021,osm_node,high,OpenStreetMap,https://www.openstreetmap.org/node/5352152241,2026-09-20T14:14:03+07:00,
osm:node/3204858085,benh_vien,Phòng khám chuyên khoa,Nha Khoa Sài Gòn Smile,"98A Phan Đăng Lưu, Phú Nhuận, Phường 3",street_from_osm,Phường Đức Nhuận,27043,Thành phố Hồ Chí Minh,"Phường 4, Quận Phú Nhuận, Thành phố Hồ Chí Minh",Phường 4,Quận Phú Nhuận,Thành phố Hồ Chí Minh,10.8033062,106.6843271,osm_node,high,OpenStreetMap,https://www.openstreetmap.org/node/3204858085,2026-09-20T14:14:03+07:00,
osm:node/5109208622,benh_vien,Phòng khám chuyên khoa,Nha Khoa Thẩm Mỹ Á Âu,"51 Tô Ngọc Vân, Thành phố Hồ Chí Minh",street_from_osm,Phường Linh Xuân,26800,Thành phố Hồ Chí Minh,"Phường Linh Tây, Thành phố Thủ Đức, Thành phố Hồ Chí Minh",Phường Linh Tây,Thành phố Thủ Đức,Thành phố Hồ Chí Minh,10.852681,106.7548659,osm_node,high,OpenStreetMap,https://www.openstreetmap.org/node/5109208622,2026-09-20T14:14:03+07:00,
osm:node/5269409821,benh_vien,Phòng khám chuyên khoa,Nha Khoa Thẩm Mỹ Á Âu,"11 Nguyễn Hữu Thọ, Thành phố Hồ Chí Minh",street_from_osm,Xã Nhà Bè,27655,Thành phố Hồ Chí Minh,"Xã Phước Kiển, Huyện Nhà Bè, Thành phố Hồ Chí Minh",Xã Phước Kiển,Huyện Nhà Bè,Thành phố Hồ Chí Minh,10.7187135,106.7025513,osm_node,high,OpenStreetMap,https://www.openstreetmap.org/node/5269409821,2026-09-20T14:14:03+07:00,
osm:node/7189197085,benh_vien,Phòng khám chuyên khoa,Nha Khoa Thắng Vũ,"443 Đường Đỗ Xuân Hợp, Thành phố Hồ Chí Minh",street_from_osm,Phường Phước Long,26848,Thành phố Hồ Chí Minh,"Phường Phước Bình, Thành phố Thủ Đức, Thành phố Hồ Chí Minh",Phường Phước Bình,Thành phố Thủ Đức,Thành phố Hồ Chí Minh,10.8183087,106.7732101,osm_node,high,OpenStreetMap,https://www.openstreetmap.org/node/7189197085,2026-09-20T14:14:03+07:00,
osm:node/4165620493,benh_vien,Phòng khám chuyên khoa,Nha Khoa Tân Định,"3 Lý Chính Thắng, Thành phố Hồ Chí Minh",street_from_osm,Phường Tân Định,26737,Thành phố Hồ Chí Minh,"Phường Tân Định, Quận 1, Thành phố Hồ Chí Minh",Phường Tân Định,Quận 1,Thành phố Hồ Chí Minh,10.7911417,106.6873198,osm_node,high,OpenStreetMap,https://www.openstreetmap.org/node/4165620493,2026-09-20T14:14:03+07:00,
osm:node/5352258733,benh_vien,Phòng khám chuyên khoa,Nha Khoa Việt Quốc 5,Thành phố Hồ Chí Minh,ward_from_boundary,Phường Nhiêu Lộc,27142,Thành phố Hồ Chí Minh,"Phường 9, Quận 3, Thành phố Hồ Chí Minh",Phường 9,Quận 3,Thành phố Hồ Chí Minh,10.7837702,106.6784152,osm_node,high,OpenStreetMap,https://www.openstreetmap.org/node/5352258733,2026-09-20T14:14:03+07:00,
osm:node/7024847528,benh_vien,Phòng khám chuyên khoa,Nha Khoa Vạn Hạnh,"19-19A Trần Quang Diệu, 3, Thành phố Hồ Chí Minh",street_from_osm,Phường Nhiêu Lộc,27142,Thành phố Hồ Chí Minh,"Phường 12, Quận 3, Thành phố Hồ Chí Minh",Phường 12,Quận 3,Thành phố Hồ Chí Minh,10.7868458,106.6783404,osm_node,high,OpenStreetMap,https://www.openstreetmap.org/node/7024847528,2026-09-20T14:14:03+07:00,
osm:node/4896348340,benh_vien,Phòng khám chuyên khoa,Nha Khoa Westcoast,"19, Thành phố Hồ Chí Minh",ward_from_boundary,Phường Sài Gòn,26740,Thành phố Hồ Chí Minh,"Phường Bến Nghé, Quận 1, Thành phố Hồ Chí Minh",Phường Bến Nghé,Quận 1,Thành phố Hồ Chí Minh,10.7810932,106.7041539,osm_node,high,OpenStreetMap,https://www.openstreetmap.org/node/4896348340,2026-09-20T14:14:03+07:00,
osm:node/6769851246,benh_vien,Phòng khám chuyên khoa,Nha Sĩ Tâm Việt,"366 Đường Quang Trung, Thành phố Hồ Chí Minh",street_from_osm,Phường Gò Vấp,26884,Thành phố Hồ Chí Minh,"Phường 10, Quận Gò Vấp, Thành phố Hồ Chí Minh",Phường 10,Quận Gò Vấp,Thành phố Hồ Chí Minh,10.8324854,106.6673481,osm_node,high,OpenStreetMap,https://www.openstreetmap.org/node/6769851246,2026-09-20T14:14:03+07:00,
osm:way/1444550402,benh_vien,Phòng khám chuyên khoa,Nha khoa 2000,"502 Đường Ngô Gia Tự, Thành phố Hồ Chí Minh",street_from_osm,Phường An Đông,27316,Thành phố Hồ Chí Minh,"Phường 9, Quận 5, Thành phố Hồ Chí Minh",Phường 9,Quận 5,Thành phố Hồ Chí Minh,10.7591132,106.668059,osm_way_centroid,high,OpenStreetMap,https://www.openstreetmap.org/way/1444550402,2026-09-20T14:14:03+07:00,
osm:node/9587171476,benh_vien,Phòng khám chuyên khoa,Nha khoa B.F Phú Mỹ Hưng,Thành phố Hồ Chí Minh,ward_from_boundary,Phường Tân Hưng,27475,Thành phố Hồ Chí Minh,"Phường Tân Phong, Quận 7, Thành phố Hồ Chí Minh",Phường Tân Phong,Quận 7,Thành phố Hồ Chí Minh,10.7271077,106.7058537,osm_node,high,OpenStreetMap,https://www.openstreetmap.org/node/9587171476,2026-09-20T14:14:03+07:00,
osm:node/12167583811,benh_vien,Phòng khám chuyên khoa,Nha khoa I-Dent DiamondTech,Thành phố Hồ Chí Minh,ward_from_boundary,Phường Thạnh Mỹ Tây,26956,Thành phố Hồ Chí Minh,"Phường 19, Quận Bình Thạnh, Thành phố Hồ Chí Minh",Phường 19,Quận Bình Thạnh,Thành phố Hồ Chí Minh,10.789317,106.710308,osm_node,high,OpenStreetMap,https://www.openstreetmap.org/node/12167583811,2026-09-20T14:14:03+07:00,
osm:node/5314228022,benh_vien,Phòng khám chuyên khoa,Nha khoa Phú Lâm,Thành phố Hồ Chí Minh,ward_from_boundary,Phường An Lạc,27460,Thành phố Hồ Chí Minh,"Phường An Lạc A, Quận Bình Tân, Thành phố Hồ Chí Minh",Phường An Lạc A,Quận Bình Tân,Thành phố Hồ Chí Minh,10.7447581,106.6230164,osm_node,high,OpenStreetMap,https://www.openstreetmap.org/node/5314228022,2026-09-20T14:14:03+07:00,
osm:node/14022890593,benh_vien,Phòng khám chuyên khoa,Nha khoa Sài Gòn Smile,Thành phố Hồ Chí Minh,ward_from_boundary,Phường Xóm Chiếu,27259,Thành phố Hồ Chí Minh,"Phường 13, Quận 4, Thành phố Hồ Chí Minh",Phường 13,Quận 4,Thành phố Hồ Chí Minh,10.7646607,106.7055968,osm_node,high,OpenStreetMap,https://www.openstreetmap.org/node/14022890593,2026-09-20T14:14:03+07:00,
osm:node/13455355290,benh_vien,Phòng khám chuyên khoa,Nha khoa Ân Tâm,"63 Trần Quốc Hoàn, Phường 04, Quận Tân Bình, Thành phố Hồ Chí Minh",street_from_osm,Phường Tân Sơn Hòa,26977,Thành phố Hồ Chí Minh,"Phường 2, Quận Tân Bình, Thành phố Hồ Chí Minh",Phường 2,Quận Tân Bình,Thành phố Hồ Chí Minh,10.8036367,106.6637897,osm_node,high,OpenStreetMap,https://www.openstreetmap.org/node/13455355290,2026-09-20T14:14:03+07:00,
osm:node/6275682286,benh_vien,Phòng khám chuyên khoa,Nhà Khoa Lan Anh,Thành phố Hồ Chí Minh,ward_from_boundary,Phường Tân Hưng,27475,Thành phố Hồ Chí Minh,"Phường Tân Phong, Quận 7, Thành phố Hồ Chí Minh",Phường Tân Phong,Quận 7,Thành phố Hồ Chí Minh,10.726548,106.7095505,osm_node,high,OpenStreetMap,https://www.openstreetmap.org/node/6275682286,2026-09-20T14:14:03+07:00,
osm:node/5599518422,benh_vien,Phòng khám chuyên khoa,Nhà thuốc Bảo Khang,"54/3 Trung Mỹ - Tân Xuân, Thành phố Hồ Chí Minh",street_from_osm,Xã Bà Điểm,27592,Thành phố Hồ Chí Minh,"Xã Trung Chánh, Huyện Hóc Môn, Thành phố Hồ Chí Minh",Xã Trung Chánh,Huyện Hóc Môn,Thành phố Hồ Chí Minh,10.8676221,106.6104639,osm_node,high,OpenStreetMap,https://www.openstreetmap.org/node/5599518422,2026-09-20T14:14:03+07:00,
osm:node/11363833748,benh_vien,Phòng khám chuyên khoa,OHIO,"431 Đường Kênh Tân Hóa, Phú Trung, Tân Phú, Ho Chi Minh City",street_from_osm,Phường Tân Phú,27031,Thành phố Hồ Chí Minh,"Phường Phú Trung, Quận Tân Phú, Thành phố Hồ Chí Minh",Phường Phú Trung,Quận Tân Phú,Thành phố Hồ Chí Minh,10.7804216,106.6410718,osm_node,high,OpenStreetMap,https://www.openstreetmap.org/node/11363833748,2026-09-20T14:14:03+07:00,
osm:node/14140442206,benh_vien,Phòng khám chuyên khoa,Phòng Chuẩn Trị Y Học Cổ Truyền Đinh Hườn,Thành phố Hồ Chí Minh,ward_from_boundary,Phường An Lạc,27460,Thành phố Hồ Chí Minh,"Phường An Lạc A, Quận Bình Tân, Thành phố Hồ Chí Minh",Phường An Lạc A,Quận Bình Tân,Thành phố Hồ Chí Minh,10.7551149,106.6148709,osm_node,high,OpenStreetMap,https://www.openstreetmap.org/node/14140442206,2026-09-20T14:14:03+07:00,
osm:node/6514917717,benh_vien,Phòng khám chuyên khoa,Phòng Khám Bác Sĩ Phan Văn Già Chuồn,"116 Lê Văn Thịnh, Bình Trưng Tây, 2, Hồ Chí Minh",street_from_osm,Phường Bình Trưng,27097,Thành phố Hồ Chí Minh,"Phường Bình Trưng Tây, Thành phố Thủ Đức, Thành phố Hồ Chí Minh",Phường Bình Trưng Tây,Thành phố Thủ Đức,Thành phố Hồ Chí Minh,10.7837261,106.7690292,osm_node,high,OpenStreetMap,https://www.openstreetmap.org/node/6514917717,2026-09-20T14:14:03+07:00,
osm:way/1043336595,benh_vien,Phòng khám chuyên khoa,Phòng Khám Chuyên Khoa 490,"490 Vĩnh Viễn Vĩnh Viễn, Diên Hồng, Thành phố Hồ Chí Minh",street_from_osm,Phường Diên Hồng,27169,Thành phố Hồ Chí Minh,"Phường 8, Quận 10, Thành phố Hồ Chí Minh",Phường 8,Quận 10,Thành phố Hồ Chí Minh,10.7631947,106.6650394,osm_way_centroid,high,OpenStreetMap,https://www.openstreetmap.org/way/1043336595,2026-09-20T14:14:03+07:00,
osm:node/14145448275,benh_vien,Phòng khám chuyên khoa,Phòng Khám Chuyên Khoa Tai-Mũi-Họng,Thành phố Hồ Chí Minh,ward_from_boundary,Phường Phú Lâm,27349,Thành phố Hồ Chí Minh,"Phường 12, Quận 6, Thành phố Hồ Chí Minh",Phường 12,Quận 6,Thành phố Hồ Chí Minh,10.7468043,106.6304042,osm_node,high,OpenStreetMap,https://www.openstreetmap.org/node/14145448275,2026-09-20T14:14:03+07:00,
osm:node/4605041021,benh_vien,Phòng khám chuyên khoa,Phòng Khám Nha Khoa 2000,Thành phố Hồ Chí Minh,ward_from_boundary,Phường Cầu Ông Lãnh,26758,Thành phố Hồ Chí Minh,"Phường Cô Giang, Quận 1, Thành phố Hồ Chí Minh",Phường Cô Giang,Quận 1,Thành phố Hồ Chí Minh,10.7625551,106.6910503,osm_node,high,OpenStreetMap,https://www.openstreetmap.org/node/4605041021,2026-09-20T14:14:03+07:00,
osm:node/6725130941,benh_vien,Phòng khám chuyên khoa,Phòng Khám Nha Khoa Kamy Dental Care,"326 Đường Âu Cơ, Thành phố Hồ Chí Minh",street_from_osm,Phường Tân Phú,27031,Thành phố Hồ Chí Minh,"Phường Phú Trung, Quận Tân Phú, Thành phố Hồ Chí Minh",Phường Phú Trung,Quận Tân Phú,Thành phố Hồ Chí Minh,10.7765107,106.6467775,osm_node,high,OpenStreetMap,https://www.openstreetmap.org/node/6725130941,2026-09-20T14:14:03+07:00,
osm:node/6564915185,benh_vien,Phòng khám chuyên khoa,Phòng Khám Sản Phụ Khoa Bs Nguyễn Thị Thu,"449 Đường Thống Nhất, Thành phố Hồ Chí Minh",street_from_osm,Phường An Hội Đông,26878,Thành phố Hồ Chí Minh,"Phường 16, Quận Gò Vấp, Thành phố Hồ Chí Minh",Phường 16,Quận Gò Vấp,Thành phố Hồ Chí Minh,10.8448246,106.664675,osm_node,high,OpenStreetMap,https://www.openstreetmap.org/node/6564915185,2026-09-20T14:14:03+07:00,
osm:node/5261836523,benh_vien,Phòng khám chuyên khoa,Phòng Khám Đa Khoa Duy Khang,"53 Đường D4, Thành phố Hồ Chí Minh",street_from_osm,Phường Tân Hưng,27475,Thành phố Hồ Chí Minh,"Phường Tân Hưng, Quận 7, Thành phố Hồ Chí Minh",Phường Tân Hưng,Quận 7,Thành phố Hồ Chí Minh,10.7450813,106.6964496,osm_node,high,OpenStreetMap,https://www.openstreetmap.org/node/5261836523,2026-09-20T14:14:03+07:00,
osm:node/7861167185,benh_vien,Phòng khám chuyên khoa,Phòng Khám Đa Khoa Đại Y,Thành phố Hồ Chí Minh,ward_from_boundary,Phường Chợ Lớn,27343,Thành phố Hồ Chí Minh,"Phường 13, Quận 5, Thành phố Hồ Chí Minh",Phường 13,Quận 5,Thành phố Hồ Chí Minh,10.7510917,106.656662,osm_node,high,OpenStreetMap,https://www.openstreetmap.org/node/7861167185,2026-09-20T14:14:03+07:00,
osm:node/14140251976,benh_vien,Phòng khám chuyên khoa,Phòng khám Sản phụ khoa Thắng Yến,Thành phố Hồ Chí Minh,ward_from_boundary,Phường An Lạc,27460,Thành phố Hồ Chí Minh,"Phường An Lạc A, Quận Bình Tân, Thành phố Hồ Chí Minh",Phường An Lạc A,Quận Bình Tân,Thành phố Hồ Chí Minh,10.7554372,106.6139952,osm_node,high,OpenStreetMap,https://www.openstreetmap.org/node/14140251976,2026-09-20T14:14:03+07:00,
osm:node/4572628192,benh_vien,Phòng khám chuyên khoa,Phòng khám chuyên khoa Da Stamford,"99 Sương Nguyệt Anh, Thành phố Hồ Chí Minh",street_from_osm,Phường Bàn Cờ,27154,Thành phố Hồ Chí Minh,"Phường 5, Quận 3, Thành phố Hồ Chí Minh",Phường 5,Quận 3,Thành phố Hồ Chí Minh,10.7707455,106.6881632,osm_node,high,OpenStreetMap,https://www.openstreetmap.org/node/4572628192,2026-09-20T14:14:03+07:00,
osm:node/10559809561,benh_vien,Phòng khám chuyên khoa,Tai Mũi Họng BS CK2 QUÁCH NGỌC MINH,"363 Quang Trung, Phường 10, Gò Vấp, Phường 10",street_from_osm,Phường Gò Vấp,26884,Thành phố Hồ Chí Minh,"Phường 10, Quận Gò Vấp, Thành phố Hồ Chí Minh",Phường 10,Quận Gò Vấp,Thành phố Hồ Chí Minh,10.8300095,106.6704115,osm_node,high,OpenStreetMap,https://www.openstreetmap.org/node/10559809561,2026-09-20T14:14:03+07:00,
osm:node/4726045489,benh_vien,Phòng khám chuyên khoa,Trạm Y Tế Phường Bình Hưng Hoà A,Thành phố Hồ Chí Minh,ward_from_boundary,Phường Bình Hưng Hòa,27439,Thành phố Hồ Chí Minh,"Phường Bình Hưng Hòa A, Quận Bình Tân, Thành phố Hồ Chí Minh",Phường Bình Hưng Hòa A,Quận Bình Tân,Thành phố Hồ Chí Minh,10.7937905,106.6101592,osm_node,high,OpenStreetMap,https://www.openstreetmap.org/node/4726045489,2026-09-20T14:14:03+07:00,
osm:node/12364814847,benh_vien,Phòng khám chuyên khoa,hi Dental,Thành phố Hồ Chí Minh,ward_from_boundary,Phường Bình Trưng,27097,Thành phố Hồ Chí Minh,"Phường Bình Trưng Tây, Thành phố Thủ Đức, Thành phố Hồ Chí Minh",Phường Bình Trưng Tây,Thành phố Thủ Đức,Thành phố Hồ Chí Minh,10.7778962,106.7508782,osm_node,high,OpenStreetMap,https://www.openstreetmap.org/node/12364814847,2026-09-20T14:14:03+07:00,
osm:node/13086173847,benh_vien,Phòng khám đa khoa,Đức Tâm - Chăm Sóc Sức Khỏe & Khai Thông Kinh Lạc,"143/7 Phan Đăng Lưu, phường 2, Quận Phú Nhuận, Ho Chi Minh City",street_from_osm,Phường Cầu Kiệu,27058,Thành phố Hồ Chí Minh,"Phường 2, Quận Phú Nhuận, Thành phố Hồ Chí Minh",Phường 2,Quận Phú Nhuận,Thành phố Hồ Chí Minh,10.8017404,106.6837081,osm_node,high,OpenStreetMap,https://www.openstreetmap.org/node/13086173847,2026-09-20T14:14:03+07:00,
